Ticker,Name,Sector,Asset Class,Market Value,Weight (%),Notional Value,Quantity,Price,Location,Exchange,Currency,FX Rate,Accrual Date,ETF
ASML,ASML HOLDING NV,Information Technology,Equity,"4,042,385,959.92",2.22,"4,042,385,959.92","2,758,269.00","1,465.55",Netherlands,Euronext Amsterdam,USD,0.85,--,IEFA
AZN,ASTRAZENECA PLC,Health Care,Equity,"2,227,658,506.49",1.22,"2,227,658,506.49","11,017,328.00",202.2,United Kingdom,London Stock Exchange,USD,0.74,--,IEFA
HSBA,HSBC HOLDINGS PLC,Financials,Equity,"2,224,190,081.25",1.22,"2,224,190,081.25","121,869,150.00",18.25,United Kingdom,London Stock Exchange,USD,0.74,01-Jan-98,IEFA
ROP,ROCHE PS PAR AG,Health Care,Equity,"2,059,130,861.31",1.13,"2,059,130,861.31","4,996,713.00",412.1,Switzerland,SIX Swiss Exchange,USD,0.78,--,IEFA
NOVN,NOVARTIS AG,Health Care,Equity,"2,049,796,798.23",1.13,"2,049,796,798.23","13,501,749.00",151.82,Switzerland,SIX Swiss Exchange,USD,0.78,--,IEFA
NESN,NESTLE SA,Consumer Staples,Equity,"1,805,412,861.44",0.99,"1,805,412,861.44","18,305,664.00",98.63,Switzerland,SIX Swiss Exchange,USD,0.78,--,IEFA
SHEL,SHELL PLC,Energy,Equity,"1,791,100,250.08",0.98,"1,791,100,250.08","40,448,447.00",44.28,United Kingdom,London Stock Exchange,USD,0.74,--,IEFA
SIE,SIEMENS N AG,Industrials,Equity,"1,541,605,029.65",0.85,"1,541,605,029.65","5,399,332.00",285.52,Germany,Xetra,USD,0.85,--,IEFA
CBA,COMMONWEALTH BANK OF AUSTRALIA,Financials,Equity,"1,534,415,657.10",0.84,"1,534,415,657.10","11,892,535.00",129.02,Australia,Asx - All Markets,USD,1.4,--,IEFA
8306,MITSUBISHI UFJ FINANCIAL GROUP INC,Financials,Equity,"1,445,007,295.03",0.79,"1,445,007,295.03","79,912,100.00",18.08,Japan,Tokyo Stock Exchange,USD,158.75,--,IEFA
BHP,BHP GROUP LTD,Materials,Equity,"1,438,719,514.44",0.79,"1,438,719,514.44","36,071,533.00",39.89,Australia,Asx - All Markets,USD,1.4,--,IEFA
7203,TOYOTA MOTOR CORP,Consumer Discretionary,Equity,"1,431,471,251.06",0.79,"1,431,471,251.06","67,032,125.00",21.36,Japan,Tokyo Stock Exchange,USD,158.75,--,IEFA
SAN,BANCO SANTANDER SA,Financials,Equity,"1,315,568,642.46",0.72,"1,315,568,642.46","103,903,676.00",12.66,Spain,Bolsa De Madrid,USD,0.85,--,IEFA
SAP,SAP,Information Technology,Equity,"1,311,100,286.47",0.72,"1,311,100,286.47","7,415,393.00",176.81,Germany,Xetra,USD,0.85,--,IEFA
SU,SCHNEIDER ELECTRIC,Industrials,Equity,"1,253,686,695.84",0.69,"1,253,686,695.84","3,892,612.00",322.07,France,Nyse Euronext - Euronext Paris,USD,0.85,--,IEFA
ALV,ALLIANZ,Financials,Equity,"1,237,910,338.61",0.68,"1,237,910,338.61","2,701,301.00",458.26,Germany,Xetra,USD,0.85,--,IEFA
TTE,TOTALENERGIES,Energy,Equity,"1,232,058,901.08",0.68,"1,232,058,901.08","14,065,927.00",87.59,France,Nyse Euronext - Euronext Paris,USD,0.85,--,IEFA
ENR,SIEMENS ENERGY N AG,Industrials,Equity,"1,093,196,583.00",0.6,"1,093,196,583.00","5,500,360.00",198.75,Germany,Xetra,USD,0.85,--,IEFA
IBE,IBERDROLA SA,Utilities,Equity,"1,066,015,003.61",0.59,"1,066,015,003.61","45,575,731.00",23.39,Spain,Bolsa De Madrid,USD,0.85,--,IEFA
ABBN,ABB LTD,Industrials,Equity,"1,059,649,098.09",0.58,"1,059,649,098.09","11,111,618.00",95.36,Switzerland,SIX Swiss Exchange,USD,0.78,--,IEFA
6501,HITACHI LTD,Industrials,Equity,"1,055,237,796.47",0.58,"1,055,237,796.47","32,508,000.00",32.46,Japan,Tokyo Stock Exchange,USD,158.75,--,IEFA
MC,LVMH,Consumer Discretionary,Equity,"1,020,764,055.54",0.56,"1,020,764,055.54","1,767,707.00",577.45,France,Nyse Euronext - Euronext Paris,USD,0.85,--,IEFA
RR.,ROLLS-ROYCE HOLDINGS PLC,Industrials,Equity,"1,017,774,469.11",0.56,"1,017,774,469.11","59,618,565.00",17.07,United Kingdom,London Stock Exchange,USD,0.74,--,IEFA
UBSG,UBS GROUP AG,Financials,Equity,"986,825,930.01",0.54,"986,825,930.01","22,534,937.00",43.79,Switzerland,SIX Swiss Exchange,USD,0.78,--,IEFA
BBVA,BANCO BILBAO VIZCAYA ARGENTARIA SA,Financials,Equity,"934,645,391.56",0.51,"934,645,391.56","40,478,718.00",23.09,Spain,Bolsa De Madrid,USD,0.85,--,IEFA
6758,SONY GROUP CORP,Consumer Discretionary,Equity,"930,474,761.41",0.51,"930,474,761.41","43,649,000.00",21.32,Japan,Tokyo Stock Exchange,USD,158.75,--,IEFA
NOVO B,NOVO NORDISK CLASS B,Health Care,Equity,"929,576,206.21",0.51,"929,576,206.21","22,882,569.00",40.62,Denmark,Omx Nordic Exchange Copenhagen A/S,USD,6.35,--,IEFA
6857,ADVANTEST CORP,Information Technology,Equity,"928,650,225.20",0.51,"928,650,225.20","5,439,800.00",170.71,Japan,Tokyo Stock Exchange,USD,158.75,--,IEFA
8316,SUMITOMO MITSUI FINANCIAL GROUP IN,Financials,Equity,"912,305,930.90",0.5,"912,305,930.90","25,977,400.00",35.12,Japan,Tokyo Stock Exchange,USD,158.75,--,IEFA
DTE,DEUTSCHE TELEKOM N AG,Communication,Equity,"909,540,501.07",0.5,"909,540,501.07","26,129,970.00",34.81,Germany,Xetra,USD,0.85,--,IEFA
AI,LAIR LIQUIDE SOCIETE ANONYME POUR,Materials,Equity,"902,938,680.64",0.5,"902,938,680.64","4,115,543.00",219.4,France,Nyse Euronext - Euronext Paris,USD,0.85,--,IEFA
SAF,SAFRAN SA,Industrials,Equity,"900,821,685.44",0.5,"900,821,685.44","2,525,599.00",356.68,France,Nyse Euronext - Euronext Paris,USD,0.85,--,IEFA
ULVR,UNILEVER PLC,Consumer Staples,Equity,"894,679,275.30",0.49,"894,679,275.30","15,497,733.00",57.73,United Kingdom,London Stock Exchange,USD,0.74,--,IEFA
8035,TOKYO ELECTRON LTD,Information Technology,Equity,"886,505,244.26",0.49,"886,505,244.26","3,180,300.00",278.75,Japan,Tokyo Stock Exchange,USD,158.75,--,IEFA
BATS,BRITISH AMERICAN TOBACCO,Consumer Staples,Equity,"882,839,334.88",0.49,"882,839,334.88","15,455,559.00",57.12,United Kingdom,London Stock Exchange,USD,0.74,--,IEFA
AIR,AIRBUS GROUP,Industrials,Equity,"874,478,202.49",0.48,"874,478,202.49","4,211,801.00",207.63,France,Nyse Euronext - Euronext Paris,USD,0.85,--,IEFA
BP.,BP PLC,Energy,Equity,"840,842,782.58",0.46,"840,842,782.58","111,651,493.00",7.53,United Kingdom,London Stock Exchange,USD,0.74,--,IEFA
GSK,GLAXOSMITHKLINE,Health Care,Equity,"838,604,643.81",0.46,"838,604,643.81","28,924,072.00",28.99,United Kingdom,London Stock Exchange,USD,0.74,--,IEFA
RIO,RIO TINTO PLC,Materials,Equity,"804,974,708.06",0.44,"804,974,708.06","8,049,539.00",100,United Kingdom,London Stock Exchange,USD,0.74,--,IEFA
UCG,UNICREDIT,Financials,Equity,"796,198,181.47",0.44,"796,198,181.47","9,948,196.00",80.03,Italy,Borsa Italiana,USD,0.85,--,IEFA
1299,AIA GROUP LTD,Financials,Equity,"796,011,901.34",0.44,"796,011,901.34","74,654,000.00",10.66,Hong Kong,Hong Kong Exchanges And Clearing Ltd,USD,7.83,--,IEFA
9984,SOFTBANK GROUP CORP,Communication,Equity,"792,755,562.69",0.44,"792,755,562.69","26,360,700.00",30.07,Japan,Tokyo Stock Exchange,USD,158.75,--,IEFA
BNP,BNP PARIBAS SA,Financials,Equity,"777,901,693.06",0.43,"777,901,693.06","7,136,445.00",109,France,Nyse Euronext - Euronext Paris,USD,0.85,--,IEFA
CFR,COMPAGNIE FINANCIERE RICHEMONT SA,Consumer Discretionary,Equity,"772,674,510.34",0.42,"772,674,510.34","3,815,356.00",202.52,Switzerland,SIX Swiss Exchange,USD,0.78,--,IEFA
8411,MIZUHO FINANCIAL GROUP INC,Financials,Equity,"753,807,894.74",0.41,"753,807,894.74","17,662,470.00",42.68,Japan,Tokyo Stock Exchange,USD,158.75,--,IEFA
ZURN,ZURICH INSURANCE GROUP AG,Financials,Equity,"753,260,555.80",0.41,"753,260,555.80","1,037,799.00",725.83,Switzerland,SIX Swiss Exchange,USD,0.78,--,IEFA
SAN,SANOFI SA,Health Care,Equity,"752,231,488.99",0.41,"752,231,488.99","7,790,171.00",96.56,France,Nyse Euronext - Euronext Paris,USD,0.85,--,IEFA
8058,MITSUBISHI CORP,Industrials,Equity,"707,767,476.14",0.39,"707,767,476.14","22,882,800.00",30.93,Japan,Tokyo Stock Exchange,USD,158.75,--,IEFA
OR,LOREAL SA,Consumer Staples,Equity,"704,234,621.35",0.39,"704,234,621.35","1,704,670.00",413.12,France,Nyse Euronext - Euronext Paris,USD,0.85,--,IEFA
WBC,WESTPAC BANKING CORPORATION CORP,Financials,Equity,"695,343,996.18",0.38,"695,343,996.18","24,259,861.00",28.66,Australia,Asx - All Markets,USD,1.4,--,IEFA
ISP,INTESA SANPAOLO,Financials,Equity,"675,750,340.95",0.37,"675,750,340.95","98,992,287.00",6.83,Italy,Borsa Italiana,USD,0.85,--,IEFA
D05,DBS GROUP HOLDINGS LTD,Financials,Equity,"671,673,802.26",0.37,"671,673,802.26","14,912,590.00",45.04,Singapore,Singapore Exchange,USD,1.27,01-Jan-98,IEFA
ENEL,ENEL,Utilities,Equity,"658,250,299.95",0.36,"658,250,299.95","57,464,785.00",11.45,Italy,Borsa Italiana,USD,0.85,--,IEFA
7011,MITSUBISHI HEAVY INDUSTRIES LTD,Industrials,Equity,"645,966,444.30",0.36,"645,966,444.30","22,757,200.00",28.39,Japan,Tokyo Stock Exchange,USD,158.75,--,IEFA
BA.,BAE SYSTEMS PLC,Industrials,Equity,"645,030,074.31",0.35,"645,030,074.31","21,298,835.00",30.28,United Kingdom,London Stock Exchange,USD,0.74,01-Jan-98,IEFA
8031,MITSUI LTD,Industrials,Equity,"644,274,253.68",0.35,"644,274,253.68","17,524,900.00",36.76,Japan,Tokyo Stock Exchange,USD,158.75,--,IEFA
NAB,NATIONAL AUSTRALIA BANK LTD,Financials,Equity,"640,124,957.74",0.35,"640,124,957.74","21,788,874.00",29.38,Australia,Asx - All Markets,USD,1.4,--,IEFA
9983,FAST RETAILING LTD,Consumer Discretionary,Equity,"636,531,796.28",0.35,"636,531,796.28","1,353,600.00",470.25,Japan,Tokyo Stock Exchange,USD,158.75,--,IEFA
MUV2,MUENCHENER RUECKVERSICHERUNGS-GESE,Financials,Equity,"619,843,583.66",0.34,"619,843,583.66","928,355.00",667.68,Germany,Xetra,USD,0.85,--,IEFA
NG.,NATIONAL GRID PLC,Utilities,Equity,"606,272,186.73",0.33,"606,272,186.73","35,124,310.00",17.26,United Kingdom,London Stock Exchange,USD,0.74,--,IEFA
INGA,ING GROEP NV,Financials,Equity,"600,107,762.82",0.33,"600,107,762.82","20,812,296.00",28.83,Netherlands,Euronext Amsterdam,USD,0.85,--,IEFA
SPOT,SPOTIFY TECHNOLOGY SA,Communication,Equity,"597,016,677.60",0.33,"597,016,677.60","1,112,260.00",536.76,Sweden,NYSE,USD,1,--,IEFA
CS,AXA SA,Financials,Equity,"593,608,279.22",0.33,"593,608,279.22","11,879,289.00",49.97,France,Nyse Euronext - Euronext Paris,USD,0.85,--,IEFA
8766,TOKIO MARINE HOLDINGS INC,Financials,Equity,"589,611,483.83",0.32,"589,611,483.83","13,045,000.00",45.2,Japan,Tokyo Stock Exchange,USD,158.75,--,IEFA
BARC,BARCLAYS PLC,Financials,Equity,"587,012,733.42",0.32,"587,012,733.42","98,031,774.00",5.99,United Kingdom,London Stock Exchange,USD,0.74,--,IEFA
ANZ,ANZ GROUP HOLDINGS LTD,Financials,Equity,"580,416,884.74",0.32,"580,416,884.74","21,365,983.00",27.17,Australia,Asx - All Markets,USD,1.4,01-Jan-98,IEFA
LLOY,LLOYDS BANKING GROUP PLC,Financials,Equity,"578,870,002.62",0.32,"578,870,002.62","416,485,018.00",1.39,United Kingdom,London Stock Exchange,USD,0.74,--,IEFA
RHM,RHEINMETALL AG,Industrials,Equity,"567,654,667.36",0.31,"567,654,667.36","326,757.00","1,737.24",Germany,Xetra,USD,0.85,--,IEFA
DG,VINCI SA,Industrials,Equity,"563,552,429.81",0.31,"563,552,429.81","3,499,584.00",161.03,France,Nyse Euronext - Euronext Paris,USD,0.85,--,IEFA
6861,KEYENCE CORP,Information Technology,Equity,"556,382,764.81",0.31,"556,382,764.81","1,379,400.00",403.35,Japan,Tokyo Stock Exchange,USD,158.75,--,IEFA
INVE B,INVESTOR CLASS B,Financials,Equity,"541,560,550.41",0.3,"541,560,550.41","12,979,789.00",41.72,Sweden,Nasdaq Omx Nordic,USD,9.15,--,IEFA
ABI,ANHEUSER-BUSCH INBEV SA,Consumer Staples,Equity,"529,677,505.20",0.29,"529,677,505.20","7,024,134.00",75.41,Belgium,Nyse Euronext - Euronext Brussels,USD,0.85,--,IEFA
GLEN,GLENCORE PLC,Materials,Equity,"525,888,146.34",0.29,"525,888,146.34","70,744,812.00",7.43,United Kingdom,London Stock Exchange,USD,0.74,--,IEFA
IFX,INFINEON TECHNOLOGIES AG,Information Technology,Equity,"522,451,455.88",0.29,"522,451,455.88","9,247,368.00",56.5,Germany,Xetra,USD,0.85,--,IEFA
8001,ITOCHU CORP,Industrials,Equity,"522,390,918.45",0.29,"522,390,918.45","41,977,700.00",12.44,Japan,Tokyo Stock Exchange,USD,158.75,--,IEFA
EL,ESSILORLUXOTTICA SA,Health Care,Equity,"519,455,631.90",0.29,"519,455,631.90","2,136,961.00",243.08,France,Nyse Euronext - Euronext Paris,USD,0.85,--,IEFA
6503,MITSUBISHI ELECTRIC CORP,Industrials,Equity,"516,006,369.96",0.28,"516,006,369.96","13,454,900.00",38.35,Japan,Tokyo Stock Exchange,USD,158.75,--,IEFA
4063,SHIN ETSU CHEMICAL LTD,Materials,Equity,"510,672,552.21",0.28,"510,672,552.21","11,969,100.00",42.67,Japan,Tokyo Stock Exchange,USD,158.75,--,IEFA
ITX,INDUSTRIA DE DISENO TEXTIL SA,Consumer Discretionary,Equity,"507,145,406.07",0.28,"507,145,406.07","7,931,237.00",63.94,Spain,Bolsa De Madrid,USD,0.85,--,IEFA
PRX,PROSUS NV CLASS N,Consumer Discretionary,Equity,"482,390,277.34",0.27,"482,390,277.34","9,314,583.00",51.79,Netherlands,Euronext Amsterdam,USD,0.85,--,IEFA
6098,RECRUIT HOLDINGS LTD,Industrials,Equity,"479,532,741.19",0.26,"479,532,741.19","9,983,400.00",48.03,Japan,Tokyo Stock Exchange,USD,158.75,--,IEFA
REL,RELX PLC,Industrials,Equity,"473,610,617.53",0.26,"473,610,617.53","12,942,572.00",36.59,United Kingdom,London Stock Exchange,USD,0.74,--,IEFA
NWG,NATWEST GROUP PLC,Financials,Equity,"465,466,254.04",0.26,"465,466,254.04","56,686,989.00",8.21,United Kingdom,London Stock Exchange,USD,0.74,--,IEFA
RMS,HERMES INTERNATIONAL,Consumer Discretionary,Equity,"450,010,997.24",0.25,"450,010,997.24","225,406.00","1,996.45",France,Nyse Euronext - Euronext Paris,USD,0.85,--,IEFA
7741,HOYA CORP,Health Care,Equity,"448,881,454.53",0.25,"448,881,454.53","2,403,700.00",186.75,Japan,Tokyo Stock Exchange,USD,158.75,--,IEFA
MQG,MACQUARIE GROUP LTD DEF,Financials,Equity,"441,877,360.04",0.24,"441,877,360.04","2,574,268.00",171.65,Australia,Asx - All Markets,USD,1.4,--,IEFA
WES,WESFARMERS LTD,Consumer Discretionary,Equity,"430,228,933.10",0.24,"430,228,933.10","8,049,184.00",53.45,Australia,Asx - All Markets,USD,1.4,--,IEFA
DBK,DEUTSCHE BANK AG,Financials,Equity,"429,027,017.14",0.24,"429,027,017.14","12,887,641.00",33.29,Germany,Xetra,USD,0.85,--,IEFA
ENGI,ENGIE SA,Utilities,Equity,"427,960,986.06",0.24,"427,960,986.06","12,914,987.00",33.14,France,Nyse Euronext - Euronext Paris,USD,0.85,--,IEFA
O39,OVERSEA-CHINESE BANKING LTD,Financials,Equity,"423,964,766.10",0.23,"423,964,766.10","23,766,900.00",17.84,Singapore,Singapore Exchange,USD,1.27,--,IEFA
7974,NINTENDO LTD,Communication,Equity,"419,795,490.88",0.23,"419,795,490.88","7,833,600.00",53.59,Japan,Tokyo Stock Exchange,USD,158.75,--,IEFA
GLE,SOCIETE GENERALE SA,Financials,Equity,"418,791,210.83",0.23,"418,791,210.83","4,894,979.00",85.56,France,Nyse Euronext - Euronext Paris,USD,0.85,--,IEFA
DB1,DEUTSCHE BOERSE AG,Financials,Equity,"416,548,566.90",0.23,"416,548,566.90","1,340,894.00",310.65,Germany,Xetra,USD,0.85,--,IEFA
LSEG,LONDON STOCK EXCHANGE GROUP PLC,Financials,Equity,"415,130,840.93",0.23,"415,130,840.93","3,261,595.00",127.28,United Kingdom,London Stock Exchange,USD,0.74,--,IEFA
NDA FI,NORDEA BANK,Financials,Equity,"412,129,982.70",0.23,"412,129,982.70","22,054,066.00",18.69,Finland,Nasdaq Omx Helsinki Ltd.,USD,0.85,--,IEFA
388,HONG KONG EXCHANGES AND CLEARING L,Financials,Equity,"403,313,915.76",0.22,"403,313,915.76","7,673,400.00",52.56,Hong Kong,Hong Kong Exchanges And Clearing Ltd,USD,7.83,--,IEFA
VOLV B,VOLVO CLASS B,Industrials,Equity,"399,524,380.33",0.22,"399,524,380.33","11,322,766.00",35.29,Sweden,Nasdaq Omx Nordic,USD,9.15,--,IEFA
ATCO A,ATLAS COPCO CLASS A,Industrials,Equity,"397,793,025.96",0.22,"397,793,025.96","19,254,761.00",20.66,Sweden,Nasdaq Omx Nordic,USD,9.15,--,IEFA
NOKIA,NOKIA,Information Technology,Equity,"394,824,249.15",0.22,"394,824,249.15","37,525,947.00",10.52,Finland,Nasdaq Omx Helsinki Ltd.,USD,0.85,01-Jan-98,IEFA
4502,TAKEDA PHARMACEUTICAL LTD,Health Care,Equity,"394,254,644.24",0.22,"394,254,644.24","11,226,180.00",35.12,Japan,Tokyo Stock Exchange,USD,158.75,--,IEFA
BAS,BASF N,Materials,Equity,"394,148,708.68",0.22,"394,148,708.68","6,329,547.00",62.27,Germany,Xetra,USD,0.85,--,IEFA
AAL,ANGLO AMERICAN PLC,Materials,Equity,"389,685,801.56",0.21,"389,685,801.56","7,912,279.00",49.25,United Kingdom,London Stock Exchange,USD,0.74,--,IEFA
DSV,DSV,Industrials,Equity,"389,110,891.55",0.21,"389,110,891.55","1,448,839.00",268.57,Denmark,Omx Nordic Exchange Copenhagen A/S,USD,6.35,--,IEFA
DHL,DEUTSCHE POST AG,Industrials,Equity,"383,099,158.45",0.21,"383,099,158.45","6,523,278.00",58.73,Germany,Xetra,USD,0.85,--,IEFA
ENI,ENI,Energy,Equity,"379,769,782.54",0.21,"379,769,782.54","14,463,932.00",26.26,Italy,Borsa Italiana,USD,0.85,--,IEFA
JPY,JPY CASH,Cash and/or Derivatives,Cash,"377,572,381.52",0.21,"377,572,381.52","59,937,727,704.00",0.63,Japan,--,USD,158.75,--,IEFA
5803,FUJIKURA LTD,Industrials,Equity,"372,365,062.84",0.2,"372,365,062.84","10,691,100.00",34.83,Japan,Tokyo Stock Exchange,USD,158.75,--,IEFA
8002,MARUBENI CORP,Industrials,Equity,"370,242,108.41",0.2,"370,242,108.41","9,987,100.00",37.07,Japan,Tokyo Stock Exchange,USD,158.75,--,IEFA
BN,DANONE SA,Consumer Staples,Equity,"367,089,614.44",0.2,"367,089,614.44","4,588,671.00",80,France,Nyse Euronext - Euronext Paris,USD,0.85,--,IEFA
ARGX,ARGENX,Health Care,Equity,"366,204,557.78",0.2,"366,204,557.78","439,647.00",832.95,Belgium,Nyse Euronext - Euronext Brussels,USD,0.85,--,IEFA
SREN,SWISS RE AG,Financials,Equity,"360,065,423.91",0.2,"360,065,423.91","2,118,496.00",169.96,Switzerland,SIX Swiss Exchange,USD,0.78,--,IEFA
9433,KDDI CORP,Communication,Equity,"356,020,672.78",0.2,"356,020,672.78","21,517,800.00",16.55,Japan,Tokyo Stock Exchange,USD,158.75,--,IEFA
EOAN,E.ON N,Utilities,Equity,"353,447,176.99",0.19,"353,447,176.99","15,886,598.00",22.25,Germany,Xetra,USD,0.85,--,IEFA
6981,MURATA MANUFACTURING LTD,Information Technology,Equity,"351,918,386.09",0.19,"351,918,386.09","11,790,900.00",29.85,Japan,Tokyo Stock Exchange,USD,158.75,--,IEFA
CABK,CAIXABANK SA,Financials,Equity,"345,639,991.89",0.19,"345,639,991.89","27,313,900.00",12.65,Spain,Bolsa De Madrid,USD,0.85,--,IEFA
CPG,COMPASS GROUP PLC,Consumer Discretionary,Equity,"341,590,495.42",0.19,"341,590,495.42","12,002,477.00",28.46,United Kingdom,London Stock Exchange,USD,1,--,IEFA
CSL,CSL LTD,Health Care,Equity,"339,434,453.74",0.19,"339,434,453.74","3,448,829.00",98.42,Australia,Asx - All Markets,USD,1.4,--,IEFA
BAYN,BAYER AG,Health Care,Equity,"338,914,984.84",0.19,"338,914,984.84","6,961,109.00",48.69,Germany,Xetra,USD,0.85,--,IEFA
LONN,LONZA GROUP AG,Health Care,Equity,"337,567,440.61",0.19,"337,567,440.61","499,741.00",675.48,Switzerland,SIX Swiss Exchange,USD,0.78,--,IEFA
HOLN,HOLCIM LTD AG,Materials,Equity,"336,830,363.94",0.19,"336,830,363.94","3,624,790.00",92.92,Switzerland,SIX Swiss Exchange,USD,0.78,--,IEFA
STAN,STANDARD CHARTERED PLC,Financials,Equity,"332,275,945.43",0.18,"332,275,945.43","13,635,500.00",24.37,United Kingdom,London Stock Exchange,USD,0.74,--,IEFA
SAND,SANDVIK,Industrials,Equity,"330,107,497.20",0.18,"330,107,497.20","7,572,565.00",43.59,Sweden,Nasdaq Omx Nordic,USD,9.15,--,IEFA
RACE,FERRARI NV,Consumer Discretionary,Equity,"328,957,271.18",0.18,"328,957,271.18","895,824.00",367.21,Italy,Borsa Italiana,USD,0.85,--,IEFA
RIO,RIO TINTO LTD,Materials,Equity,"326,490,826.66",0.18,"326,490,826.66","2,642,545.00",123.55,Australia,Asx - All Markets,USD,1.4,02-Jan-85,IEFA
LR,LEGRAND SA,Industrials,Equity,"324,891,252.17",0.18,"324,891,252.17","1,857,948.00",174.87,France,Nyse Euronext - Euronext Paris,USD,0.85,--,IEFA
DGE,DIAGEO PLC,Consumer Staples,Equity,"324,517,602.05",0.18,"324,517,602.05","15,791,956.00",20.55,United Kingdom,London Stock Exchange,USD,0.74,01-Jan-98,IEFA
5802,SUMITOMO ELECTRIC INDUSTRIES LTD,Consumer Discretionary,Equity,"318,173,725.16",0.17,"318,173,725.16","5,063,000.00",62.84,Japan,Tokyo Stock Exchange,USD,158.75,--,IEFA
WDS,WOODSIDE ENERGY GROUP LTD,Energy,Equity,"315,944,934.38",0.17,"315,944,934.38","13,885,447.00",22.75,Australia,Asx - All Markets,USD,1.4,--,IEFA
MBG,MERCEDES-BENZ GROUP N AG,Consumer Discretionary,Equity,"315,954,526.29",0.17,"315,954,526.29","5,160,668.00",61.22,Germany,Xetra,USD,0.85,--,IEFA
RKT,RECKITT BENCKISER GROUP PLC,Consumer Staples,Equity,"314,727,923.58",0.17,"314,727,923.58","4,568,812.00",68.89,United Kingdom,London Stock Exchange,USD,0.74,--,IEFA
6752,PANASONIC HOLDINGS CORP,Consumer Discretionary,Equity,"310,858,622.32",0.17,"310,858,622.32","16,545,600.00",18.79,Japan,Tokyo Stock Exchange,USD,158.75,--,IEFA
2914,JAPAN TOBACCO INC,Consumer Staples,Equity,"309,697,250.31",0.17,"309,697,250.31","8,491,000.00",36.47,Japan,Tokyo Stock Exchange,USD,158.75,--,IEFA
AD,KONINKLIJKE AHOLD DELHAIZE NV,Consumer Staples,Equity,"309,202,504.56",0.17,"309,202,504.56","6,360,059.00",48.62,Netherlands,Euronext Amsterdam,USD,0.85,--,IEFA
GMG,GOODMAN GROUP UNITS,Real Estate,Equity,"308,577,635.96",0.17,"308,577,635.96","14,448,491.00",21.36,Australia,Asx - All Markets,USD,1.4,--,IEFA
ASM,ASM INTERNATIONAL NV,Information Technology,Equity,"306,388,792.70",0.17,"306,388,792.70","332,414.00",921.71,Netherlands,Euronext Amsterdam,USD,0.85,--,IEFA
HLN,HALEON PLC,Health Care,Equity,"304,561,414.89",0.17,"304,561,414.89","63,263,299.00",4.81,United Kingdom,London Stock Exchange,USD,0.74,--,IEFA
TSCO,TESCO PLC,Consumer Staples,Equity,"303,535,818.12",0.17,"303,535,818.12","45,432,433.00",6.68,United Kingdom,London Stock Exchange,USD,0.74,--,IEFA
6146,DISCO CORP,Information Technology,Equity,"302,470,566.00",0.17,"302,470,566.00","658,200.00",459.54,Japan,Tokyo Stock Exchange,USD,158.75,--,IEFA
RWE,RWE AG,Utilities,Equity,"302,166,500.11",0.17,"302,166,500.11","4,475,127.00",67.52,Germany,Xetra,USD,0.85,--,IEFA
6301,KOMATSU LTD,Industrials,Equity,"297,576,616.59",0.16,"297,576,616.59","6,748,400.00",44.1,Japan,Tokyo Stock Exchange,USD,158.75,--,IEFA
6702,FUJITSU LTD,Information Technology,Equity,"294,920,619.86",0.16,"294,920,619.86","12,474,600.00",23.64,Japan,Tokyo Stock Exchange,USD,158.75,--,IEFA
ASSA B,ASSA ABLOY B,Industrials,Equity,"292,707,091.14",0.16,"292,707,091.14","7,173,284.00",40.81,Sweden,Nasdaq Omx Nordic,USD,9.15,--,IEFA
SGO,COMPAGNIE DE SAINT GOBAIN SA,Industrials,Equity,"292,354,322.35",0.16,"292,354,322.35","3,156,555.00",92.62,France,Nyse Euronext - Euronext Paris,USD,0.85,--,IEFA
8053,SUMITOMO CORP,Industrials,Equity,"291,388,075.21",0.16,"291,388,075.21","7,709,400.00",37.8,Japan,Tokyo Stock Exchange,USD,158.75,--,IEFA
SSE,SSE PLC,Utilities,Equity,"290,827,052.87",0.16,"290,827,052.87","8,546,038.00",34.03,United Kingdom,London Stock Exchange,USD,0.74,--,IEFA
CHF,CHF CASH,Cash and/or Derivatives,Cash,"288,602,380.67",0.16,"288,602,380.67","224,734,674.00",128.42,Switzerland,--,USD,0.78,--,IEFA
ALC,ALCON AG,Health Care,Equity,"283,312,604.70",0.16,"283,312,604.70","3,526,463.00",80.34,Switzerland,SIX Swiss Exchange,USD,0.78,--,IEFA
PRY,PRYSMIAN,Industrials,Equity,"282,048,084.76",0.16,"282,048,084.76","1,990,054.00",141.73,Italy,Borsa Italiana,USD,0.85,--,IEFA
9434,SOFTBANK CORP,Communication,Equity,"282,029,924.09",0.16,"282,029,924.09","200,766,100.00",1.4,Japan,Tokyo Stock Exchange,USD,158.75,--,IEFA
EUR,EUR CASH,Cash and/or Derivatives,Cash,"278,731,498.64",0.15,"278,731,498.64","236,785,030.00",117.71,European Union,--,USD,0.85,--,IEFA
UCB,UCB SA,Health Care,Equity,"274,161,345.03",0.15,"274,161,345.03","899,238.00",304.88,Belgium,Nyse Euronext - Euronext Brussels,USD,0.85,--,IEFA
PRU,PRUDENTIAL PLC,Financials,Equity,"274,079,884.19",0.15,"274,079,884.19","18,144,748.00",15.11,United Kingdom,London Stock Exchange,USD,0.74,--,IEFA
ORA,ORANGE SA,Communication,Equity,"271,420,414.02",0.15,"271,420,414.02","12,997,418.00",20.88,France,Nyse Euronext - Euronext Paris,USD,0.85,01-Jan-98,IEFA
6954,FANUC CORP,Industrials,Equity,"270,947,067.94",0.15,"270,947,067.94","6,614,100.00",40.97,Japan,Tokyo Stock Exchange,USD,158.75,--,IEFA
III,3I GROUP PLC,Financials,Equity,"270,421,447.78",0.15,"270,421,447.78","7,049,938.00",38.36,United Kingdom,London Stock Exchange,USD,0.74,--,IEFA
EBS,ERSTE GROUP BANK AG,Financials,Equity,"269,864,809.92",0.15,"269,864,809.92","2,183,359.00",123.6,Austria,Wiener Boerse Ag,USD,0.85,--,IEFA
4519,CHUGAI PHARMACEUTICAL LTD,Health Care,Equity,"265,272,644.81",0.15,"265,272,644.81","4,761,500.00",55.71,Japan,Tokyo Stock Exchange,USD,158.75,--,IEFA
G,ASSICURAZIONI GENERALI,Financials,Equity,"264,507,412.45",0.15,"264,507,412.45","6,000,041.00",44.08,Italy,Borsa Italiana,USD,0.85,--,IEFA
LUMI,BANK LEUMI LE ISRAEL,Financials,Equity,"262,672,050.91",0.14,"262,672,050.91","10,326,539.00",25.44,Israel,Tel Aviv Stock Exchange,USD,2.99,--,IEFA
6367,DAIKIN INDUSTRIES LTD,Industrials,Equity,"261,228,410.34",0.14,"261,228,410.34","1,864,600.00",140.1,Japan,Tokyo Stock Exchange,USD,158.75,--,IEFA
FER,FERROVIAL,Industrials,Equity,"260,771,576.27",0.14,"260,771,576.27","3,659,199.00",71.26,Spain,Bolsa De Madrid,USD,0.85,--,IEFA
8591,ORIX CORP,Financials,Equity,"260,367,457.24",0.14,"260,367,457.24","8,200,800.00",31.75,Japan,Tokyo Stock Exchange,USD,158.75,--,IEFA
GALD,GALDERMA GROUP N AG,Health Care,Equity,"259,874,910.56",0.14,"259,874,910.56","1,305,157.00",199.11,Switzerland,SIX Swiss Exchange,USD,0.78,--,IEFA
TEVA,TEVA PHARMACEUTICAL INDUSTRIES ADR,Health Care,Equity,"259,706,855.40",0.14,"259,706,855.40","8,110,770.00",32.02,Israel,NYSE,USD,1,--,IEFA
285A,KIOXIA HOLDINGS CORP,Information Technology,Equity,"258,329,339.51",0.14,"258,329,339.51","1,344,100.00",192.2,Japan,Tokyo Stock Exchange,USD,158.75,--,IEFA
U11,UNITED OVERSEAS BANK LTD,Financials,Equity,"257,731,423.85",0.14,"257,731,423.85","8,757,700.00",29.43,Singapore,Singapore Exchange,USD,1.27,--,IEFA
6701,NEC CORP,Information Technology,Equity,"253,443,438.85",0.14,"253,443,438.85","9,298,100.00",27.26,Japan,Tokyo Stock Exchange,USD,158.75,--,IEFA
SDZ,SANDOZ GROUP AG,Health Care,Equity,"252,731,491.15",0.14,"252,731,491.15","2,956,761.00",85.48,Switzerland,SIX Swiss Exchange,USD,0.78,--,IEFA
SE,SEA ADS REPRESENTING LTD CLASS A,Consumer Discretionary,Equity,"251,053,797.96",0.14,"251,053,797.96","2,810,094.00",89.34,Singapore,NYSE,USD,1,--,IEFA
EXPN,EXPERIAN PLC,Industrials,Equity,"250,769,230.49",0.14,"250,769,230.49","6,512,346.00",38.51,United Kingdom,London Stock Exchange,USD,0.74,--,IEFA
DANSKE,DANSKE BANK,Financials,Equity,"245,151,146.13",0.13,"245,151,146.13","4,693,432.00",52.23,Denmark,Omx Nordic Exchange Copenhagen A/S,USD,6.35,--,IEFA
SLHN,SWISS LIFE HOLDING AG,Financials,Equity,"244,427,973.55",0.13,"244,427,973.55","201,841.00","1,210.99",Switzerland,SIX Swiss Exchange,USD,0.78,--,IEFA
GIVN,GIVAUDAN SA,Materials,Equity,"243,214,813.15",0.13,"243,214,813.15","65,375.00","3,720.30",Switzerland,SIX Swiss Exchange,USD,0.78,--,IEFA
4568,DAIICHI SANKYO LTD,Health Care,Equity,"241,283,190.02",0.13,"241,283,190.02","12,767,500.00",18.9,Japan,Tokyo Stock Exchange,USD,158.75,--,IEFA
NBIS,NEBIUS NV CLASS A,Information Technology,Equity,"241,062,621.88",0.13,"241,062,621.88","1,514,593.00",159.16,Netherlands,NASDAQ,USD,1,--,IEFA
CBK,COMMERZBANK AG,Financials,Equity,"237,903,306.29",0.13,"237,903,306.29","5,540,052.00",42.94,Germany,Xetra,USD,0.85,--,IEFA
ERIC B,ERICSSON B,Information Technology,Equity,"234,366,426.43",0.13,"234,366,426.43","19,788,335.00",11.84,Sweden,Nasdaq Omx Nordic,USD,9.15,01-Jan-98,IEFA
6723,RENESAS ELECTRONICS CORP,Information Technology,Equity,"233,884,602.66",0.13,"233,884,602.66","12,490,500.00",18.72,Japan,Tokyo Stock Exchange,USD,158.75,--,IEFA
WOW,WOOLWORTHS GROUP LTD,Consumer Staples,Equity,"232,723,935.25",0.13,"232,723,935.25","8,667,449.00",26.85,Australia,Asx - All Markets,USD,1.4,--,IEFA
8630,SOMPO HOLDINGS INC,Financials,Equity,"232,585,883.02",0.13,"232,585,883.02","6,283,500.00",37.02,Japan,Tokyo Stock Exchange,USD,158.75,--,IEFA
8725,MS&AD INSURANCE GROUP HOLDINGS INC,Financials,Equity,"230,413,652.08",0.13,"230,413,652.08","9,085,200.00",25.36,Japan,Tokyo Stock Exchange,USD,158.75,--,IEFA
POLI,BANK HAPOALIM BM,Financials,Equity,"229,578,636.25",0.13,"229,578,636.25","8,554,108.00",26.84,Israel,Tel Aviv Stock Exchange,USD,2.99,--,IEFA
KBC,KBC GROEP,Financials,Equity,"228,413,578.59",0.13,"228,413,578.59","1,637,464.00",139.49,Belgium,Nyse Euronext - Euronext Brussels,USD,0.85,--,IEFA
8750,DAIICHI LIFE GROUP INC,Financials,Equity,"228,381,361.30",0.13,"228,381,361.30","24,848,800.00",9.19,Japan,Tokyo Stock Exchange,USD,158.75,--,IEFA
6762,TDK CORP,Information Technology,Equity,"220,333,888.94",0.12,"220,333,888.94","13,759,600.00",16.01,Japan,Tokyo Stock Exchange,USD,158.75,--,IEFA
7267,HONDA MOTOR LTD,Consumer Discretionary,Equity,"220,262,069.36",0.12,"220,262,069.36","26,074,200.00",8.45,Japan,Tokyo Stock Exchange,USD,158.75,--,IEFA
SWED A,SWEDBANK,Financials,Equity,"218,746,052.97",0.12,"218,746,052.97","6,095,539.00",35.89,Sweden,Nasdaq Omx Nordic,USD,9.15,--,IEFA
VWS,VESTAS WIND SYSTEMS,Industrials,Equity,"217,703,898.45",0.12,"217,703,898.45","7,164,817.00",30.39,Denmark,Omx Nordic Exchange Copenhagen A/S,USD,6.35,--,IEFA
SEB A,SKANDINAVISKA ENSKILDA BANKEN,Financials,Equity,"216,977,716.57",0.12,"216,977,716.57","10,873,668.00",19.95,Sweden,Nasdaq Omx Nordic,USD,9.15,--,IEFA
7182,JAPAN POST BANK LTD,Financials,Equity,"216,584,900.31",0.12,"216,584,900.31","12,687,000.00",17.07,Japan,Tokyo Stock Exchange,USD,158.75,--,IEFA
8802,MITSUBISHI ESTATE CO LTD,Real Estate,Equity,"216,376,847.14",0.12,"216,376,847.14","7,544,200.00",28.68,Japan,Tokyo Stock Exchange,USD,158.75,--,IEFA
TCL,TRANSURBAN GROUP STAPLED UNITS,Industrials,Equity,"216,011,724.45",0.12,"216,011,724.45","21,967,087.00",9.83,Australia,Asx - All Markets,USD,1.4,--,IEFA
HEI,HEIDELBERG MATERIALS AG,Materials,Equity,"214,393,145.40",0.12,"214,393,145.40","950,073.00",225.66,Germany,Xetra,USD,0.85,--,IEFA
VOD,VODAFONE GROUP PLC,Communication,Equity,"211,461,552.83",0.12,"211,461,552.83","134,109,585.00",1.58,United Kingdom,London Stock Exchange,USD,0.74,--,IEFA
SUNB,SUNBELT RENTALS HOLDINGS INC,Industrials,Equity,"211,437,945.31",0.12,"211,437,945.31","2,990,710.00",70.7,United Kingdom,London Stock Exchange,USD,0.74,--,IEFA
SIKA,SIKA AG,Materials,Equity,"210,297,990.24",0.12,"210,297,990.24","1,076,300.00",195.39,Switzerland,SIX Swiss Exchange,USD,0.78,--,IEFA
STMPA,STMICROELECTRONICS NV,Information Technology,Equity,"210,108,752.39",0.12,"210,108,752.39","4,788,447.00",43.88,France,Nyse Euronext - Euronext Paris,USD,0.85,--,IEFA
ADS,ADIDAS N AG,Consumer Discretionary,Equity,"207,659,741.40",0.11,"207,659,741.40","1,217,873.00",170.51,Germany,Xetra,USD,0.85,--,IEFA
8801,MITSUI FUDOSAN LTD,Real Estate,Equity,"206,964,318.25",0.11,"206,964,318.25","18,741,900.00",11.04,Japan,Tokyo Stock Exchange,USD,158.75,--,IEFA
4503,ASTELLAS PHARMA INC,Health Care,Equity,"206,626,413.43",0.11,"206,626,413.43","12,763,000.00",16.19,Japan,Tokyo Stock Exchange,USD,158.75,--,IEFA
4578,OTSUKA HOLDINGS LTD,Health Care,Equity,"206,322,910.96",0.11,"206,322,910.96","3,065,300.00",67.31,Japan,Tokyo Stock Exchange,USD,158.75,--,IEFA
DNB,DNB BANK,Financials,Equity,"206,328,480.80",0.11,"206,328,480.80","6,306,328.00",32.72,Norway,Oslo Bors Asa,USD,9.33,--,IEFA
ADYEN,ADYEN NV,Financials,Equity,"204,606,261.80",0.11,"204,606,261.80","179,043.00","1,142.78",Netherlands,Euronext Amsterdam,USD,0.85,--,IEFA
IMB,IMPERIAL BRANDS PLC,Consumer Staples,Equity,"204,577,302.93",0.11,"204,577,302.93","5,406,755.00",37.84,United Kingdom,London Stock Exchange,USD,0.74,--,IEFA
HO,THALES SA,Industrials,Equity,"203,827,276.55",0.11,"203,827,276.55","657,627.00",309.94,France,Nyse Euronext - Euronext Paris,USD,0.85,--,IEFA
Z74,SINGAPORE TELECOMMUNICATIONS LTD,Communication,Equity,"203,217,921.86",0.11,"203,217,921.86","53,359,400.00",3.81,Singapore,Singapore Exchange,USD,1.27,--,IEFA
9432,NTT INC,Communication,Equity,"202,371,878.17",0.11,"202,371,878.17","209,286,800.00",0.97,Japan,Tokyo Stock Exchange,USD,158.75,--,IEFA
AMS,AMADEUS IT GROUP SA,Consumer Discretionary,Equity,"198,257,502.17",0.11,"198,257,502.17","3,191,012.00",62.13,Spain,Bolsa De Madrid,USD,0.85,--,IEFA
ATCO B,ATLAS COPCO CLASS B,Industrials,Equity,"198,147,649.30",0.11,"198,147,649.30","10,900,325.00",18.18,Sweden,Nasdaq Omx Nordic,USD,9.15,--,IEFA
LDO,LEONARDO FINMECCANICA SPA,Industrials,Equity,"196,170,511.08",0.11,"196,170,511.08","2,868,308.00",68.39,Italy,Borsa Italiana,USD,0.85,--,IEFA
EQNR,EQUINOR,Energy,Equity,"195,947,048.94",0.11,"195,947,048.94","5,441,976.00",36.01,Norway,Oslo Bors Asa,USD,9.33,--,IEFA
PGHN,PARTNERS GROUP HOLDING AG,Financials,Equity,"194,616,334.92",0.11,"194,616,334.92","161,221.00","1,207.14",Switzerland,SIX Swiss Exchange,USD,0.78,--,IEFA
BMW,BMW AG,Consumer Discretionary,Equity,"192,583,859.46",0.11,"192,583,859.46","1,959,303.00",98.29,Germany,Xetra,USD,0.85,--,IEFA
8015,TOYOTA TSUSHO CORP,Industrials,Equity,"192,013,420.27",0.11,"192,013,420.27","4,850,600.00",39.59,Japan,Tokyo Stock Exchange,USD,158.75,--,IEFA
REP,REPSOL SA,Energy,Equity,"190,507,873.74",0.1,"190,507,873.74","8,031,674.00",23.72,Spain,Bolsa De Madrid,USD,0.85,--,IEFA
VIE,VEOLIA ENVIRON. SA,Utilities,Equity,"189,667,656.78",0.1,"189,667,656.78","4,537,439.00",41.8,France,Nyse Euronext - Euronext Paris,USD,0.85,--,IEFA
SAMPO,SAMPO CLASS A,Financials,Equity,"189,561,955.44",0.1,"189,561,955.44","17,171,536.00",11.04,Finland,Nasdaq Omx Helsinki Ltd.,USD,0.85,--,IEFA
MT,ARCELORMITTAL SA,Materials,Equity,"188,445,958.61",0.1,"188,445,958.61","3,026,212.00",62.27,France,Euronext Amsterdam,USD,0.85,--,IEFA
UMG,UNIVERSAL MUSIC GROUP NV,Communication,Equity,"188,266,171.79",0.1,"188,266,171.79","7,847,590.00",23.99,Netherlands,Euronext Amsterdam,USD,0.85,--,IEFA
3382,SEVEN & I HOLDINGS LTD,Consumer Staples,Equity,"187,671,833.44",0.1,"187,671,833.44","14,741,200.00",12.73,Japan,Tokyo Stock Exchange,USD,158.75,--,IEFA
2802,AJINOMOTO INC,Consumer Staples,Equity,"186,476,918.96",0.1,"186,476,918.96","6,425,500.00",29.02,Japan,Tokyo Stock Exchange,USD,158.75,--,IEFA
ACS,ACS ACTIVIDADES DE CONSTRUCCION Y,Industrials,Equity,"186,396,654.76",0.1,"186,396,654.76","1,288,411.00",144.67,Spain,Bolsa De Madrid,USD,0.85,--,IEFA
AV.,AVIVA PLC,Financials,Equity,"185,317,240.23",0.1,"185,317,240.23","21,378,870.00",8.67,United Kingdom,London Stock Exchange,USD,0.74,--,IEFA
16,SUN HUNG KAI PROPERTIES LTD,Real Estate,Equity,"183,927,212.83",0.1,"183,927,212.83","10,622,000.00",17.32,Hong Kong,Hong Kong Exchanges And Clearing Ltd,USD,7.83,--,IEFA
ESLT,ELBIT SYSTEMS LTD,Industrials,Equity,"183,773,886.25",0.1,"183,773,886.25","207,518.00",885.58,Israel,Tel Aviv Stock Exchange,USD,2.99,--,IEFA
6273,SMC (JAPAN) CORP,Industrials,Equity,"183,104,028.47",0.1,"183,104,028.47","406,700.00",450.22,Japan,Tokyo Stock Exchange,USD,158.75,--,IEFA
FMG,FORTESCUE LTD,Materials,Equity,"182,202,520.31",0.1,"182,202,520.31","12,017,087.00",15.16,Australia,Asx - All Markets,USD,1.4,--,IEFA
TSEM,TOWER SEMICONDUCTOR LTD,Information Technology,Equity,"182,107,855.20",0.1,"182,107,855.20","810,966.00",224.56,Israel,Tel Aviv Stock Exchange,USD,2.99,--,IEFA
8308,RESONA HOLDINGS INC,Financials,Equity,"181,717,992.27",0.1,"181,717,992.27","14,766,738.00",12.31,Japan,Tokyo Stock Exchange,USD,158.75,--,IEFA
8604,NOMURA HOLDINGS INC,Financials,Equity,"179,639,682.51",0.1,"179,639,682.51","21,265,400.00",8.45,Japan,Tokyo Stock Exchange,USD,158.75,--,IEFA
ML,MICHELIN,Consumer Discretionary,Equity,"176,627,360.18",0.1,"176,627,360.18","4,654,051.00",37.95,France,Nyse Euronext - Euronext Paris,USD,0.85,--,IEFA
AER,AERCAP HOLDINGS NV,Industrials,Equity,"176,338,980.50",0.1,"176,338,980.50","1,204,090.00",146.45,Netherlands,NYSE,USD,1,--,IEFA
RYA,RYANAIR HOLDINGS PLC,Industrials,Equity,"174,900,082.58",0.1,"174,900,082.58","5,950,311.00",29.39,Ireland,Irish Stock Exchange - All Market,USD,0.85,--,IEFA
5108,BRIDGESTONE CORP,Consumer Discretionary,Equity,"174,051,705.57",0.1,"174,051,705.57","8,078,900.00",21.54,Japan,Tokyo Stock Exchange,USD,158.75,--,IEFA
7751,CANON INC,Information Technology,Equity,"172,514,768.97",0.09,"172,514,768.97","6,099,300.00",28.28,Japan,Tokyo Stock Exchange,USD,158.75,--,IEFA
BPE,BPER BANCA,Financials,Equity,"172,419,224.46",0.09,"172,419,224.46","11,860,061.00",14.54,Italy,Borsa Italiana,USD,0.85,--,IEFA
QBE,QBE INSURANCE GROUP LTD,Financials,Equity,"172,263,587.31",0.09,"172,263,587.31","10,623,870.00",16.21,Australia,Asx - All Markets,USD,1.4,--,IEFA
8267,AEON LTD,Consumer Staples,Equity,"170,504,403.59",0.09,"170,504,403.59","15,777,745.00",10.81,Japan,Tokyo Stock Exchange,USD,158.75,--,IEFA
GEBN,GEBERIT AG,Industrials,Equity,"168,286,790.81",0.09,"168,286,790.81","240,980.00",698.34,Switzerland,SIX Swiss Exchange,USD,0.78,--,IEFA
HEIA,HEINEKEN NV,Consumer Staples,Equity,"167,694,376.27",0.09,"167,694,376.27","2,062,217.00",81.32,Netherlands,Euronext Amsterdam,USD,0.85,--,IEFA
NST,NORTHERN STAR RESOURCES LTD,Materials,Equity,"167,029,327.62",0.09,"167,029,327.62","9,782,552.00",17.07,Australia,Asx - All Markets,USD,1.4,--,IEFA
KNEBV,KONE,Industrials,Equity,"166,880,665.96",0.09,"166,880,665.96","2,452,711.00",68.04,Finland,Nasdaq Omx Helsinki Ltd.,USD,0.85,--,IEFA
DTG,DAIMLER TRUCK HOLDING E AG,Industrials,Equity,"165,886,309.10",0.09,"165,886,309.10","3,255,301.00",50.96,Germany,Xetra,USD,0.85,--,IEFA
AENA,AENA SME SA,Industrials,Equity,"164,639,398.28",0.09,"164,639,398.28","5,285,817.00",31.15,Spain,Bolsa De Madrid,USD,0.85,--,IEFA
A5G,AIB GROUP PLC,Financials,Equity,"164,242,595.21",0.09,"164,242,595.21","14,162,163.00",11.6,Ireland,Irish Stock Exchange - All Market,USD,0.85,--,IEFA
HEXA B,HEXAGON CLASS B,Information Technology,Equity,"164,123,524.44",0.09,"164,123,524.44","14,691,384.00",11.17,Sweden,Nasdaq Omx Nordic,USD,9.15,--,IEFA
HBAN,HELVETIA BALOISE HOLDING N AG,Financials,Equity,"162,460,244.00",0.09,"162,460,244.00","568,830.00",285.6,Switzerland,SIX Swiss Exchange,USD,0.78,--,IEFA
HLMA,HALMA PLC,Information Technology,Equity,"162,083,319.97",0.09,"162,083,319.97","2,675,391.00",60.58,United Kingdom,London Stock Exchange,USD,0.74,--,IEFA
1,CK HUTCHISON HOLDINGS LTD,Industrials,Equity,"161,466,486.26",0.09,"161,466,486.26","19,695,516.00",8.2,Hong Kong,Hong Kong Exchanges And Clearing Ltd,USD,7.83,--,IEFA
5020,ENEOS HOLDINGS INC,Energy,Equity,"161,315,163.47",0.09,"161,315,163.47","19,146,150.00",8.43,Japan,Tokyo Stock Exchange,USD,158.75,--,IEFA
NN,NN GROUP NV,Financials,Equity,"160,947,205.79",0.09,"160,947,205.79","1,863,262.00",86.38,Netherlands,Euronext Amsterdam,USD,0.85,--,IEFA
PHIA,KONINKLIJKE PHILIPS NV,Health Care,Equity,"159,343,336.47",0.09,"159,343,336.47","5,453,814.00",29.22,Netherlands,Euronext Amsterdam,USD,0.85,--,IEFA
4901,FUJIFILM HOLDINGS CORP,Information Technology,Equity,"158,972,956.63",0.09,"158,972,956.63","7,935,900.00",20.03,Japan,Tokyo Stock Exchange,USD,158.75,--,IEFA
VOW3,VOLKSWAGEN NON-VOTING PREF AG,Consumer Discretionary,Equity,"157,027,019.85",0.09,"157,027,019.85","1,474,314.00",106.51,Germany,Xetra,USD,0.85,02-Jan-90,IEFA
6971,KYOCERA CORP,Information Technology,Equity,"156,957,788.91",0.09,"156,957,788.91","9,047,300.00",17.35,Japan,Tokyo Stock Exchange,USD,158.75,--,IEFA
BXB,BRAMBLES LTD,Industrials,Equity,"156,314,995.06",0.09,"156,314,995.06","9,631,777.00",16.23,Australia,Asx - All Markets,USD,1.4,--,IEFA
SCMN,SWISSCOM AG,Communication,Equity,"155,370,601.64",0.09,"155,370,601.64","183,175.00",848.21,Switzerland,SIX Swiss Exchange,USD,0.78,--,IEFA
ACA,CREDIT AGRICOLE SA,Financials,Equity,"155,019,703.94",0.09,"155,019,703.94","7,478,177.00",20.73,France,Nyse Euronext - Euronext Paris,USD,0.85,--,IEFA
COL,COLES GROUP LTD,Consumer Staples,Equity,"154,724,773.87",0.09,"154,724,773.87","9,466,946.00",16.34,Australia,Asx - All Markets,USD,1.4,--,IEFA
KER,KERING SA,Consumer Discretionary,Equity,"154,466,340.83",0.08,"154,466,340.83","528,689.00",292.17,France,Nyse Euronext - Euronext Paris,USD,0.85,--,IEFA
FRE,FRESENIUS SE AND CO KGAA,Health Care,Equity,"153,744,947.64",0.08,"153,744,947.64","2,983,275.00",51.54,Germany,Xetra,USD,0.85,--,IEFA
WRT1V,WARTSILA,Industrials,Equity,"153,634,627.61",0.08,"153,634,627.61","3,562,065.00",43.13,Finland,Nasdaq Omx Helsinki Ltd.,USD,0.85,--,IEFA
6902,DENSO CORP,Consumer Discretionary,Equity,"153,407,430.16",0.08,"153,407,430.16","12,409,000.00",12.36,Japan,Tokyo Stock Exchange,USD,158.75,--,IEFA
6920,LASERTEC CORP,Information Technology,Equity,"153,043,031.28",0.08,"153,043,031.28","576,800.00",265.33,Japan,Tokyo Stock Exchange,USD,158.75,--,IEFA
2388,BOC HONG KONG HOLDINGS LTD,Financials,Equity,"152,818,564.56",0.08,"152,818,564.56","26,917,000.00",5.68,Hong Kong,Hong Kong Exchanges And Clearing Ltd,USD,7.83,--,IEFA
VNA,VONOVIA SE,Real Estate,Equity,"152,525,159.31",0.08,"152,525,159.31","5,439,612.00",28.04,Germany,Xetra,USD,0.85,--,IEFA
SHB A,SVENSKA HANDELSBANKEN-A SHS,Financials,Equity,"151,344,807.16",0.08,"151,344,807.16","10,445,532.00",14.49,Sweden,Nasdaq Omx Nordic,USD,9.15,--,IEFA
9020,EAST JAPAN RAILWAY,Industrials,Equity,"151,050,768.84",0.08,"151,050,768.84","6,817,900.00",22.16,Japan,Tokyo Stock Exchange,USD,158.75,--,IEFA
NXT,NEXT PLC,Consumer Discretionary,Equity,"150,883,148.17",0.08,"150,883,148.17","826,177.00",182.63,United Kingdom,London Stock Exchange,USD,0.74,--,IEFA
BMPS,BANCA MONTE DEI PASCHI DI SIENA SP,Financials,Equity,"150,495,095.52",0.08,"150,495,095.52","13,996,825.00",10.75,Italy,Borsa Italiana,USD,0.85,--,IEFA
KPN,KONINKLIJKE KPN NV,Communication,Equity,"150,274,440.85",0.08,"150,274,440.85","27,441,864.00",5.48,Netherlands,Euronext Amsterdam,USD,0.85,--,IEFA
PUB,PUBLICIS GROUPE SA,Communication,Equity,"149,815,766.25",0.08,"149,815,766.25","1,616,331.00",92.69,France,Nyse Euronext - Euronext Paris,USD,0.85,--,IEFA
IHG,INTERCONTINENTAL HOTELS GROUP PLC,Consumer Discretionary,Equity,"149,751,801.00",0.08,"149,751,801.00","1,029,222.00",145.5,United Kingdom,London Stock Exchange,USD,1,--,IEFA
669,TECHTRONIC INDUSTRIES LTD,Industrials,Equity,"149,165,705.75",0.08,"149,165,705.75","10,439,000.00",14.29,Hong Kong,Hong Kong Exchanges And Clearing Ltd,USD,7.83,--,IEFA
1605,INPEX CORP,Energy,Equity,"149,050,154.02",0.08,"149,050,154.02","6,156,900.00",24.21,Japan,Tokyo Stock Exchange,USD,158.75,--,IEFA
NSIS B,NOVOZYMES B,Materials,Equity,"149,027,272.02",0.08,"149,027,272.02","2,477,998.00",60.14,Denmark,Omx Nordic Exchange Copenhagen A/S,USD,6.35,--,IEFA
MTX,MTU AERO ENGINES HOLDING AG,Industrials,Equity,"148,819,909.19",0.08,"148,819,909.19","381,830.00",389.75,Germany,Xetra,USD,0.85,--,IEFA
8309,SUMITOMO MITSUI TRUST GROUP INC,Financials,Equity,"148,172,763.87",0.08,"148,172,763.87","4,432,200.00",33.43,Japan,Tokyo Stock Exchange,USD,158.75,--,IEFA
LGEN,LEGAL AND GENERAL GROUP PLC,Financials,Equity,"147,358,399.98",0.08,"147,358,399.98","40,343,843.00",3.65,United Kingdom,London Stock Exchange,USD,0.74,--,IEFA
6178,JAPAN POST HOLDINGS LTD,Financials,Equity,"147,352,911.59",0.08,"147,352,911.59","12,532,300.00",11.76,Japan,Tokyo Stock Exchange,USD,158.75,--,IEFA
SAAB B,SAAB CLASS B,Industrials,Equity,"146,938,530.23",0.08,"146,938,530.23","2,280,314.00",64.44,Sweden,Nasdaq Omx Nordic,USD,9.15,--,IEFA
ABN,ABN AMRO BANK NV,Financials,Equity,"146,816,465.46",0.08,"146,816,465.46","4,143,587.00",35.43,Netherlands,Euronext Amsterdam,USD,0.85,--,IEFA
9022,CENTRAL JAPAN RAILWAY,Industrials,Equity,"146,243,508.77",0.08,"146,243,508.77","5,458,600.00",26.79,Japan,Tokyo Stock Exchange,USD,158.75,--,IEFA
CCEP,COCA COLA EUROPACIFIC PARTNERS PLC,Consumer Staples,Equity,"145,587,460.20",0.08,"145,587,460.20","1,496,274.00",97.3,Netherlands,NASDAQ,USD,1,--,IEFA
EVN,EVOLUTION MINING LTD,Materials,Equity,"145,541,722.94",0.08,"145,541,722.94","14,704,327.00",9.9,Australia,Asx - All Markets,USD,1.4,--,IEFA
7013,IHI CORP,Industrials,Equity,"144,917,437.40",0.08,"144,917,437.40","7,296,200.00",19.86,Japan,Tokyo Stock Exchange,USD,158.75,--,IEFA
ANTO,ANTOFAGASTA PLC,Materials,Equity,"144,525,096.32",0.08,"144,525,096.32","2,824,727.00",51.16,United Kingdom,London Stock Exchange,USD,0.74,--,IEFA
7936,ASICS CORP,Consumer Discretionary,Equity,"143,930,175.44",0.08,"143,930,175.44","4,957,300.00",29.03,Japan,Tokyo Stock Exchange,USD,158.75,--,IEFA
GBP,GBP CASH,Cash and/or Derivatives,Cash,"143,719,438.69",0.08,"143,719,438.69","106,277,778.00",135.23,United Kingdom,--,USD,0.74,--,IEFA
VACN,VAT GROUP AG,Industrials,Equity,"142,497,183.51",0.08,"142,497,183.51","191,579.00",743.8,Switzerland,SIX Swiss Exchange,USD,0.78,--,IEFA
SAB,BANCO DE SABADELL SA,Financials,Equity,"141,065,363.98",0.08,"141,065,363.98","36,182,474.00",3.9,Spain,Bolsa De Madrid,USD,0.85,--,IEFA
HNR1,HANNOVER RUECK,Financials,Equity,"140,167,657.75",0.08,"140,167,657.75","428,940.00",326.78,Germany,Xetra,USD,0.85,--,IEFA
CAP,CAPGEMINI,Information Technology,Equity,"139,836,819.51",0.08,"139,836,819.51","1,090,842.00",128.19,France,Nyse Euronext - Euronext Paris,USD,0.85,--,IEFA
ALL,ARISTOCRAT LEISURE LTD,Consumer Discretionary,Equity,"138,150,126.51",0.08,"138,150,126.51","3,943,034.00",35.04,Australia,Asx - All Markets,USD,1.4,--,IEFA
BESI,BE SEMICONDUCTOR INDUSTRIES NV,Information Technology,Equity,"137,798,028.90",0.08,"137,798,028.90","515,686.00",267.21,Netherlands,Euronext Amsterdam,USD,0.85,--,IEFA
WKL,WOLTERS KLUWER NV,Industrials,Equity,"136,119,144.99",0.07,"136,119,144.99","1,668,126.00",81.6,Netherlands,Euronext Amsterdam,USD,0.85,--,IEFA
BIRG,BANK OF IRELAND GROUP PLC,Financials,Equity,"133,779,611.56",0.07,"133,779,611.56","6,740,631.00",19.85,Ireland,Irish Stock Exchange - All Market,USD,0.85,--,IEFA
7269,SUZUKI MOTOR CORP,Consumer Discretionary,Equity,"133,488,552.08",0.07,"133,488,552.08","11,188,300.00",11.93,Japan,Tokyo Stock Exchange,USD,158.75,--,IEFA
5801,FURUKAWA ELECTRIC LTD,Industrials,Equity,"132,212,107.47",0.07,"132,212,107.47","487,300.00",271.32,Japan,Tokyo Stock Exchange,USD,158.75,--,IEFA
EPI A,EPIROC CLASS A,Industrials,Equity,"131,721,477.03",0.07,"131,721,477.03","4,789,484.00",27.5,Sweden,Nasdaq Omx Nordic,USD,9.15,--,IEFA
4543,TERUMO CORP,Health Care,Equity,"131,510,292.29",0.07,"131,510,292.29","9,465,700.00",13.89,Japan,Tokyo Stock Exchange,USD,158.75,--,IEFA
SGSN,SGS SA,Industrials,Equity,"130,774,286.27",0.07,"130,774,286.27","1,170,236.00",111.75,Switzerland,SIX Swiss Exchange,USD,0.78,--,IEFA
8830,SUMITOMO REALTY & DEVELOPMENT LTD,Real Estate,Equity,"128,822,914.74",0.07,"128,822,914.74","4,362,200.00",29.53,Japan,Tokyo Stock Exchange,USD,158.75,--,IEFA
ALFA,ALFA LAVAL,Industrials,Equity,"128,797,899.69",0.07,"128,797,899.69","2,084,728.00",61.78,Sweden,Nasdaq Omx Nordic,USD,9.15,--,IEFA
5401,NIPPON STEEL CORP,Materials,Equity,"128,255,221.34",0.07,"128,255,221.34","33,944,440.00",3.78,Japan,Tokyo Stock Exchange,USD,158.75,--,IEFA
4661,ORIENTAL LAND LTD,Consumer Discretionary,Equity,"127,786,235.47",0.07,"127,786,235.47","7,673,700.00",16.65,Japan,Tokyo Stock Exchange,USD,158.75,--,IEFA
MRK,MERCK,Health Care,Equity,"127,018,321.63",0.07,"127,018,321.63","917,935.00",138.37,Germany,Xetra,USD,0.85,--,IEFA
BT.A,BT GROUP PLC,Communication,Equity,"126,324,068.18",0.07,"126,324,068.18","42,664,642.00",2.96,United Kingdom,London Stock Exchange,USD,0.74,--,IEFA
STO,SANTOS LTD,Energy,Equity,"124,371,801.56",0.07,"124,371,801.56","23,000,679.00",5.41,Australia,Asx - All Markets,USD,1.4,--,IEFA
STLAM,STELLANTIS NV,Consumer Discretionary,Equity,"124,045,455.30",0.07,"124,045,455.30","14,339,064.00",8.65,Italy,Borsa Italiana,USD,0.85,--,IEFA
KOG,KONGSBERG GRUPPEN,Industrials,Equity,"123,542,880.22",0.07,"123,542,880.22","3,115,911.00",39.65,Norway,Oslo Bors Asa,USD,9.33,--,IEFA
EQT,EQT,Financials,Equity,"123,101,628.20",0.07,"123,101,628.20","3,518,203.00",34.99,Sweden,Nasdaq Omx Nordic,USD,9.15,--,IEFA
BOL,BOLIDEN,Materials,Equity,"123,051,877.01",0.07,"123,051,877.01","2,035,663.00",60.45,Sweden,Nasdaq Omx Nordic,USD,9.15,--,IEFA
1925,DAIWA HOUSE INDUSTRY LTD,Real Estate,Equity,"122,267,011.87",0.07,"122,267,011.87","3,951,400.00",30.94,Japan,Tokyo Stock Exchange,USD,158.75,--,IEFA
4452,KAO CORP,Consumer Staples,Equity,"122,087,901.98",0.07,"122,087,901.98","3,200,800.00",38.14,Japan,Tokyo Stock Exchange,USD,158.75,--,IEFA
GMAB,GENMAB,Health Care,Equity,"121,222,560.45",0.07,"121,222,560.45","433,567.00",279.59,Denmark,Omx Nordic Exchange Copenhagen A/S,USD,6.35,--,IEFA
BAMI,BANCO BPM,Financials,Equity,"121,148,719.93",0.07,"121,148,719.93","8,094,139.00",14.97,Italy,Borsa Italiana,USD,0.85,--,IEFA
RTO,RENTOKIL INITIAL PLC,Industrials,Equity,"120,228,038.79",0.07,"120,228,038.79","17,824,045.00",6.75,United Kingdom,London Stock Exchange,USD,0.74,--,IEFA
5016,JX ADVANCED METALS CORP,Materials,Equity,"119,938,733.19",0.07,"119,938,733.19","3,952,600.00",30.34,Japan,Tokyo Stock Exchange,USD,158.75,--,IEFA
TEF,TELEFONICA SA,Communication,Equity,"119,452,916.88",0.07,"119,452,916.88","26,140,231.00",4.57,Spain,Bolsa De Madrid,USD,0.85,--,IEFA
BAER,JULIUS BAER GRUPPE AG,Financials,Equity,"119,112,520.92",0.07,"119,112,520.92","1,458,838.00",81.65,Switzerland,SIX Swiss Exchange,USD,0.78,--,IEFA
UPM,UPM-KYMMENE,Materials,Equity,"118,225,131.61",0.06,"118,225,131.61","3,787,080.00",31.22,Finland,Nasdaq Omx Helsinki Ltd.,USD,0.85,--,IEFA
TRN,TERNA RETE ELETTRICA NAZIONALE,Utilities,Equity,"118,214,039.80",0.06,"118,214,039.80","9,957,753.00",11.87,Italy,Borsa Italiana,USD,0.85,--,IEFA
ESSITY B,ESSITY CLASS B,Consumer Staples,Equity,"118,123,307.15",0.06,"118,123,307.15","4,339,893.00",27.22,Sweden,Nasdaq Omx Nordic,USD,9.15,--,IEFA
1812,KAJIMA CORP,Industrials,Equity,"116,072,085.42",0.06,"116,072,085.42","3,024,600.00",38.38,Japan,Tokyo Stock Exchange,USD,158.75,--,IEFA
CLNX,CELLNEX TELECOM,Communication,Equity,"115,827,322.50",0.06,"115,827,322.50","3,428,446.00",33.78,Spain,Bolsa De Madrid,USD,0.85,--,IEFA
2,CLP HOLDINGS LTD,Utilities,Equity,"114,764,361.10",0.06,"114,764,361.10","11,991,000.00",9.57,Hong Kong,Hong Kong Exchanges And Clearing Ltd,USD,7.83,--,IEFA
NVMI,NOVA LTD,Information Technology,Equity,"114,156,426.90",0.06,"114,156,426.90","214,870.00",531.28,Israel,Tel Aviv Stock Exchange,USD,2.99,--,IEFA
FBK,FINECOBANK BANCA FINECO,Financials,Equity,"113,582,887.41",0.06,"113,582,887.41","4,377,937.00",25.94,Italy,Borsa Italiana,USD,0.85,--,IEFA
EDP,EDP ENERGIAS DE PORTUGAL SA,Utilities,Equity,"113,242,916.18",0.06,"113,242,916.18","21,720,687.00",5.21,Portugal,Nyse Euronext - Euronext Lisbon,USD,0.85,--,IEFA
9735,SECOM LTD,Industrials,Equity,"112,779,545.81",0.06,"112,779,545.81","2,978,900.00",37.86,Japan,Tokyo Stock Exchange,USD,158.75,--,IEFA
6326,KUBOTA CORP,Industrials,Equity,"112,375,237.02",0.06,"112,375,237.02","6,821,800.00",16.47,Japan,Tokyo Stock Exchange,USD,158.75,--,IEFA
RI,PERNOD RICARD SA,Consumer Staples,Equity,"112,303,795.19",0.06,"112,303,795.19","1,420,535.00",79.06,France,Nyse Euronext - Euronext Paris,USD,0.85,--,IEFA
5713,SUMITOMO METAL MINING LTD,Materials,Equity,"111,753,560.74",0.06,"111,753,560.74","1,761,700.00",63.44,Japan,Tokyo Stock Exchange,USD,158.75,--,IEFA
MONC,MONCLER,Consumer Discretionary,Equity,"111,697,754.67",0.06,"111,697,754.67","1,657,727.00",67.38,Italy,Borsa Italiana,USD,0.85,--,IEFA
SRG,SNAM,Utilities,Equity,"111,076,661.09",0.06,"111,076,661.09","14,236,673.00",7.8,Italy,Borsa Italiana,USD,0.85,--,IEFA
2502,ASAHI GROUP HOLDINGS LTD,Consumer Staples,Equity,"109,643,042.62",0.06,"109,643,042.62","10,593,600.00",10.35,Japan,Tokyo Stock Exchange,USD,158.75,--,IEFA
NHY,NORSK HYDRO,Materials,Equity,"109,318,554.78",0.06,"109,318,554.78","9,783,539.00",11.17,Norway,Oslo Bors Asa,USD,9.33,--,IEFA
9101,NIPPON YUSEN,Industrials,Equity,"109,105,123.31",0.06,"109,105,123.31","2,931,600.00",37.22,Japan,Tokyo Stock Exchange,USD,158.75,--,IEFA
4507,SHIONOGI LTD,Health Care,Equity,"108,743,488.61",0.06,"108,743,488.61","5,372,700.00",20.24,Japan,Tokyo Stock Exchange,USD,158.75,--,IEFA
ORG,ORIGIN ENERGY LTD,Utilities,Equity,"108,446,893.48",0.06,"108,446,893.48","12,270,652.00",8.84,Australia,Asx - All Markets,USD,1.4,--,IEFA
SHL,SIEMENS HEALTHINEERS AG,Health Care,Equity,"108,259,527.83",0.06,"108,259,527.83","2,401,867.00",45.07,Germany,Xetra,USD,0.85,--,IEFA
LOGN,LOGITECH INTERNATIONAL SA,Information Technology,Equity,"107,658,305.59",0.06,"107,658,305.59","1,078,106.00",99.86,Switzerland,SIX Swiss Exchange,USD,0.78,--,IEFA
1802,OBAYASHI CORP,Industrials,Equity,"107,629,922.20",0.06,"107,629,922.20","4,588,000.00",23.46,Japan,Tokyo Stock Exchange,USD,158.75,--,IEFA
1801,TAISEI CORP,Industrials,Equity,"107,330,356.86",0.06,"107,330,356.86","1,069,900.00",100.32,Japan,Tokyo Stock Exchange,USD,158.75,--,IEFA
URW,UNIBAIL RODAMCO WE STAPLED UNITS,Real Estate,Equity,"107,202,461.69",0.06,"107,202,461.69","864,037.00",124.07,France,Nyse Euronext - Euronext Paris,USD,0.85,--,IEFA
6361,EBARA CORP,Industrials,Equity,"107,064,313.21",0.06,"107,064,313.21","3,312,400.00",32.32,Japan,Tokyo Stock Exchange,USD,158.75,--,IEFA
DSY,DASSAULT SYSTEMES,Information Technology,Equity,"106,340,992.63",0.06,"106,340,992.63","4,773,457.00",22.28,France,Nyse Euronext - Euronext Paris,USD,0.85,--,IEFA
TLS,TELSTRA GROUP LTD,Communication,Equity,"105,876,119.07",0.06,"105,876,119.07","27,683,592.00",3.82,Australia,Asx - All Markets,USD,1.4,--,IEFA
7012,KAWASAKI HEAVY INDUSTRIES LTD,Industrials,Equity,"105,674,099.97",0.06,"105,674,099.97","5,359,500.00",19.72,Japan,Tokyo Stock Exchange,USD,158.75,--,IEFA
9503,KANSAI ELECTRIC POWER INC,Utilities,Equity,"104,410,147.09",0.06,"104,410,147.09","6,726,700.00",15.52,Japan,Tokyo Stock Exchange,USD,158.75,--,IEFA
INF,INFORMA PLC,Communication,Equity,"104,336,682.42",0.06,"104,336,682.42","9,289,066.00",11.23,United Kingdom,London Stock Exchange,USD,0.74,--,IEFA
6988,NITTO DENKO CORP,Materials,Equity,"103,858,710.51",0.06,"103,858,710.51","4,892,300.00",21.23,Japan,Tokyo Stock Exchange,USD,158.75,--,IEFA
S63,SINGAPORE TECHNOLOGIES ENGINEERING,Industrials,Equity,"103,494,531.22",0.06,"103,494,531.22","11,547,500.00",8.96,Singapore,Singapore Exchange,USD,1.27,--,IEFA
7832,BANDAI NAMCO HOLDINGS INC,Consumer Discretionary,Equity,"103,191,314.37",0.06,"103,191,314.37","4,166,100.00",24.77,Japan,Tokyo Stock Exchange,USD,158.75,--,IEFA
4062,IBIDEN LTD,Information Technology,Equity,"102,755,803.33",0.06,"102,755,803.33","1,703,600.00",60.32,Japan,Tokyo Stock Exchange,USD,158.75,--,IEFA
LISN,CHOCOLADEFABRIKEN LINDT & SPRUENGL,Consumer Staples,Equity,"102,655,194.56",0.06,"102,655,194.56",752,"136,509.57",Switzerland,SIX Swiss Exchange,USD,0.78,--,IEFA
BN4,KEPPEL LTD,Industrials,Equity,"101,878,319.24",0.06,"101,878,319.24","10,916,700.00",9.33,Singapore,Singapore Exchange,USD,1.27,--,IEFA
ELE,ENDESA SA,Utilities,Equity,"101,741,403.61",0.06,"101,741,403.61","2,299,901.00",44.24,Spain,Bolsa De Madrid,USD,0.85,--,IEFA
SCHP,SCHINDLER HOLDING PAR AG,Industrials,Equity,"101,723,660.46",0.06,"101,723,660.46","288,464.00",352.64,Switzerland,SIX Swiss Exchange,USD,0.78,--,IEFA
KRX,KINGSPAN GROUP PLC,Industrials,Equity,"101,565,361.03",0.06,"101,565,361.03","1,071,145.00",94.82,Ireland,Irish Stock Exchange - All Market,USD,0.85,--,IEFA
9532,OSAKA GAS LTD,Utilities,Equity,"100,689,636.84",0.06,"100,689,636.84","2,673,800.00",37.66,Japan,Tokyo Stock Exchange,USD,158.75,--,IEFA
BG,BAWAG GROUP AG,Financials,Equity,"100,194,278.21",0.06,"100,194,278.21","563,682.00",177.75,Austria,Wiener Boerse Ag,USD,0.85,--,IEFA
S32,SOUTH32 LTD,Materials,Equity,"100,086,183.23",0.06,"100,086,183.23","31,832,833.00",3.14,Australia,Asx - All Markets,USD,1.4,--,IEFA
SPSN,SWISS PRIME SITE AG,Real Estate,Equity,"99,856,536.79",0.05,"99,856,536.79","571,332.00",174.78,Switzerland,SIX Swiss Exchange,USD,0.78,--,IEFA
S68,SINGAPORE EXCHANGE LTD,Financials,Equity,"99,709,117.52",0.05,"99,709,117.52","5,850,200.00",17.04,Singapore,Singapore Exchange,USD,1.27,--,IEFA
DSCT,ISRAEL DISCOUNT BANK LTD,Financials,Equity,"99,650,128.19",0.05,"99,650,128.19","8,656,037.00",11.51,Israel,Tel Aviv Stock Exchange,USD,2.99,--,IEFA
SN.,SMITH AND NEPHEW PLC,Health Care,Equity,"98,645,490.59",0.05,"98,645,490.59","5,777,937.00",17.07,United Kingdom,London Stock Exchange,USD,0.74,--,IEFA
ENX,EURONEXT NV,Financials,Equity,"98,618,954.16",0.05,"98,618,954.16","571,082.00",172.69,France,Nyse Euronext - Euronext Paris,USD,0.85,--,IEFA
PLS,PLS GROUP LTD,Materials,Equity,"98,395,176.25",0.05,"98,395,176.25","22,745,870.00",4.33,Australia,Asx - All Markets,USD,1.4,--,IEFA
4004,RESONAC HOLDINGS,Materials,Equity,"97,814,104.38",0.05,"97,814,104.38","1,242,200.00",78.74,Japan,Tokyo Stock Exchange,USD,158.75,--,IEFA
9766,KONAMI GROUP CORP,Communication,Equity,"96,567,513.94",0.05,"96,567,513.94","719,700.00",134.18,Japan,Tokyo Stock Exchange,USD,158.75,--,IEFA
PHOE,PHOENIX FINANCIAL LTD,Financials,Equity,"94,897,005.35",0.05,"94,897,005.35","1,607,066.00",59.05,Israel,Tel Aviv Stock Exchange,USD,2.99,--,IEFA
LYC,LYNAS RARE EARTHS LTD,Materials,Equity,"94,570,386.41",0.05,"94,570,386.41","6,475,952.00",14.6,Australia,Asx - All Markets,USD,1.4,--,IEFA
9104,MITSUI OSK LINES LTD,Industrials,Equity,"94,329,612.90",0.05,"94,329,612.90","2,452,400.00",38.46,Japan,Tokyo Stock Exchange,USD,158.75,--,IEFA
DSFIR,DSM FIRMENICH AG,Materials,Equity,"94,276,845.83",0.05,"94,276,845.83","1,225,728.00",76.91,Netherlands,Euronext Amsterdam,USD,0.85,--,IEFA
FPH,FISHER AND PAYKEL HEALTHCARE CORPO,Health Care,Equity,"93,938,798.62",0.05,"93,938,798.62","4,225,455.00",22.23,New Zealand,New Zealand Exchange Ltd,USD,1.7,--,IEFA
RO,ROCHE HOLDING AG,Health Care,Equity,"93,638,587.39",0.05,"93,638,587.39","219,760.00",426.09,Switzerland,SIX Swiss Exchange,USD,0.78,--,IEFA
9531,TOKYO GAS LTD,Utilities,Equity,"93,320,273.39",0.05,"93,320,273.39","2,229,700.00",41.85,Japan,Tokyo Stock Exchange,USD,158.75,--,IEFA
1928,SEKISUI HOUSE LTD,Consumer Discretionary,Equity,"93,283,592.55",0.05,"93,283,592.55","4,208,100.00",22.17,Japan,Tokyo Stock Exchange,USD,158.75,--,IEFA
SCG,SCENTRE GROUP,Real Estate,Equity,"92,919,774.68",0.05,"92,919,774.68","36,443,815.00",2.55,Australia,Asx - All Markets,USD,1.4,--,IEFA
823,LINK REAL ESTATE INVESTMENT TRUST,Real Estate,Equity,"92,824,693.24",0.05,"92,824,693.24","18,920,219.00",4.91,Hong Kong,Hong Kong Exchanges And Clearing Ltd,USD,7.83,--,IEFA
IAG,INSURANCE AUSTRALIA GROUP LTD,Financials,Equity,"92,757,034.52",0.05,"92,757,034.52","17,360,959.00",5.34,Australia,Asx - All Markets,USD,1.4,--,IEFA
HEN3,HENKEL & KGAA PREF AG,Consumer Staples,Equity,"92,734,094.65",0.05,"92,734,094.65","1,188,571.00",78.02,Germany,Xetra,USD,0.85,--,IEFA
MZTF,MIZRAHI TEFAHOT BANK LTD,Financials,Equity,"92,505,129.07",0.05,"92,505,129.07","1,150,636.00",80.39,Israel,Tel Aviv Stock Exchange,USD,2.99,--,IEFA
STMN,STRAUMANN HOLDING AG,Health Care,Equity,"92,409,765.66",0.05,"92,409,765.66","791,982.00",116.68,Switzerland,SIX Swiss Exchange,USD,0.78,--,IEFA
6383,DAIFUKU LTD,Industrials,Equity,"92,329,930.39",0.05,"92,329,930.39","2,273,800.00",40.61,Japan,Tokyo Stock Exchange,USD,158.75,--,IEFA
SUN,SUNCORP GROUP LTD,Financials,Equity,"92,330,279.97",0.05,"92,330,279.97","7,775,446.00",11.87,Australia,Asx - All Markets,USD,1.4,--,IEFA
ORSTED,ORSTED A/S,Utilities,Equity,"92,134,252.22",0.05,"92,134,252.22","3,742,254.00",24.62,Denmark,Omx Nordic Exchange Copenhagen A/S,USD,6.35,--,IEFA
KRZ,KERRY GROUP PLC,Consumer Staples,Equity,"91,188,515.33",0.05,"91,188,515.33","1,127,591.00",80.87,Ireland,Irish Stock Exchange - All Market,USD,0.85,--,IEFA
5706,MITSUI KINZOKU LIMITED LTD,Materials,Equity,"91,055,163.94",0.05,"91,055,163.94","407,400.00",223.5,Japan,Tokyo Stock Exchange,USD,158.75,--,IEFA
DPLM,DIPLOMA PLC,Industrials,Equity,"90,668,530.33",0.05,"90,668,530.33","971,705.00",93.31,United Kingdom,London Stock Exchange,USD,0.74,--,IEFA
CNA,CENTRICA PLC,Utilities,Equity,"90,559,184.76",0.05,"90,559,184.76","32,778,652.00",2.76,United Kingdom,London Stock Exchange,USD,0.74,--,IEFA
8601,DAIWA SECURITIES GROUP INC,Financials,Equity,"90,334,159.19",0.05,"90,334,159.19","9,412,600.00",9.6,Japan,Tokyo Stock Exchange,USD,158.75,--,IEFA
CCH,COCA COLA HBC AG,Consumer Staples,Equity,"90,244,091.03",0.05,"90,244,091.03","1,521,865.00",59.3,United Kingdom,London Stock Exchange,USD,0.74,--,IEFA
6594,NIDEC CORP,Industrials,Equity,"89,979,365.65",0.05,"89,979,365.65","5,931,800.00",15.17,Japan,Tokyo Stock Exchange,USD,158.75,--,IEFA
METSO,METSO CORPORATION,Industrials,Equity,"89,475,845.48",0.05,"89,475,845.48","4,706,537.00",19.01,Finland,Nasdaq Omx Helsinki Ltd.,USD,0.85,--,IEFA
SGRO,SEGRO REIT PLC,Real Estate,Equity,"88,802,780.46",0.05,"88,802,780.46","9,123,084.00",9.73,United Kingdom,London Stock Exchange,USD,0.74,--,IEFA
2503,KIRIN HOLDINGS LTD,Consumer Staples,Equity,"88,514,976.85",0.05,"88,514,976.85","5,460,000.00",16.21,Japan,Tokyo Stock Exchange,USD,158.75,--,IEFA
LISP,CHOCOLADEFABRIKEN LINDT & SPRUENGL,Consumer Staples,Equity,"88,012,482.34",0.05,"88,012,482.34","6,706.00","13,124.44",Switzerland,SIX Swiss Exchange,USD,0.78,--,IEFA
UU.,UNITED UTILITIES GROUP PLC,Utilities,Equity,"87,868,504.20",0.05,"87,868,504.20","4,791,820.00",18.34,United Kingdom,London Stock Exchange,USD,0.74,--,IEFA
3407,ASAHI KASEI CORP,Materials,Equity,"87,328,355.54",0.05,"87,328,355.54","8,892,200.00",9.82,Japan,Tokyo Stock Exchange,USD,158.75,--,IEFA
7453,RYOHIN KEIKAKU LTD,Consumer Discretionary,Equity,"87,271,012.00",0.05,"87,271,012.00","3,592,800.00",24.29,Japan,Tokyo Stock Exchange,USD,158.75,--,IEFA
CARL B,CARLSBERG AS CL B,Consumer Staples,Equity,"87,085,452.00",0.05,"87,085,452.00","661,160.00",131.72,Denmark,Omx Nordic Exchange Copenhagen A/S,USD,6.35,--,IEFA
PST,POSTE ITALIANE,Financials,Equity,"86,594,415.19",0.05,"86,594,415.19","3,285,519.00",26.36,Italy,Borsa Italiana,USD,0.85,--,IEFA
EDV,ENDEAVOUR MINING,Materials,Equity,"86,320,030.37",0.05,"86,320,030.37","1,292,146.00",66.8,United Kingdom,London Stock Exchange,USD,0.74,--,IEFA
ASRNL,ASR NEDERLAND NV,Financials,Equity,"86,137,808.86",0.05,"86,137,808.86","1,149,103.00",74.96,Netherlands,Euronext Amsterdam,USD,0.85,--,IEFA
SOON,SONOVA HOLDING AG,Health Care,Equity,"86,143,501.22",0.05,"86,143,501.22","357,569.00",240.91,Switzerland,SIX Swiss Exchange,USD,0.78,--,IEFA
J36,JARDINE MATHESON HOLDINGS LTD,Industrials,Equity,"86,042,352.00",0.05,"86,042,352.00","1,174,800.00",73.24,Hong Kong,Singapore Exchange,USD,1,--,IEFA
NESTE,NESTE,Energy,Equity,"85,714,640.20",0.05,"85,714,640.20","2,994,054.00",28.63,Finland,Nasdaq Omx Helsinki Ltd.,USD,0.85,--,IEFA
CICT,CAPITALAND INTEGRATED COMMERCIAL T,Real Estate,Equity,"85,633,605.03",0.05,"85,633,605.03","45,534,505.00",1.88,Singapore,Singapore Exchange,USD,1.27,--,IEFA
6,POWER ASSETS HOLDINGS LTD,Utilities,Equity,"85,530,056.63",0.05,"85,530,056.63","10,441,000.00",8.19,Hong Kong,Hong Kong Exchanges And Clearing Ltd,USD,7.83,--,IEFA
TELIA,TELIA COMPANY,Communication,Equity,"85,509,803.06",0.05,"85,509,803.06","16,683,165.00",5.13,Sweden,Nasdaq Omx Nordic,USD,9.15,--,IEFA
AGS,AGEAS SA,Financials,Equity,"85,302,593.82",0.05,"85,302,593.82","1,065,667.00",80.05,Belgium,Nyse Euronext - Euronext Brussels,USD,0.85,--,IEFA
SY1,SYMRISE AG,Materials,Equity,"85,253,590.29",0.05,"85,253,590.29","944,986.00",90.22,Germany,Xetra,USD,0.85,--,IEFA
1113,CK ASSET HOLDINGS LTD,Real Estate,Equity,"85,113,217.58",0.05,"85,113,217.58","13,985,016.00",6.09,Hong Kong,Hong Kong Exchanges And Clearing Ltd,USD,7.83,--,IEFA
EN,BOUYGUES SA,Industrials,Equity,"85,107,285.04",0.05,"85,107,285.04","1,377,657.00",61.78,France,Nyse Euronext - Euronext Paris,USD,0.85,--,IEFA
ADM,ADMIRAL GROUP PLC,Financials,Equity,"85,063,067.63",0.05,"85,063,067.63","1,845,731.00",46.09,United Kingdom,London Stock Exchange,USD,0.74,--,IEFA
ENLT,ENLIGHT RENEWABLE ENERGY LTD,Utilities,Equity,"85,064,647.37",0.05,"85,064,647.37","1,012,981.00",83.97,Israel,Tel Aviv Stock Exchange,USD,2.99,--,IEFA
9502,CHUBU ELECTRIC POWER INC,Utilities,Equity,"84,957,724.65",0.05,"84,957,724.65","4,851,300.00",17.51,Japan,Tokyo Stock Exchange,USD,158.75,--,IEFA
CHKP,CHECK POINT SOFTWARE TECHNOLOGIES,Information Technology,Equity,"84,391,690.50",0.05,"84,391,690.50","610,870.00",138.15,Israel,NASDAQ,USD,1,28-Jun-96,IEFA
4307,NOMURA RESEARCH INSTITUTE LTD,Information Technology,Equity,"84,119,601.25",0.05,"84,119,601.25","2,689,540.00",31.28,Japan,Tokyo Stock Exchange,USD,158.75,--,IEFA
BKT,BANKINTER SA,Financials,Equity,"83,295,041.62",0.05,"83,295,041.62","4,776,235.00",17.44,Spain,Bolsa De Madrid,USD,0.85,--,IEFA
8697,JAPAN EXCHANGE GROUP INC,Financials,Equity,"83,195,483.32",0.05,"83,195,483.32","7,015,600.00",11.86,Japan,Tokyo Stock Exchange,USD,158.75,--,IEFA
SVT,SEVERN TRENT PLC,Utilities,Equity,"82,563,637.53",0.05,"82,563,637.53","1,926,001.00",42.87,United Kingdom,London Stock Exchange,USD,0.74,--,IEFA
SGE,THE SAGE GROUP PLC,Information Technology,Equity,"82,444,640.57",0.05,"82,444,640.57","6,799,714.00",12.12,United Kingdom,London Stock Exchange,USD,0.74,--,IEFA
7532,PAN PACIFIC INTERNATIONAL HOLDINGS,Consumer Discretionary,Equity,"82,318,086.24",0.05,"82,318,086.24","13,622,000.00",6.04,Japan,Tokyo Stock Exchange,USD,158.75,--,IEFA
288,WH GROUP LTD,Consumer Staples,Equity,"82,258,932.71",0.05,"82,258,932.71","60,828,500.00",1.35,Hong Kong,Hong Kong Exchanges And Clearing Ltd,USD,7.83,--,IEFA
8795,T&D HOLDINGS INC,Financials,Equity,"82,092,888.59",0.05,"82,092,888.59","3,323,600.00",24.7,Japan,Tokyo Stock Exchange,USD,158.75,--,IEFA
CA,CARREFOUR SA,Consumer Staples,Equity,"81,618,024.85",0.04,"81,618,024.85","4,127,100.00",19.78,France,Nyse Euronext - Euronext Paris,USD,0.85,--,IEFA
BVI,BUREAU VERITAS SA,Industrials,Equity,"81,599,360.43",0.04,"81,599,360.43","2,398,596.00",34.02,France,Nyse Euronext - Euronext Paris,USD,0.85,--,IEFA
FGR,EIFFAGE SA,Industrials,Equity,"81,600,027.70",0.04,"81,600,027.70","490,761.00",166.27,France,Nyse Euronext - Euronext Paris,USD,0.85,--,IEFA
KNIN,KUEHNE UND NAGEL INTERNATIONAL AG,Industrials,Equity,"80,903,586.04",0.04,"80,903,586.04","336,267.00",240.59,Switzerland,SIX Swiss Exchange,USD,0.78,--,IEFA
SMIN,SMITHS GROUP PLC,Industrials,Equity,"80,681,004.37",0.04,"80,681,004.37","2,311,587.00",34.9,United Kingdom,London Stock Exchange,USD,0.74,--,IEFA
CPU,COMPUTERSHARE LTD,Industrials,Equity,"80,508,147.43",0.04,"80,508,147.43","3,681,957.00",21.87,Australia,Asx - All Markets,USD,1.4,--,IEFA
G1A,GEA GROUP AG,Industrials,Equity,"80,224,136.11",0.04,"80,224,136.11","1,092,166.00",73.45,Germany,Xetra,USD,0.85,--,IEFA
TEL2 B,TELE2 B,Communication,Equity,"80,020,655.50",0.04,"80,020,655.50","3,899,105.00",20.52,Sweden,Nasdaq Omx Nordic,USD,9.15,--,IEFA
FORTUM,FORTUM,Utilities,Equity,"79,885,548.81",0.04,"79,885,548.81","3,186,081.00",25.07,Finland,Nasdaq Omx Helsinki Ltd.,USD,0.85,--,IEFA
8473,SBI HOLDINGS INC,Financials,Equity,"79,485,990.74",0.04,"79,485,990.74","3,998,100.00",19.88,Japan,Tokyo Stock Exchange,USD,158.75,--,IEFA
TEN,TENARIS SA,Energy,Equity,"79,050,131.34",0.04,"79,050,131.34","2,645,935.00",29.88,Italy,Borsa Italiana,USD,0.85,--,IEFA
7733,OLYMPUS CORP,Health Care,Equity,"79,032,888.28",0.04,"79,032,888.28","7,948,100.00",9.94,Japan,Tokyo Stock Exchange,USD,158.75,--,IEFA
AKRBP,AKER BP,Energy,Equity,"78,964,176.81",0.04,"78,964,176.81","2,234,940.00",35.33,Norway,Oslo Bors Asa,USD,9.33,--,IEFA
WEIR,WEIR GROUP PLC,Industrials,Equity,"77,980,160.97",0.04,"77,980,160.97","1,866,176.00",41.79,United Kingdom,London Stock Exchange,USD,0.74,--,IEFA
7735,SCREEN HOLDINGS LTD,Information Technology,Equity,"77,421,430.60",0.04,"77,421,430.60","1,162,200.00",66.62,Japan,Tokyo Stock Exchange,USD,158.75,--,IEFA
3,HONG KONG AND CHINA GAS LTD,Utilities,Equity,"76,863,084.70",0.04,"76,863,084.70","83,483,864.00",0.92,Hong Kong,Hong Kong Exchanges And Clearing Ltd,USD,7.83,--,IEFA
AKZA,AKZO NOBEL NV,Materials,Equity,"76,230,767.04",0.04,"76,230,767.04","1,214,986.00",62.74,Netherlands,Euronext Amsterdam,USD,0.85,--,IEFA
MOWI,MOWI,Consumer Staples,Equity,"75,733,631.47",0.04,"75,733,631.47","3,359,924.00",22.54,Norway,Oslo Bors Asa,USD,9.33,--,IEFA
BEZ,BEAZLEY PLC,Financials,Equity,"75,648,175.18",0.04,"75,648,175.18","4,389,202.00",17.24,United Kingdom,London Stock Exchange,USD,0.74,--,IEFA
FRES,FRESNILLO PLC,Materials,Equity,"75,486,888.51",0.04,"75,486,888.51","1,524,334.00",49.52,United Kingdom,London Stock Exchange,USD,0.74,--,IEFA
ITRK,INTERTEK GROUP PLC,Industrials,Equity,"74,584,884.48",0.04,"74,584,884.48","1,128,819.00",66.07,United Kingdom,London Stock Exchange,USD,0.74,--,IEFA
TEL,TELENOR,Communication,Equity,"74,567,210.19",0.04,"74,567,210.19","4,275,431.00",17.44,Norway,Oslo Bors Asa,USD,9.33,--,IEFA
6504,FUJI ELECTRIC LTD,Industrials,Equity,"74,444,524.24",0.04,"74,444,524.24","1,003,200.00",74.21,Japan,Tokyo Stock Exchange,USD,158.75,--,IEFA
BNZL,BUNZL,Industrials,Equity,"73,367,496.50",0.04,"73,367,496.50","2,277,660.00",32.21,United Kingdom,London Stock Exchange,USD,0.74,--,IEFA
AGN,AEGON LTD,Financials,Equity,"73,090,278.37",0.04,"73,090,278.37","9,045,874.00",8.08,Netherlands,Euronext Amsterdam,USD,0.85,--,IEFA
SIG,SIGMA HEALTHCARE LTD,Health Care,Equity,"72,859,728.48",0.04,"72,859,728.48","36,593,878.00",1.99,Australia,Asx - All Markets,USD,1.4,--,IEFA
FME,FRESENIUS MEDICAL CARE AG,Health Care,Equity,"72,605,908.86",0.04,"72,605,908.86","1,564,276.00",46.41,Germany,Xetra,USD,0.85,--,IEFA
XRO,XERO LTD,Information Technology,Equity,"72,448,499.48",0.04,"72,448,499.48","1,231,367.00",58.84,Australia,Asx - All Markets,USD,1.4,--,IEFA
IMI,IMI PLC,Industrials,Equity,"71,810,736.31",0.04,"71,810,736.31","1,838,735.00",39.05,United Kingdom,London Stock Exchange,USD,0.74,--,IEFA
GRAB,GRAB HOLDINGS LTD CLASS A,Industrials,Equity,"71,565,091.14",0.04,"71,565,091.14","16,998,834.00",4.21,Singapore,NASDAQ,USD,1,--,IEFA
ADDT B,ADDTECH CLASS B,Industrials,Equity,"71,353,349.18",0.04,"71,353,349.18","1,870,388.00",38.15,Sweden,Nasdaq Omx Nordic,USD,9.15,--,IEFA
MKS,MARKS AND SPENCER GROUP PLC,Consumer Staples,Equity,"71,322,840.64",0.04,"71,322,840.64","14,620,063.00",4.88,United Kingdom,London Stock Exchange,USD,0.74,--,IEFA
ACLN,ACCELLERON N AG,Industrials,Equity,"71,225,876.72",0.04,"71,225,876.72","678,039.00",105.05,Switzerland,SIX Swiss Exchange,USD,0.78,--,IEFA
3402,TORAY INDUSTRIES INC,Materials,Equity,"70,647,309.84",0.04,"70,647,309.84","9,777,600.00",7.23,Japan,Tokyo Stock Exchange,USD,158.75,--,IEFA
AC,ACCOR SA,Consumer Discretionary,Equity,"70,510,127.37",0.04,"70,510,127.37","1,320,234.00",53.41,France,Nyse Euronext - Euronext Paris,USD,0.85,--,IEFA
ERF,EUROFINS SCIENTIFIC,Health Care,Equity,"70,224,226.05",0.04,"70,224,226.05","857,868.00",81.86,France,Nyse Euronext - Euronext Paris,USD,0.85,--,IEFA
UNI,UNIPOL ASSICURAZIONI SPA,Financials,Equity,"70,078,447.32",0.04,"70,078,447.32","2,648,234.00",26.46,Italy,Borsa Italiana,USD,0.85,--,IEFA
ORNBV,ORION CLASS B,Health Care,Equity,"69,938,707.47",0.04,"69,938,707.47","790,600.00",88.46,Finland,Nasdaq Omx Helsinki Ltd.,USD,0.85,--,IEFA
HEIO,HEINEKEN HOLDING NV,Consumer Staples,Equity,"69,651,359.92",0.04,"69,651,359.92","929,607.00",74.93,Netherlands,Euronext Amsterdam,USD,0.85,--,IEFA
WISE,WISE PLC CLASS A,Financials,Equity,"69,534,922.38",0.04,"69,534,922.38","4,750,092.00",14.64,United Kingdom,London Stock Exchange,USD,0.74,--,IEFA
MAERSK B,A P MOLLER MAERSK B,Industrials,Equity,"69,291,413.72",0.04,"69,291,413.72","29,346.00","2,361.19",Denmark,Omx Nordic Exchange Copenhagen A/S,USD,6.35,--,IEFA
SOL,WASHINGTON H SOUL PATTINSON & COMP,Financials,Equity,"69,242,877.76",0.04,"69,242,877.76","2,292,647.00",30.2,Australia,Asx - All Markets,USD,1.4,--,IEFA
7186,YOKOHAMA FINANCIAL GROUP INC,Financials,Equity,"69,100,047.25",0.04,"69,100,047.25","7,357,000.00",9.39,Japan,Tokyo Stock Exchange,USD,158.75,--,IEFA
SKA B,SKANSKA B,Industrials,Equity,"69,076,941.86",0.04,"69,076,941.86","2,448,431.00",28.21,Sweden,Nasdaq Omx Nordic,USD,9.15,--,IEFA
HM B,HENNES & MAURITZ,Consumer Discretionary,Equity,"68,769,856.90",0.04,"68,769,856.90","3,538,418.00",19.44,Sweden,Nasdaq Omx Nordic,USD,9.15,--,IEFA
RXL,REXEL SA,Industrials,Equity,"68,403,357.41",0.04,"68,403,357.41","1,555,388.00",43.98,France,Nyse Euronext - Euronext Paris,USD,0.85,--,IEFA
OMV,OMV AG,Energy,Equity,"68,266,013.10",0.04,"68,266,013.10","1,013,857.00",67.33,Austria,Wiener Boerse Ag,USD,0.85,--,IEFA
MRO,MELROSE INDUSTRIES PLC,Industrials,Equity,"67,726,543.06",0.04,"67,726,543.06","9,007,641.00",7.52,United Kingdom,London Stock Exchange,USD,0.74,--,IEFA
FUTU,FUTU HOLDINGS ADR LTD,Financials,Equity,"67,253,968.32",0.04,"67,253,968.32","408,144.00",164.78,Hong Kong,NASDAQ,USD,1,--,IEFA
APA,APA GROUP UNITS,Utilities,Equity,"67,210,266.37",0.04,"67,210,266.37","9,440,933.00",7.12,Australia,Asx - All Markets,USD,1.4,--,IEFA
PSPN,PSP SWISS PROPERTY AG,Real Estate,Equity,"67,075,200.46",0.04,"67,075,200.46","331,839.00",202.13,Switzerland,SIX Swiss Exchange,USD,0.78,--,IEFA
BEAN,BELIMO N AG,Industrials,Equity,"66,705,894.44",0.04,"66,705,894.44","71,156.00",937.46,Switzerland,SIX Swiss Exchange,USD,0.78,--,IEFA
7270,SUBARU CORP,Consumer Discretionary,Equity,"66,302,516.61",0.04,"66,302,516.61","4,097,000.00",16.18,Japan,Tokyo Stock Exchange,USD,158.75,--,IEFA
MPL,MEDIBANK PRIVATE LTD,Financials,Equity,"66,198,676.56",0.04,"66,198,676.56","19,834,857.00",3.34,Australia,Asx - All Markets,USD,1.4,--,IEFA
EVO,EVOLUTION,Consumer Discretionary,Equity,"66,199,328.88",0.04,"66,199,328.88","951,028.00",69.61,Sweden,Nasdaq Omx Nordic,USD,9.15,--,IEFA
27,GALAXY ENTERTAINMENT GROUP LTD,Consumer Discretionary,Equity,"65,920,894.39",0.04,"65,920,894.39","14,741,000.00",4.47,Hong Kong,Hong Kong Exchanges And Clearing Ltd,USD,7.83,--,IEFA
YAR,YARA INTERNATIONAL,Materials,Equity,"65,857,148.16",0.04,"65,857,148.16","1,174,507.00",56.07,Norway,Oslo Bors Asa,USD,9.33,--,IEFA
STJ,ST JAMESS PLACE PLC,Financials,Equity,"65,535,987.12",0.04,"65,535,987.12","3,784,663.00",17.32,United Kingdom,London Stock Exchange,USD,0.74,--,IEFA
SKF B,SKF B,Industrials,Equity,"65,358,026.09",0.04,"65,358,026.09","2,414,855.00",27.06,Sweden,Nasdaq Omx Nordic,USD,9.15,--,IEFA
GALP,GALP ENERGIA SGPS SA CLASS B,Energy,Equity,"65,186,277.29",0.04,"65,186,277.29","2,929,191.00",22.25,Portugal,Nyse Euronext - Euronext Lisbon,USD,0.85,--,IEFA
SECU B,SECURITAS B,Industrials,Equity,"64,881,879.03",0.04,"64,881,879.03","3,512,202.00",18.47,Sweden,Nasdaq Omx Nordic,USD,9.15,--,IEFA
TLC,THE LOTTERY CORPORATION LTD,Consumer Discretionary,Equity,"64,553,605.20",0.04,"64,553,605.20","15,896,559.00",4.06,Australia,Asx - All Markets,USD,1.4,--,IEFA
TIT,TELECOM ITALIA,Communication,Equity,"64,283,339.31",0.04,"64,283,339.31","81,946,731.00",0.78,Italy,Borsa Italiana,USD,0.85,--,IEFA
SOBI,SWEDISH ORPHAN BIOVITRUM,Health Care,Equity,"64,245,668.13",0.04,"64,245,668.13","1,406,081.00",45.69,Sweden,Nasdaq Omx Nordic,USD,9.15,--,IEFA
BSL,BLUESCOPE STEEL LTD,Materials,Equity,"64,206,582.27",0.04,"64,206,582.27","3,100,967.00",20.71,Australia,Asx - All Markets,USD,1.4,--,IEFA
ORK,ORKLA,Consumer Staples,Equity,"64,126,650.64",0.04,"64,126,650.64","4,975,759.00",12.89,Norway,Oslo Bors Asa,USD,9.33,--,IEFA
TLX,TALANX AG,Financials,Equity,"64,109,649.48",0.04,"64,109,649.48","459,981.00",139.37,Germany,Xetra,USD,0.85,--,IEFA
LI,KLEPIERRE REIT SA,Real Estate,Equity,"64,014,445.76",0.04,"64,014,445.76","1,538,791.00",41.6,France,Nyse Euronext - Euronext Paris,USD,0.85,--,IEFA
1803,SHIMIZU CORP,Industrials,Equity,"63,785,366.15",0.04,"63,785,366.15","3,627,300.00",17.58,Japan,Tokyo Stock Exchange,USD,158.75,--,IEFA
H78,HONGKONG LAND HOLDINGS LTD,Real Estate,Equity,"63,446,992.00",0.03,"63,446,992.00","7,940,800.00",7.99,Hong Kong,Singapore Exchange,USD,1,--,IEFA
HARL,HAREL INSURANCE INVESTMENTS & FINA,Financials,Equity,"62,959,151.02",0.03,"62,959,151.02","1,056,032.00",59.62,Israel,Tel Aviv Stock Exchange,USD,2.99,--,IEFA
KBX,KNORR BREMSE AG,Industrials,Equity,"62,941,883.25",0.03,"62,941,883.25","518,620.00",121.36,Germany,Xetra,USD,0.85,--,IEFA
GAW,GAMES WORKSHOP GROUP PLC,Consumer Discretionary,Equity,"62,890,046.22",0.03,"62,890,046.22","236,071.00",266.4,United Kingdom,London Stock Exchange,USD,0.74,--,IEFA
BEI,BEIERSDORF AG,Consumer Staples,Equity,"62,619,629.40",0.03,"62,619,629.40","687,464.00",91.09,Germany,Xetra,USD,0.85,--,IEFA
EPI B,EPIROC CLASS B,Industrials,Equity,"62,517,176.54",0.03,"62,517,176.54","2,611,548.00",23.94,Sweden,Nasdaq Omx Nordic,USD,9.15,--,IEFA
MNG,M&G PLC,Financials,Equity,"62,474,738.86",0.03,"62,474,738.86","15,544,709.00",4.02,United Kingdom,London Stock Exchange,USD,0.74,--,IEFA
TREL B,TRELLEBORG B,Industrials,Equity,"61,615,945.43",0.03,"61,615,945.43","1,443,124.00",42.7,Sweden,Nasdaq Omx Nordic,USD,9.15,--,IEFA
BNR,BRENNTAG,Industrials,Equity,"61,306,393.66",0.03,"61,306,393.66","870,909.00",70.39,Germany,Xetra,USD,0.85,--,IEFA
CON,CONTINENTAL AG,Consumer Discretionary,Equity,"61,284,010.52",0.03,"61,284,010.52","780,764.00",78.49,Germany,Xetra,USD,0.85,--,IEFA
PSON,PEARSON PLC,Consumer Discretionary,Equity,"61,272,150.25",0.03,"61,272,150.25","4,207,018.00",14.56,United Kingdom,London Stock Exchange,USD,0.74,02-Jan-85,IEFA
4684,OBIC LTD,Information Technology,Equity,"61,035,477.65",0.03,"61,035,477.65","2,270,700.00",26.88,Japan,Tokyo Stock Exchange,USD,158.75,--,IEFA
USD,USD CASH,Cash and/or Derivatives,Cash,"60,968,571.51",0.03,"60,968,571.51","60,968,572.00",100,United States,--,USD,1,--,IEFA
QIA,QIAGEN NV,Health Care,Equity,"60,788,834.76",0.03,"60,788,834.76","1,477,559.00",41.14,Germany,Xetra,USD,0.85,--,IEFA
COLO B,COLOPLAST B,Health Care,Equity,"60,251,150.59",0.03,"60,251,150.59","877,505.00",68.66,Denmark,Omx Nordic Exchange Copenhagen A/S,USD,6.35,--,IEFA
INDU C,INDUSTRIVARDEN SERIES,Financials,Equity,"60,151,830.17",0.03,"60,151,830.17","1,108,785.00",54.25,Sweden,Nasdaq Omx Nordic,USD,9.15,--,IEFA
TIGO,MILLICOM INTERNATIONAL CELLULAR SA,Communication,Equity,"59,981,080.77",0.03,"59,981,080.77","718,939.00",83.43,Sweden,NASDAQ,USD,1,--,IEFA
GTT,GAZTRANSPORT & TECHNIGAZ SA,Energy,Equity,"59,899,055.74",0.03,"59,899,055.74","260,814.00",229.66,France,Nyse Euronext - Euronext Paris,USD,0.85,--,IEFA
GBLB,GROUPE BRUXELLES LAMBERT NV,Financials,Equity,"59,671,267.86",0.03,"59,671,267.86","622,361.00",95.88,Belgium,Nyse Euronext - Euronext Brussels,USD,0.85,--,IEFA
BS6,YANGZIJIANG SHIPBUILDING (HOLDINGS,Industrials,Equity,"59,326,763.98",0.03,"59,326,763.98","18,570,300.00",3.19,Singapore,Singapore Exchange,USD,1.27,--,IEFA
NTGY,NATURGY ENERGY GROUP SA,Utilities,Equity,"59,152,337.84",0.03,"59,152,337.84","1,887,696.00",31.34,Spain,Bolsa De Madrid,USD,0.85,--,IEFA
LIFCO B,LIFCO CLASS B,Industrials,Equity,"59,133,502.94",0.03,"59,133,502.94","1,677,959.00",35.24,Sweden,Nasdaq Omx Nordic,USD,9.15,--,IEFA
SBRY,SAINSBURY(J) PLC,Consumer Staples,Equity,"59,040,549.42",0.03,"59,040,549.42","12,368,090.00",4.77,United Kingdom,London Stock Exchange,USD,0.74,02-Jan-85,IEFA
2768,SOJITZ CORP,Industrials,Equity,"58,806,427.92",0.03,"58,806,427.92","1,544,800.00",38.07,Japan,Tokyo Stock Exchange,USD,158.75,--,IEFA
ABF,ASSOCIATED BRITISH FOODS PLC,Consumer Staples,Equity,"58,600,136.34",0.03,"58,600,136.34","2,298,869.00",25.49,United Kingdom,London Stock Exchange,USD,0.74,--,IEFA
6963,ROHM LTD,Information Technology,Equity,"58,262,722.61",0.03,"58,262,722.61","2,426,900.00",24.01,Japan,Tokyo Stock Exchange,USD,158.75,--,IEFA
9697,CAPCOM LTD,Communication,Equity,"58,236,501.31",0.03,"58,236,501.31","2,467,900.00",23.6,Japan,Tokyo Stock Exchange,USD,158.75,--,IEFA
ASX,ASX LTD,Financials,Equity,"58,029,953.54",0.03,"58,029,953.54","1,378,676.00",42.09,Australia,Asx - All Markets,USD,1.4,--,IEFA
SPIE,SPIE SA,Industrials,Equity,"57,772,254.79",0.03,"57,772,254.79","1,042,883.00",55.4,France,Nyse Euronext - Euronext Paris,USD,0.85,--,IEFA
4911,SHISEIDO LTD,Consumer Staples,Equity,"57,717,441.18",0.03,"57,717,441.18","2,838,400.00",20.33,Japan,Tokyo Stock Exchange,USD,158.75,--,IEFA
7309,SHIMANO INC,Consumer Discretionary,Equity,"57,614,687.08",0.03,"57,614,687.08","534,700.00",107.75,Japan,Tokyo Stock Exchange,USD,158.75,--,IEFA
CLAR,CAPITALAND ASCENDAS REIT,Real Estate,Equity,"57,399,743.21",0.03,"57,399,743.21","28,383,838.00",2.02,Singapore,Singapore Exchange,USD,1.27,--,IEFA
6525,KOKUSAI ELECTRIC CORP,Information Technology,Equity,"57,305,576.87",0.03,"57,305,576.87","1,350,100.00",42.45,Japan,Tokyo Stock Exchange,USD,158.75,--,IEFA
ALQ,ALS LTD,Industrials,Equity,"57,189,647.38",0.03,"57,189,647.38","3,567,985.00",16.03,Australia,Asx - All Markets,USD,1.4,--,IEFA
MIN,MINERAL RESOURCES LTD,Materials,Equity,"57,034,493.00",0.03,"57,034,493.00","1,279,275.00",44.58,Australia,Asx - All Markets,USD,1.4,--,IEFA
4523,EISAI LTD,Health Care,Equity,"56,991,817.07",0.03,"56,991,817.07","1,842,600.00",30.93,Japan,Tokyo Stock Exchange,USD,158.75,--,IEFA
TRYG,TRYG,Financials,Equity,"56,853,967.27",0.03,"56,853,967.27","2,290,212.00",24.82,Denmark,Omx Nordic Exchange Copenhagen A/S,USD,6.35,--,IEFA
HOT,HOCHTIEF AG,Industrials,Equity,"56,736,452.27",0.03,"56,736,452.27","104,325.00",543.84,Germany,Xetra,USD,0.85,--,IEFA
6586,MAKITA CORP,Industrials,Equity,"56,584,015.87",0.03,"56,584,015.87","1,606,300.00",35.23,Japan,Tokyo Stock Exchange,USD,158.75,--,IEFA
COH,COCHLEAR LTD,Health Care,Equity,"56,506,051.38",0.03,"56,506,051.38","462,197.00",122.26,Australia,Asx - All Markets,USD,1.4,--,IEFA
6841,YOKOGAWA ELECTRIC CORP,Information Technology,Equity,"56,491,543.04",0.03,"56,491,543.04","1,630,500.00",34.65,Japan,Tokyo Stock Exchange,USD,158.75,--,IEFA
C6L,SINGAPORE AIRLINES LTD,Industrials,Equity,"56,400,906.48",0.03,"56,400,906.48","10,959,800.00",5.15,Singapore,Singapore Exchange,USD,1.27,--,IEFA
AED,AEDIFICA NV,Real Estate,Equity,"56,246,383.54",0.03,"56,246,383.54","643,960.00",87.34,Belgium,Nyse Euronext - Euronext Brussels,USD,0.85,--,IEFA
8593,MITSUBISHI HC CAPITAL INC,Financials,Equity,"56,062,373.62",0.03,"56,062,373.62","6,137,670.00",9.13,Japan,Tokyo Stock Exchange,USD,158.75,--,IEFA
SCHN,SCHINDLER HOLDING AG,Industrials,Equity,"55,984,516.50",0.03,"55,984,516.50","165,761.00",337.74,Switzerland,SIX Swiss Exchange,USD,0.78,--,IEFA
5334,NITERRA LTD,Consumer Discretionary,Equity,"55,995,537.50",0.03,"55,995,537.50","1,054,700.00",53.09,Japan,Tokyo Stock Exchange,USD,158.75,--,IEFA
9021,WEST JAPAN RAILWAY,Industrials,Equity,"55,949,163.75",0.03,"55,949,163.75","2,902,500.00",19.28,Japan,Tokyo Stock Exchange,USD,158.75,--,IEFA
4755,RAKUTEN GROUP INC,Consumer Discretionary,Equity,"55,950,533.50",0.03,"55,950,533.50","10,840,800.00",5.16,Japan,Tokyo Stock Exchange,USD,158.75,--,IEFA
LTMC,LOTTOMATICA GROUP,Consumer Discretionary,Equity,"55,828,268.57",0.03,"55,828,268.57","1,792,390.00",31.15,Italy,Borsa Italiana,USD,0.85,--,IEFA
7167,MEBUKI FINANCIAL GROUP INC,Financials,Equity,"55,816,535.48",0.03,"55,816,535.48","6,725,310.00",8.3,Japan,Tokyo Stock Exchange,USD,158.75,--,IEFA
7202,ISUZU MOTORS LTD,Consumer Discretionary,Equity,"55,630,508.05",0.03,"55,630,508.05","3,757,900.00",14.8,Japan,Tokyo Stock Exchange,USD,158.75,--,IEFA
NKT,NKT,Industrials,Equity,"55,208,708.04",0.03,"55,208,708.04","383,891.00",143.81,Denmark,Omx Nordic Exchange Copenhagen A/S,USD,6.35,--,IEFA
ACKB,ACKERMANS & VAN HAAREN NV,Industrials,Equity,"55,166,685.08",0.03,"55,166,685.08","166,778.00",330.78,Belgium,Nyse Euronext - Euronext Brussels,USD,0.85,--,IEFA
STB,STOREBRAND,Financials,Equity,"55,147,222.83",0.03,"55,147,222.83","2,987,616.00",18.46,Norway,Oslo Bors Asa,USD,9.33,--,IEFA
BCP,BANCO COMERCIAL PORTUGUES SA,Financials,Equity,"55,113,307.22",0.03,"55,113,307.22","52,665,099.00",1.05,Portugal,Nyse Euronext - Euronext Lisbon,USD,0.85,--,IEFA
IG,ITALGAS,Utilities,Equity,"54,904,751.66",0.03,"54,904,751.66","4,448,460.00",12.34,Italy,Borsa Italiana,USD,0.85,--,IEFA
8331,CHIBA BANK LTD,Financials,Equity,"54,794,760.46",0.03,"54,794,760.46","4,013,100.00",13.65,Japan,Tokyo Stock Exchange,USD,158.75,--,IEFA
6506,YASKAWA ELECTRIC CORP,Industrials,Equity,"54,754,820.62",0.03,"54,754,820.62","1,603,700.00",34.14,Japan,Tokyo Stock Exchange,USD,158.75,--,IEFA
INDT,INDUTRADE,Industrials,Equity,"54,051,021.75",0.03,"54,051,021.75","1,951,372.00",27.7,Sweden,Nasdaq Omx Nordic,USD,9.15,--,IEFA
GET,GETLINK,Industrials,Equity,"53,962,015.80",0.03,"53,962,015.80","2,352,039.00",22.94,France,Nyse Euronext - Euronext Paris,USD,0.85,--,IEFA
7912,DAI NIPPON PRINTING LTD,Industrials,Equity,"53,914,955.43",0.03,"53,914,955.43","2,822,800.00",19.1,Japan,Tokyo Stock Exchange,USD,158.75,--,IEFA
EXO,EXOR NV,Financials,Equity,"53,853,174.49",0.03,"53,853,174.49","651,692.00",82.64,Netherlands,Euronext Amsterdam,USD,0.85,--,IEFA
AM,DASSAULT AVIATION SA,Industrials,Equity,"53,339,723.56",0.03,"53,339,723.56","140,635.00",379.28,France,Nyse Euronext - Euronext Paris,USD,0.85,--,IEFA
AIA,AUCKLAND INTERNATIONAL AIRPORT LTD,Industrials,Equity,"53,255,987.44",0.03,"53,255,987.44","11,050,323.00",4.82,New Zealand,New Zealand Exchange Ltd,USD,1.7,--,IEFA
KCR,KONECRANES,Industrials,Equity,"53,175,284.93",0.03,"53,175,284.93","1,446,922.00",36.75,Finland,Nasdaq Omx Helsinki Ltd.,USD,0.85,--,IEFA
4188,MITSUBISHI CHEMICAL GROUP CORP,Materials,Equity,"52,863,529.81",0.03,"52,863,529.81","8,722,400.00",6.06,Japan,Tokyo Stock Exchange,USD,158.75,--,IEFA
7259,AISIN CORP,Consumer Discretionary,Equity,"52,824,821.25",0.03,"52,824,821.25","3,552,500.00",14.87,Japan,Tokyo Stock Exchange,USD,158.75,--,IEFA
SCA B,SVENSKA CELLULOSA B,Materials,Equity,"52,686,469.13",0.03,"52,686,469.13","4,375,799.00",12.04,Sweden,Nasdaq Omx Nordic,USD,9.15,--,IEFA
4689,LY CORP,Communication,Equity,"52,652,591.89",0.03,"52,652,591.89","19,483,300.00",2.7,Japan,Tokyo Stock Exchange,USD,158.75,--,IEFA
SPX,SPIRAX GROUP PLC,Industrials,Equity,"52,627,310.67",0.03,"52,627,310.67","521,954.00",100.83,United Kingdom,London Stock Exchange,USD,0.74,--,IEFA
5831,SHIZUOKA FINANCIAL GROUP INC,Financials,Equity,"52,540,786.80",0.03,"52,540,786.80","3,057,400.00",17.18,Japan,Tokyo Stock Exchange,USD,158.75,--,IEFA
SGP,STOCKLAND STAPLED UNITS LTD,Real Estate,Equity,"52,522,389.98",0.03,"52,522,389.98","17,094,361.00",3.07,Australia,Asx - All Markets,USD,1.4,--,IEFA
ELI,ELIA GROUP SA,Utilities,Equity,"52,395,151.79",0.03,"52,395,151.79","319,757.00",163.86,Belgium,Nyse Euronext - Euronext Brussels,USD,0.85,--,IEFA
SRT3,SARTORIUS PREF AG,Health Care,Equity,"52,357,113.13",0.03,"52,357,113.13","186,022.00",281.46,Germany,Xetra,USD,0.85,--,IEFA
IGG,IG GROUP HOLDINGS PLC,Financials,Equity,"52,285,524.53",0.03,"52,285,524.53","2,517,197.00",20.77,United Kingdom,London Stock Exchange,USD,0.74,--,IEFA
ICG,ICG PLC,Financials,Equity,"51,747,525.96",0.03,"51,747,525.96","2,072,931.00",24.96,United Kingdom,London Stock Exchange,USD,0.74,--,IEFA
STERV,STORA ENSO CLASS R,Materials,Equity,"51,656,954.49",0.03,"51,656,954.49","4,181,331.00",12.35,Finland,Nasdaq Omx Helsinki Ltd.,USD,0.85,--,IEFA
SDLF,STANDARD LIFE PLC,Financials,Equity,"51,105,603.58",0.03,"51,105,603.58","4,963,438.00",10.3,United Kingdom,London Stock Exchange,USD,0.74,--,IEFA
RILBA,RINGKJOBING LANDBOBANK,Financials,Equity,"51,084,343.07",0.03,"51,084,343.07","199,452.00",256.12,Denmark,Omx Nordic Exchange Copenhagen A/S,USD,6.35,--,IEFA
CHC,CHARTER HALL GROUP STAPLED UNITS,Real Estate,Equity,"51,090,116.34",0.03,"51,090,116.34","3,374,408.00",15.14,Australia,Asx - All Markets,USD,1.4,--,IEFA
NIBE B,NIBE INDUSTRIER CLASS B,Industrials,Equity,"50,949,137.36",0.03,"50,949,137.36","10,961,913.00",4.65,Sweden,Nasdaq Omx Nordic,USD,9.15,--,IEFA
AUD,AUD CASH,Cash and/or Derivatives,Cash,"50,758,032.54",0.03,"50,758,032.54","70,871,310.00",71.62,Australia,--,USD,1.4,--,IEFA
9042,HANKYU HANSHIN HOLDINGS INC,Industrials,Equity,"50,751,693.60",0.03,"50,751,693.60","1,709,800.00",29.68,Japan,Tokyo Stock Exchange,USD,158.75,--,IEFA
IPN,IPSEN SA,Health Care,Equity,"50,735,974.29",0.03,"50,735,974.29","265,235.00",191.29,France,Nyse Euronext - Euronext Paris,USD,0.85,--,IEFA
KGF,KINGFISHER PLC,Consumer Discretionary,Equity,"50,604,522.21",0.03,"50,604,522.21","12,289,352.00",4.12,United Kingdom,London Stock Exchange,USD,0.74,--,IEFA
ORI,ORICA LTD,Materials,Equity,"50,554,214.24",0.03,"50,554,214.24","3,443,255.00",14.68,Australia,Asx - All Markets,USD,1.4,--,IEFA
NXSN,NEXT VISION STABILIZED SYSTEMS LTD,Information Technology,Equity,"50,560,635.53",0.03,"50,560,635.53","524,378.00",96.42,Israel,Tel Aviv Stock Exchange,USD,2.99,--,IEFA
ANA,ACCIONA SA,Utilities,Equity,"50,522,253.17",0.03,"50,522,253.17","179,879.00",280.87,Spain,Bolsa De Madrid,USD,0.85,--,IEFA
CAR,CAR GROUP LTD,Communication,Equity,"50,485,721.09",0.03,"50,485,721.09","2,724,820.00",18.53,Australia,Asx - All Markets,USD,1.4,--,IEFA
RNO,RENAULT SA,Consumer Discretionary,Equity,"50,342,084.86",0.03,"50,342,084.86","1,350,792.00",37.27,France,Nyse Euronext - Euronext Paris,USD,0.85,--,IEFA
5019,IDEMITSU KOSAN LTD,Energy,Equity,"50,318,774.64",0.03,"50,318,774.64","5,529,840.00",9.1,Japan,Tokyo Stock Exchange,USD,158.75,--,IEFA
MRL,MERLIN PROPERTIES REIT SA,Real Estate,Equity,"50,154,861.43",0.03,"50,154,861.43","2,806,787.00",17.87,Spain,Bolsa De Madrid,USD,0.85,--,IEFA
NDX1,NORDEX,Industrials,Equity,"50,044,264.68",0.03,"50,044,264.68","947,261.00",52.83,Germany,Xetra,USD,0.85,--,IEFA
SUBC,SUBSEA SA,Energy,Equity,"50,024,548.68",0.03,"50,024,548.68","1,592,596.00",31.41,Norway,Oslo Bors Asa,USD,9.33,--,IEFA
AZRG,AZRIELI GROUP LTD,Real Estate,Equity,"49,977,814.08",0.03,"49,977,814.08","322,017.00",155.2,Israel,Tel Aviv Stock Exchange,USD,2.99,--,IEFA
VCX,VICINITY CENTRES,Real Estate,Equity,"49,939,087.26",0.03,"49,939,087.26","27,237,442.00",1.83,Australia,Asx - All Markets,USD,1.4,--,IEFA
66,MTR CORPORATION CORP LTD,Industrials,Equity,"49,943,647.40",0.03,"49,943,647.40","11,436,000.00",4.37,Hong Kong,Hong Kong Exchanges And Clearing Ltd,USD,7.83,--,IEFA
HSX,HISCOX LTD,Financials,Equity,"49,887,032.83",0.03,"49,887,032.83","2,288,493.00",21.8,United Kingdom,London Stock Exchange,USD,0.74,--,IEFA
6479,MINEBEA MITSUMI INC,Industrials,Equity,"49,852,576.32",0.03,"49,852,576.32","2,559,459.00",19.48,Japan,Tokyo Stock Exchange,USD,158.75,--,IEFA
HEN,HENKEL AG,Consumer Staples,Equity,"49,819,043.25",0.03,"49,819,043.25","678,777.00",73.4,Germany,Xetra,USD,0.85,--,IEFA
IFT,INFRATIL LTD,Financials,Equity,"49,644,967.21",0.03,"49,644,967.21","6,858,996.00",7.24,New Zealand,New Zealand Exchange Ltd,USD,1.7,--,IEFA
RBI,RAIFFEISEN BANK INTERNATIONAL AG,Financials,Equity,"49,579,125.42",0.03,"49,579,125.42","943,925.00",52.52,Austria,Wiener Boerse Ag,USD,0.85,--,IEFA
DCC,DCC PLC,Energy,Equity,"49,579,314.05",0.03,"49,579,314.05","698,342.00",71,United Kingdom,London Stock Exchange,USD,0.74,--,IEFA
ALO,ALSTOM SA,Industrials,Equity,"49,541,989.29",0.03,"49,541,989.29","2,463,353.00",20.11,France,Nyse Euronext - Euronext Paris,USD,0.85,--,IEFA
UHR,THE SWATCH GROUP AG,Consumer Discretionary,Equity,"49,482,963.59",0.03,"49,482,963.59","208,565.00",237.25,Switzerland,SIX Swiss Exchange,USD,0.78,--,IEFA
ELISA,ELISA,Communication,Equity,"49,439,630.72",0.03,"49,439,630.72","1,011,547.00",48.88,Finland,Nasdaq Omx Helsinki Ltd.,USD,0.85,--,IEFA
MICC,MAGNUM ICE CREAM NV,Consumer Staples,Equity,"49,441,963.65",0.03,"49,441,963.65","3,478,666.00",14.21,Netherlands,Euronext Amsterdam,USD,0.85,--,IEFA
5201,AGC INC,Industrials,Equity,"49,373,223.09",0.03,"49,373,223.09","1,365,700.00",36.15,Japan,Tokyo Stock Exchange,USD,158.75,--,IEFA
BEZQ,BEZEQ ISRAELI TELECOMMUNICATION CO,Communication,Equity,"49,306,671.09",0.03,"49,306,671.09","18,083,146.00",2.73,Israel,Tel Aviv Stock Exchange,USD,2.99,--,IEFA
7911,TOPPAN HOLDINGS INC,Industrials,Equity,"48,572,879.15",0.03,"48,572,879.15","1,667,900.00",29.12,Japan,Tokyo Stock Exchange,USD,158.75,--,IEFA
8113,UNICHARM CORP,Consumer Staples,Equity,"48,553,793.25",0.03,"48,553,793.25","7,886,700.00",6.16,Japan,Tokyo Stock Exchange,USD,158.75,--,IEFA
8951,NIPPON BUILDING FUND REIT INC,Real Estate,Equity,"48,483,125.77",0.03,"48,483,125.77","56,343.00",860.5,Japan,Tokyo Stock Exchange,USD,158.75,--,IEFA
3563,FOOD & LIFE COMPANIES LTD,Consumer Discretionary,Equity,"48,159,532.58",0.03,"48,159,532.58","805,000.00",59.83,Japan,Tokyo Stock Exchange,USD,158.75,--,IEFA
JMT,JERONIMO MARTINS SA,Consumer Staples,Equity,"48,101,789.08",0.03,"48,101,789.08","1,932,967.00",24.88,Portugal,Nyse Euronext - Euronext Lisbon,USD,0.85,--,IEFA
REC,RECORDATI INDUSTRIA CHIMICA E FARM,Health Care,Equity,"48,041,455.93",0.03,"48,041,455.93","813,792.00",59.03,Italy,Borsa Italiana,USD,0.85,--,IEFA
8354,FUKUOKA FINANCIAL GROUP INC,Financials,Equity,"47,968,172.35",0.03,"47,968,172.35","1,192,780.00",40.22,Japan,Tokyo Stock Exchange,USD,158.75,--,IEFA
NXT,NEXTDC LTD,Information Technology,Equity,"47,664,558.10",0.03,"47,664,558.10","4,713,316.00",10.11,Australia,Asx - All Markets,USD,1.4,--,IEFA
SHL,SONIC HEALTHCARE LTD,Health Care,Equity,"47,631,114.27",0.03,"47,631,114.27","3,271,290.00",14.56,Australia,Asx - All Markets,USD,1.4,--,IEFA
REA,REA GROUP LTD,Communication,Equity,"47,351,002.50",0.03,"47,351,002.50","379,204.00",124.87,Australia,Asx - All Markets,USD,1.4,--,IEFA
KESKOB,KESKO CLASS B,Consumer Staples,Equity,"47,240,432.43",0.03,"47,240,432.43","1,976,906.00",23.9,Finland,Nasdaq Omx Helsinki Ltd.,USD,0.85,--,IEFA
TNE,TECHNOLOGY ONE LTD,Information Technology,Equity,"47,009,774.00",0.03,"47,009,774.00","2,152,764.00",21.84,Australia,Asx - All Markets,USD,1.4,--,IEFA
SFR,SANDFIRE RESOURCES LTD,Materials,Equity,"46,937,181.43",0.03,"46,937,181.43","3,600,902.00",13.03,Australia,Asx - All Markets,USD,1.4,--,IEFA
7272,YAMAHA MOTOR LTD,Consumer Discretionary,Equity,"46,938,741.38",0.03,"46,938,741.38","6,437,400.00",7.29,Japan,Tokyo Stock Exchange,USD,158.75,--,IEFA
NICE,NICE LTD,Information Technology,Equity,"46,906,649.18",0.03,"46,906,649.18","447,079.00",104.92,Israel,Tel Aviv Stock Exchange,USD,2.99,--,IEFA
TE,TECHNIP ENERGIES NV,Energy,Equity,"46,779,401.30",0.03,"46,779,401.30","1,006,574.00",46.47,France,Nyse Euronext - Euronext Paris,USD,0.85,--,IEFA
OPCE,OPC ENERGY LTD,Utilities,Equity,"46,773,442.62",0.03,"46,773,442.62","1,210,440.00",38.64,Israel,Tel Aviv Stock Exchange,USD,2.99,--,IEFA
WTC,WISETECH GLOBAL LTD,Information Technology,Equity,"46,586,248.83",0.03,"46,586,248.83","1,429,906.00",32.58,Australia,Asx - All Markets,USD,1.4,--,IEFA
GPT,GPT GROUP STAPLED UNITS,Real Estate,Equity,"46,572,652.53",0.03,"46,572,652.53","13,777,000.00",3.38,Australia,Asx - All Markets,USD,1.4,--,IEFA
5333,NGK CORP,Industrials,Equity,"46,242,386.85",0.03,"46,242,386.85","1,623,700.00",28.48,Japan,Tokyo Stock Exchange,USD,158.75,--,IEFA
PNDORA,PANDORA,Consumer Discretionary,Equity,"46,245,773.30",0.03,"46,245,773.30","562,651.00",82.19,Denmark,Omx Nordic Exchange Copenhagen A/S,USD,6.35,--,IEFA
3659,NEXON LTD,Communication,Equity,"46,216,054.68",0.03,"46,216,054.68","2,614,600.00",17.68,Japan,Tokyo Stock Exchange,USD,158.75,--,IEFA
IMCD,IMCD NV,Industrials,Equity,"46,157,760.72",0.03,"46,157,760.72","414,936.00",111.24,Netherlands,Euronext Amsterdam,USD,0.85,--,IEFA
BEIJ B,BEIJER REF CLASS B,Industrials,Equity,"45,915,463.84",0.03,"45,915,463.84","2,869,199.00",16,Sweden,Nasdaq Omx Nordic,USD,9.15,--,IEFA
SQN,SWISSQUOTE GROUP HOLDING SA,Financials,Equity,"45,666,517.27",0.03,"45,666,517.27","82,507.00",553.49,Switzerland,SIX Swiss Exchange,USD,0.78,--,IEFA
2801,KIKKOMAN CORP,Consumer Staples,Equity,"45,589,915.90",0.03,"45,589,915.90","4,876,800.00",9.35,Japan,Tokyo Stock Exchange,USD,158.75,--,IEFA
9843,NITORI HOLDINGS LTD,Consumer Discretionary,Equity,"45,553,207.98",0.03,"45,553,207.98","2,860,500.00",15.92,Japan,Tokyo Stock Exchange,USD,158.75,--,IEFA
G24,SCOUT24 N,Communication,Equity,"45,526,428.57",0.03,"45,526,428.57","543,954.00",83.7,Germany,Xetra,USD,0.85,--,IEFA
INDU A,INDUSTRIVARDEN A,Financials,Equity,"45,466,268.69",0.02,"45,466,268.69","833,884.00",54.52,Sweden,Nasdaq Omx Nordic,USD,9.15,--,IEFA
1878,DAITO TRUST CONSTRUCTION LTD,Real Estate,Equity,"45,410,760.65",0.02,"45,410,760.65","2,052,600.00",22.12,Japan,Tokyo Stock Exchange,USD,158.75,--,IEFA
IAG,INTERNATIONAL AIRLINES GROUP SA,Industrials,Equity,"45,389,656.40",0.02,"45,389,656.40","8,371,459.00",5.42,Spain,Bolsa De Madrid,USD,0.85,--,IEFA
HWDN,HOWDEN JOINERY GROUP PLC,Industrials,Equity,"45,315,493.57",0.02,"45,315,493.57","3,975,082.00",11.4,United Kingdom,London Stock Exchange,USD,0.74,--,IEFA
AVOL,AVOLTA AG,Consumer Discretionary,Equity,"45,223,884.55",0.02,"45,223,884.55","673,343.00",67.16,Switzerland,SIX Swiss Exchange,USD,0.78,--,IEFA
DIM,SARTORIUS STEDIM BIOTECH SA,Health Care,Equity,"45,175,844.82",0.02,"45,175,844.82","205,556.00",219.77,France,Nyse Euronext - Euronext Paris,USD,0.85,--,IEFA
MAERSK A,A P MOLLER MAERSK,Industrials,Equity,"45,033,793.81",0.02,"45,033,793.81","19,162.00","2,350.16",Denmark,Omx Nordic Exchange Copenhagen A/S,USD,6.35,--,IEFA
BBY,BALFOUR BEATTY PLC,Industrials,Equity,"44,859,162.20",0.02,"44,859,162.20","3,989,476.00",11.24,United Kingdom,London Stock Exchange,USD,0.74,--,IEFA
FHZN,FLUGHAFEN ZUERICH AG,Industrials,Equity,"44,834,328.75",0.02,"44,834,328.75","142,733.00",314.11,Switzerland,SIX Swiss Exchange,USD,0.78,--,IEFA
2875,TOYO SUISAN LTD,Consumer Staples,Equity,"44,558,883.74",0.02,"44,558,883.74","658,000.00",67.72,Japan,Tokyo Stock Exchange,USD,158.75,--,IEFA
HAG,HENSOLDT AG,Industrials,Equity,"44,460,237.49",0.02,"44,460,237.49","458,589.00",96.95,Germany,Xetra,USD,0.85,--,IEFA
6823,HKT TRUST AND HKT UNITS LTD,Communication,Equity,"44,421,246.19",0.02,"44,421,246.19","27,829,200.00",1.6,Hong Kong,Hong Kong Exchanges And Clearing Ltd,USD,7.83,--,IEFA
LMP,LONDONMETRIC PROPERTY REIT PLC,Real Estate,Equity,"44,144,246.21",0.02,"44,144,246.21","16,757,611.00",2.63,United Kingdom,London Stock Exchange,USD,0.74,--,IEFA
4091,NIPPON SANSO HOLDINGS CORP,Materials,Equity,"44,075,834.83",0.02,"44,075,834.83","1,212,200.00",36.36,Japan,Tokyo Stock Exchange,USD,158.75,--,IEFA
JYSK,JYSKE BANK,Financials,Equity,"43,884,760.73",0.02,"43,884,760.73","301,681.00",145.47,Denmark,Omx Nordic Exchange Copenhagen A/S,USD,6.35,--,IEFA
ZAL,ZALANDO,Consumer Discretionary,Equity,"43,859,255.14",0.02,"43,859,255.14","1,597,036.00",27.46,Germany,Xetra,USD,0.85,--,IEFA
SDR,SCHRODERS PLC,Financials,Equity,"43,718,249.61",0.02,"43,718,249.61","5,578,742.00",7.84,United Kingdom,London Stock Exchange,USD,0.74,--,IEFA
CLIS,CLAL INSURANCE ENTERPRISES LTD,Financials,Equity,"43,582,453.63",0.02,"43,582,453.63","531,489.00",82,Israel,Tel Aviv Stock Exchange,USD,2.99,--,IEFA
EMSN,EMS-CHEMIE HOLDING AG,Materials,Equity,"43,557,313.47",0.02,"43,557,313.47","50,624.00",860.41,Switzerland,SIX Swiss Exchange,USD,0.78,--,IEFA
SCR,SCOR,Financials,Equity,"43,505,659.43",0.02,"43,505,659.43","1,116,570.00",38.96,France,Nyse Euronext - Euronext Paris,USD,0.85,--,IEFA
5411,JFE HOLDINGS INC,Materials,Equity,"43,450,265.52",0.02,"43,450,265.52","3,893,600.00",11.16,Japan,Tokyo Stock Exchange,USD,158.75,--,IEFA
JBH,JB HI-FI LTD,Consumer Discretionary,Equity,"43,409,859.19",0.02,"43,409,859.19","792,409.00",54.78,Australia,Asx - All Markets,USD,1.4,--,IEFA
SGH,SGH LTD,Industrials,Equity,"43,392,341.79",0.02,"43,392,341.79","1,456,416.00",29.79,Australia,Asx - All Markets,USD,1.4,--,IEFA
3099,ISETAN MITSUKOSHI HOLDINGS LTD,Consumer Discretionary,Equity,"43,363,938.39",0.02,"43,363,938.39","2,210,600.00",19.62,Japan,Tokyo Stock Exchange,USD,158.75,--,IEFA
5844,KYOTO FINANCIAL GROUP INC,Financials,Equity,"43,103,914.45",0.02,"43,103,914.45","1,588,700.00",27.13,Japan,Tokyo Stock Exchange,USD,158.75,--,IEFA
SPM,SAIPEM,Energy,Equity,"42,811,907.81",0.02,"42,811,907.81","9,101,381.00",4.7,Italy,Borsa Italiana,USD,0.85,--,IEFA
1308,SITC INTERNATIONAL HOLDINGS LTD,Industrials,Equity,"42,687,976.71",0.02,"42,687,976.71","9,684,000.00",4.41,Hong Kong,Hong Kong Exchanges And Clearing Ltd,USD,7.83,--,IEFA
BMW3,BMW PREF AG,Consumer Discretionary,Equity,"42,675,591.93",0.02,"42,675,591.93","435,999.00",97.88,Germany,Xetra,USD,0.85,--,IEFA
PME,PRO MEDICUS LTD,Health Care,Equity,"42,621,719.19",0.02,"42,621,719.19","410,987.00",103.71,Australia,Asx - All Markets,USD,1.4,--,IEFA
PAH3,PORSCHE AUTOMOBIL HOLDING PREF,Consumer Discretionary,Equity,"42,572,083.85",0.02,"42,572,083.85","1,094,594.00",38.89,Germany,Xetra,USD,0.85,02-Jan-90,IEFA
4612,NIPPON PAINT HOLDINGS LTD,Materials,Equity,"42,452,950.64",0.02,"42,452,950.64","6,729,100.00",6.31,Japan,Tokyo Stock Exchange,USD,158.75,--,IEFA
FIBI,FIRST INTERNATIONAL BANK LTD,Financials,Equity,"42,372,758.78",0.02,"42,372,758.78","502,588.00",84.31,Israel,Tel Aviv Stock Exchange,USD,2.99,--,IEFA
4204,SEKISUI CHEMICAL LTD,Industrials,Equity,"42,256,661.94",0.02,"42,256,661.94","2,623,400.00",16.11,Japan,Tokyo Stock Exchange,USD,158.75,--,IEFA
F34,WILMAR INTERNATIONAL LTD,Consumer Staples,Equity,"42,181,331.39",0.02,"42,181,331.39","13,780,500.00",3.06,Singapore,Singapore Exchange,USD,1.27,--,IEFA
9501,TOKYO ELECTRIC POWER HOLDINGS INC,Utilities,Equity,"42,105,267.88",0.02,"42,105,267.88","10,930,500.00",3.85,Japan,Tokyo Stock Exchange,USD,158.75,--,IEFA
PRU,PERSEUS MINING LTD,Materials,Equity,"42,049,233.54",0.02,"42,049,233.54","10,354,776.00",4.06,Australia,Asx - All Markets,USD,1.4,--,IEFA
AIXA,AIXTRON,Information Technology,Equity,"41,943,968.90",0.02,"41,943,968.90","820,820.00",51.1,Germany,Xetra,USD,0.85,--,IEFA
HUB,HUB24 LTD,Financials,Equity,"41,935,959.91",0.02,"41,935,959.91","613,446.00",68.36,Australia,Asx - All Markets,USD,1.4,--,IEFA
AUTO,AUTOTRADER GROUP PLC,Communication,Equity,"41,862,659.08",0.02,"41,862,659.08","6,046,218.00",6.92,United Kingdom,London Stock Exchange,USD,0.74,--,IEFA
LAND,LAND SECURITIES GROUP REIT PLC,Real Estate,Equity,"41,730,481.55",0.02,"41,730,481.55","5,021,789.00",8.31,United Kingdom,London Stock Exchange,USD,0.74,--,IEFA
2269,MEIJI HOLDINGS LTD,Consumer Staples,Equity,"41,668,099.15",0.02,"41,668,099.15","1,756,400.00",23.72,Japan,Tokyo Stock Exchange,USD,158.75,--,IEFA
NEX,NEXANS SA,Industrials,Equity,"41,548,035.44",0.02,"41,548,035.44","257,631.00",161.27,France,Nyse Euronext - Euronext Paris,USD,0.85,--,IEFA
GALE,GALENICA AG,Health Care,Equity,"41,481,505.39",0.02,"41,481,505.39","357,913.00",115.9,Switzerland,SIX Swiss Exchange,USD,0.78,--,IEFA
SSAB B,SSAB CLASS B,Materials,Equity,"41,365,712.80",0.02,"41,365,712.80","4,546,228.00",9.1,Sweden,Nasdaq Omx Nordic,USD,9.15,--,IEFA
8136,SANRIO LTD,Consumer Discretionary,Equity,"41,366,880.85",0.02,"41,366,880.85","6,281,000.00",6.59,Japan,Tokyo Stock Exchange,USD,158.75,--,IEFA
6645,OMRON CORP,Information Technology,Equity,"41,315,014.65",0.02,"41,315,014.65","1,287,000.00",32.1,Japan,Tokyo Stock Exchange,USD,158.75,--,IEFA
WTB,WHITBREAD PLC,Consumer Discretionary,Equity,"41,098,584.97",0.02,"41,098,584.97","1,211,787.00",33.92,United Kingdom,London Stock Exchange,USD,0.74,--,IEFA
EDEN,EDENRED,Financials,Equity,"40,979,244.74",0.02,"40,979,244.74","1,714,045.00",23.91,France,Nyse Euronext - Euronext Paris,USD,0.85,--,IEFA
522,ASMPT LTD,Information Technology,Equity,"40,861,164.21",0.02,"40,861,164.21","2,308,700.00",17.7,Hong Kong,Hong Kong Exchanges And Clearing Ltd,USD,7.83,--,IEFA
BRBY,BURBERRY GROUP PLC,Consumer Discretionary,Equity,"40,842,688.95",0.02,"40,842,688.95","2,567,357.00",15.91,United Kingdom,London Stock Exchange,USD,0.74,--,IEFA
ALSYDB,AL SYDBANK,Financials,Equity,"40,827,557.69",0.02,"40,827,557.69","458,750.00",89,Denmark,Omx Nordic Exchange Copenhagen A/S,USD,6.35,--,IEFA
12,HENDERSON LAND DEVELOPMENT LTD,Real Estate,Equity,"40,784,053.56",0.02,"40,784,053.56","10,582,570.00",3.85,Hong Kong,Hong Kong Exchanges And Clearing Ltd,USD,7.83,--,IEFA
RHC,RAMSAY HEALTH CARE LTD,Health Care,Equity,"40,773,567.18",0.02,"40,773,567.18","1,372,148.00",29.72,Australia,Asx - All Markets,USD,1.4,--,IEFA
QUB,QUBE HOLDINGS LTD,Industrials,Equity,"40,671,091.46",0.02,"40,671,091.46","11,334,798.00",3.59,Australia,Asx - All Markets,USD,1.4,--,IEFA
9107,KAWASAKI KISEN LTD,Industrials,Equity,"40,674,689.60",0.02,"40,674,689.60","2,524,200.00",16.11,Japan,Tokyo Stock Exchange,USD,158.75,--,IEFA
83,SINO LAND LTD,Real Estate,Equity,"40,615,253.38",0.02,"40,615,253.38","27,092,000.00",1.5,Hong Kong,Hong Kong Exchanges And Clearing Ltd,USD,7.83,--,IEFA
8729,SONY FINANCIAL GROUP INC,Financials,Equity,"40,570,569.84",0.02,"40,570,569.84","43,841,900.00",0.93,Japan,Tokyo Stock Exchange,USD,158.75,--,IEFA
4528,ONO PHARMACEUTICAL LTD,Health Care,Equity,"40,575,075.75",0.02,"40,575,075.75","2,651,200.00",15.3,Japan,Tokyo Stock Exchange,USD,158.75,--,IEFA
SBMO,SBM OFFSHORE NV,Energy,Equity,"40,455,211.00",0.02,"40,455,211.00","990,977.00",40.82,Netherlands,Euronext Amsterdam,USD,0.85,--,IEFA
CAST,CASTELLUM,Real Estate,Equity,"40,438,123.85",0.02,"40,438,123.85","2,952,451.00",13.7,Sweden,Nasdaq Omx Nordic,USD,9.15,--,IEFA
9CI,CAPITALAND INVESTMENT LTD,Real Estate,Equity,"40,378,469.53",0.02,"40,378,469.53","17,942,300.00",2.25,Singapore,Singapore Exchange,USD,1.27,--,IEFA
WDP,WAREHOUSES DE PAUW NV,Real Estate,Equity,"40,361,434.08",0.02,"40,361,434.08","1,420,357.00",28.42,Belgium,Nyse Euronext - Euronext Brussels,USD,0.85,--,IEFA
P911,DR ING HC F PORSCHE PRF AG,Consumer Discretionary,Equity,"40,375,217.25",0.02,"40,375,217.25","804,766.00",50.17,Germany,Xetra,USD,0.85,--,IEFA
7701,SHIMADZU CORP,Information Technology,Equity,"40,302,018.96",0.02,"40,302,018.96","1,712,000.00",23.54,Japan,Tokyo Stock Exchange,USD,158.75,--,IEFA
NDA,AURUBIS AG,Materials,Equity,"40,249,883.24",0.02,"40,249,883.24","179,489.00",224.25,Germany,Xetra,USD,0.85,--,IEFA
1944,KINDEN CORP,Industrials,Equity,"40,122,352.20",0.02,"40,122,352.20","897,200.00",44.72,Japan,Tokyo Stock Exchange,USD,158.75,--,IEFA
8953,JAPAN METROPOLITAN FUND INVESTMENT,Real Estate,Equity,"40,123,972.41",0.02,"40,123,972.41","53,079.00",755.93,Japan,Tokyo Stock Exchange,USD,158.75,--,IEFA
4186,TOKYO OHKA KOGYO LTD,Materials,Equity,"40,012,246.05",0.02,"40,012,246.05","708,900.00",56.44,Japan,Tokyo Stock Exchange,USD,158.75,--,IEFA
BGEO,LION FINANCE GROUP PLC,Financials,Equity,"39,998,622.17",0.02,"39,998,622.17","254,765.00",157,United Kingdom,London Stock Exchange,USD,0.74,--,IEFA
GJF,GJENSIDIGE FORSIKRING,Financials,Equity,"39,818,037.15",0.02,"39,818,037.15","1,428,430.00",27.88,Norway,Oslo Bors Asa,USD,9.33,--,IEFA
1038,CHEUNG KONG INFRASTRUCTURE HOLDING,Utilities,Equity,"39,800,499.29",0.02,"39,800,499.29","4,726,000.00",8.42,Hong Kong,Hong Kong Exchanges And Clearing Ltd,USD,7.83,--,IEFA
9962,MISUMI GROUP INC,Industrials,Equity,"39,725,862.23",0.02,"39,725,862.23","2,013,500.00",19.73,Japan,Tokyo Stock Exchange,USD,158.75,--,IEFA
1928,SANDS CHINA LTD,Consumer Discretionary,Equity,"39,543,281.17",0.02,"39,543,281.17","17,827,600.00",2.22,Hong Kong,Hong Kong Exchanges And Clearing Ltd,USD,7.83,--,IEFA
9005,TOKYU CORP,Industrials,Equity,"39,551,155.00",0.02,"39,551,155.00","3,501,700.00",11.29,Japan,Tokyo Stock Exchange,USD,158.75,--,IEFA
PLUS,PLUS500 LTD,Financials,Equity,"39,357,894.27",0.02,"39,357,894.27","629,693.00",62.5,United Kingdom,London Stock Exchange,USD,0.74,--,IEFA
ANDR,ANDRITZ AG,Industrials,Equity,"39,247,934.95",0.02,"39,247,934.95","483,210.00",81.22,Austria,Wiener Boerse Ag,USD,0.85,--,IEFA
R3NK,RENK GROUP AG,Industrials,Equity,"39,123,051.11",0.02,"39,123,051.11","604,280.00",64.74,Germany,Xetra,USD,0.85,--,IEFA
ELIS,ELIS SA,Industrials,Equity,"39,126,473.18",0.02,"39,126,473.18","1,238,387.00",31.59,France,Nyse Euronext - Euronext Paris,USD,0.85,--,IEFA
3003,HULIC LTD,Real Estate,Equity,"39,060,575.77",0.02,"39,060,575.77","3,255,800.00",12,Japan,Tokyo Stock Exchange,USD,158.75,--,IEFA
CRDA,CRODA INTERNATIONAL PLC,Materials,Equity,"39,022,777.34",0.02,"39,022,777.34","950,794.00",41.04,United Kingdom,London Stock Exchange,USD,0.74,--,IEFA
5101,YOKOHAMA RUBBER LTD,Consumer Discretionary,Equity,"39,023,394.75",0.02,"39,023,394.75","917,200.00",42.55,Japan,Tokyo Stock Exchange,USD,158.75,--,IEFA
LAGR B,LAGERCRANTZ GROUP CLASS B,Information Technology,Equity,"38,978,841.21",0.02,"38,978,841.21","1,473,521.00",26.45,Sweden,Nasdaq Omx Nordic,USD,9.15,--,IEFA
FRO,FRONTLINE PLC,Energy,Equity,"38,957,018.34",0.02,"38,957,018.34","1,063,276.00",36.64,Norway,Oslo Bors Asa,USD,9.33,--,IEFA
7181,JAPAN POST INSURANCE LTD,Financials,Equity,"38,923,645.47",0.02,"38,923,645.47","3,919,400.00",9.93,Japan,Tokyo Stock Exchange,USD,158.75,--,IEFA
ALD,AMPOL LTD,Energy,Equity,"38,878,489.60",0.02,"38,878,489.60","1,702,773.00",22.83,Australia,Asx - All Markets,USD,1.4,--,IEFA
RMS,RAMELIUS RESOURCES LTD,Materials,Equity,"38,830,739.66",0.02,"38,830,739.66","13,554,433.00",2.86,Australia,Asx - All Markets,USD,1.4,--,IEFA
AZA,AVANZA BANK HOLDING,Financials,Equity,"38,828,909.28",0.02,"38,828,909.28","911,289.00",42.61,Sweden,Nasdaq Omx Nordic,USD,9.15,--,IEFA
LHA,DEUTSCHE LUFTHANSA AG,Industrials,Equity,"38,763,733.85",0.02,"38,763,733.85","4,225,065.00",9.17,Germany,Xetra,USD,0.85,--,IEFA
LEG,LEG IMMOBILIEN N,Real Estate,Equity,"38,693,500.83",0.02,"38,693,500.83","531,885.00",72.75,Germany,Xetra,USD,0.85,--,IEFA
CAMT,CAMTEK LTD,Information Technology,Equity,"38,680,966.21",0.02,"38,680,966.21","212,532.00",182,Israel,Tel Aviv Stock Exchange,USD,2.99,--,IEFA
TITR,TELECOM ITALIA S.P.A.,Communication,Equity,"38,609,713.80",0.02,"38,609,713.80","42,201,898.00",0.91,Italy,Borsa Italiana,USD,0.85,--,IEFA
9024,SEIBU HOLDINGS INC,Industrials,Equity,"38,518,000.57",0.02,"38,518,000.57","1,513,500.00",25.45,Japan,Tokyo Stock Exchange,USD,158.75,--,IEFA
TKA,THYSSENKRUPP AG,Materials,Equity,"38,386,289.83",0.02,"38,386,289.83","3,592,939.00",10.68,Germany,Xetra,USD,0.85,--,IEFA
6370,KURITA WATER INDUSTRIES LTD,Industrials,Equity,"38,330,027.40",0.02,"38,330,027.40","745,400.00",51.42,Japan,Tokyo Stock Exchange,USD,158.75,--,IEFA
VOE,VOESTALPINE AG,Materials,Equity,"38,217,689.77",0.02,"38,217,689.77","759,623.00",50.31,Austria,Wiener Boerse Ag,USD,0.85,--,IEFA
ISS,ISS A S,Industrials,Equity,"38,207,491.06",0.02,"38,207,491.06","1,023,461.00",37.33,Denmark,Omx Nordic Exchange Copenhagen A/S,USD,6.35,--,IEFA
AMUN,AMUNDI SA,Financials,Equity,"38,143,114.35",0.02,"38,143,114.35","416,758.00",91.52,France,Nyse Euronext - Euronext Paris,USD,0.85,--,IEFA
TEMN,TEMENOS AG,Information Technology,Equity,"38,148,530.24",0.02,"38,148,530.24","389,335.00",97.98,Switzerland,SIX Swiss Exchange,USD,0.78,--,IEFA
1997,WHARF REAL ESTATE INVESTMENT COMPA,Real Estate,Equity,"37,844,713.03",0.02,"37,844,713.03","12,176,000.00",3.11,Hong Kong,Hong Kong Exchanges And Clearing Ltd,USD,7.83,--,IEFA
7550,ZENSHO HOLDINGS LTD,Consumer Discretionary,Equity,"37,819,518.10",0.02,"37,819,518.10","705,400.00",53.61,Japan,Tokyo Stock Exchange,USD,158.75,--,IEFA
7201,NISSAN MOTOR LTD,Consumer Discretionary,Equity,"37,789,430.22",0.02,"37,789,430.22","15,811,500.00",2.39,Japan,Tokyo Stock Exchange,USD,158.75,--,IEFA
BLND,BRITISH LAND REIT PLC,Real Estate,Equity,"37,643,303.24",0.02,"37,643,303.24","7,032,972.00",5.35,United Kingdom,London Stock Exchange,USD,0.74,--,IEFA
IDR,INDRA SISTEMAS SA,Information Technology,Equity,"37,196,563.68",0.02,"37,196,563.68","576,621.00",64.51,Spain,Bolsa De Madrid,USD,0.85,--,IEFA
4021,NISSAN CHEMICAL CORP,Materials,Equity,"37,150,177.96",0.02,"37,150,177.96","911,500.00",40.76,Japan,Tokyo Stock Exchange,USD,158.75,--,IEFA
SAVE,NORDNET,Financials,Equity,"37,065,664.74",0.02,"37,065,664.74","1,000,855.00",37.03,Sweden,Nasdaq Omx Nordic,USD,9.15,--,IEFA
GGP,GREATLAND RESOURCES LTD,Materials,Equity,"36,979,120.43",0.02,"36,979,120.43","3,543,747.00",10.44,Australia,Asx - All Markets,USD,1.4,--,IEFA
GMD,GENESIS MINERALS LTD,Materials,Equity,"36,991,460.90",0.02,"36,991,460.90","7,663,149.00",4.83,Australia,Asx - All Markets,USD,1.4,--,IEFA
CTEC,CONVATEC GROUP PLC,Health Care,Equity,"36,964,727.84",0.02,"36,964,727.84","11,543,374.00",3.2,United Kingdom,London Stock Exchange,USD,0.74,--,IEFA
ABDN,ABERDEEN GROUP PLC,Financials,Equity,"36,591,183.00",0.02,"36,591,183.00","12,990,149.00",2.82,United Kingdom,London Stock Exchange,USD,0.74,--,IEFA
9147,NIPPON EXPRESS HOLDINGS INC,Industrials,Equity,"36,457,649.69",0.02,"36,457,649.69","1,510,300.00",24.14,Japan,Tokyo Stock Exchange,USD,158.75,--,IEFA
GETI B,GETINGE B,Health Care,Equity,"36,436,327.37",0.02,"36,436,327.37","1,659,195.00",21.96,Sweden,Nasdaq Omx Nordic,USD,9.15,--,IEFA
EVK,EVONIK INDUSTRIES AG,Materials,Equity,"36,300,119.57",0.02,"36,300,119.57","1,816,095.00",19.99,Germany,Xetra,USD,0.85,--,IEFA
8952,JAPAN REAL ESTATE INVESTMENT TRUST,Real Estate,Equity,"36,213,046.08",0.02,"36,213,046.08","47,275.00",766.01,Japan,Tokyo Stock Exchange,USD,158.75,--,IEFA
8359,HACHIJUNI NAGANO BANK LTD,Financials,Equity,"36,167,589.53",0.02,"36,167,589.53","2,760,300.00",13.1,Japan,Tokyo Stock Exchange,USD,158.75,--,IEFA
6532,BAYCURRENT INC,Industrials,Equity,"36,124,343.44",0.02,"36,124,343.44","1,007,300.00",35.86,Japan,Tokyo Stock Exchange,USD,158.75,--,IEFA
MGR,MIRVAC GROUP STAPLED UNITS,Real Estate,Equity,"36,104,762.43",0.02,"36,104,762.43","28,084,437.00",1.29,Australia,Asx - All Markets,USD,1.4,--,IEFA
CSG,CSG CLASS A NV,Industrials,Equity,"36,073,017.09",0.02,"36,073,017.09","1,444,467.00",24.97,Netherlands,Euronext Amsterdam,USD,0.85,--,IEFA
MNDI,MONDI PLC,Materials,Equity,"35,986,968.66",0.02,"35,986,968.66","3,105,213.00",11.59,United Kingdom,London Stock Exchange,USD,0.74,--,IEFA
3626,TIS INC,Information Technology,Equity,"35,952,746.86",0.02,"35,952,746.86","1,556,400.00",23.1,Japan,Tokyo Stock Exchange,USD,158.75,--,IEFA
INVP,INVESTEC PLC,Financials,Equity,"35,843,797.23",0.02,"35,843,797.23","4,157,773.00",8.62,United Kingdom,London Stock Exchange,USD,0.74,--,IEFA
3088,MATSUKIYOKARA,Consumer Staples,Equity,"35,786,160.19",0.02,"35,786,160.19","2,407,150.00",14.87,Japan,Tokyo Stock Exchange,USD,158.75,--,IEFA
VER,VERBUND AG,Utilities,Equity,"35,682,710.52",0.02,"35,682,710.52","480,393.00",74.28,Austria,Wiener Boerse Ag,USD,0.85,--,IEFA
5830,IYOGIN HOLDINGS INC,Financials,Equity,"35,694,201.39",0.02,"35,694,201.39","1,839,700.00",19.4,Japan,Tokyo Stock Exchange,USD,158.75,--,IEFA
ENT,ENTAIN PLC,Consumer Discretionary,Equity,"35,699,948.46",0.02,"35,699,948.46","4,303,787.00",8.3,United Kingdom,London Stock Exchange,USD,0.74,--,IEFA
AZM,AZIMUT HOLDING,Financials,Equity,"35,668,483.90",0.02,"35,668,483.90","817,833.00",43.61,Italy,Borsa Italiana,USD,0.85,--,IEFA
PSN,PERSIMMON PLC,Consumer Discretionary,Equity,"35,536,742.67",0.02,"35,536,742.67","2,255,686.00",15.75,United Kingdom,London Stock Exchange,USD,0.74,--,IEFA
BARN,BARRY CALLEBAUT AG,Consumer Staples,Equity,"35,535,636.32",0.02,"35,535,636.32","25,156.00","1,412.61",Switzerland,SIX Swiss Exchange,USD,0.78,--,IEFA
AAK,AAK,Consumer Staples,Equity,"35,504,283.07",0.02,"35,504,283.07","1,320,348.00",26.89,Sweden,Nasdaq Omx Nordic,USD,9.15,--,IEFA
QAN,QANTAS AIRWAYS LTD,Industrials,Equity,"35,507,710.60",0.02,"35,507,710.60","5,388,905.00",6.59,Australia,Asx - All Markets,USD,1.4,--,IEFA
6113,AMADA LTD,Industrials,Equity,"35,468,558.06",0.02,"35,468,558.06","2,263,500.00",15.67,Japan,Tokyo Stock Exchange,USD,158.75,--,IEFA
U96,SEMBCORP INDUSTRIES LTD,Utilities,Equity,"35,457,214.46",0.02,"35,457,214.46","6,521,100.00",5.44,Singapore,Singapore Exchange,USD,1.27,--,IEFA
HUBN,HUBER & SUHNER AG,Industrials,Equity,"35,352,736.61",0.02,"35,352,736.61","125,704.00",281.24,Switzerland,SIX Swiss Exchange,USD,0.78,--,IEFA
6976,TAIYO YUDEN LTD,Information Technology,Equity,"35,318,556.17",0.02,"35,318,556.17","901,100.00",39.19,Japan,Tokyo Stock Exchange,USD,158.75,--,IEFA
EDPR,EDP RENOVAVEIS SA,Utilities,Equity,"35,266,066.26",0.02,"35,266,066.26","2,247,476.00",15.69,Portugal,Nyse Euronext - Euronext Lisbon,USD,0.85,--,IEFA
BTRW,BARRATT REDROW PLC,Consumer Discretionary,Equity,"35,251,536.52",0.02,"35,251,536.52","9,726,805.00",3.62,United Kingdom,London Stock Exchange,USD,0.74,--,IEFA
9602,TOHO (TOKYO) LTD,Communication,Equity,"35,214,638.26",0.02,"35,214,638.26","3,809,300.00",9.24,Japan,Tokyo Stock Exchange,USD,158.75,--,IEFA
BALD B,FASTIGHETS BALDER CLASS B,Real Estate,Equity,"35,182,255.43",0.02,"35,182,255.43","5,309,462.00",6.63,Sweden,Nasdaq Omx Nordic,USD,9.15,--,IEFA
1942,KANDENKO LTD,Industrials,Equity,"35,156,791.71",0.02,"35,156,791.71","909,100.00",38.67,Japan,Tokyo Stock Exchange,USD,158.75,--,IEFA
TASE,TEL AVIV STOCK EXCHANGE LTD,Financials,Equity,"35,152,146.14",0.02,"35,152,146.14","702,338.00",50.05,Israel,Tel Aviv Stock Exchange,USD,2.99,--,IEFA
3289,TOKYU FUDOSAN HOLDINGS CORP,Real Estate,Equity,"34,986,440.52",0.02,"34,986,440.52","4,027,500.00",8.69,Japan,Tokyo Stock Exchange,USD,158.75,--,IEFA
AZJ,AURIZON HOLDINGS LTD,Industrials,Equity,"34,878,588.27",0.02,"34,878,588.27","11,877,929.00",2.94,Australia,Asx - All Markets,USD,1.4,--,IEFA
9508,KYUSHU ELECTRIC POWER INC,Utilities,Equity,"34,570,839.40",0.02,"34,570,839.40","3,110,200.00",11.12,Japan,Tokyo Stock Exchange,USD,158.75,--,IEFA
SYENS,SYENSQO NV,Materials,Equity,"34,524,939.82",0.02,"34,524,939.82","525,614.00",65.68,Belgium,Nyse Euronext - Euronext Brussels,USD,0.85,--,IEFA
ALK B,ALK-ABELLO CLASS B,Health Care,Equity,"34,530,237.13",0.02,"34,530,237.13","982,147.00",35.16,Denmark,Omx Nordic Exchange Copenhagen A/S,USD,6.35,--,IEFA
4005,SUMITOMO CHEMICAL LTD,Materials,Equity,"34,462,751.58",0.02,"34,462,751.58","10,492,500.00",3.28,Japan,Tokyo Stock Exchange,USD,158.75,--,IEFA
PROT,PROTECTOR FORSIKRING,Financials,Equity,"34,377,364.16",0.02,"34,377,364.16","653,548.00",52.6,Norway,Oslo Bors Asa,USD,9.33,--,IEFA
2702,MCDONALDS HOLDINGS (JAPAN) LTD,Consumer Discretionary,Equity,"34,383,495.54",0.02,"34,383,495.54","660,800.00",52.03,Japan,Tokyo Stock Exchange,USD,158.75,--,IEFA
ADP,AEROPORTS DE PARIS SA,Industrials,Equity,"34,284,273.74",0.02,"34,284,273.74","259,811.00",131.96,France,Nyse Euronext - Euronext Paris,USD,0.85,--,IEFA
3288,OPEN HOUSE GROUP LTD,Consumer Discretionary,Equity,"34,162,099.59",0.02,"34,162,099.59","562,500.00",60.73,Japan,Tokyo Stock Exchange,USD,158.75,--,IEFA
8334,GUNMA BANK LTD,Financials,Equity,"34,105,200.16",0.02,"34,105,200.16","2,483,500.00",13.73,Japan,Tokyo Stock Exchange,USD,158.75,--,IEFA
CEN,CONTACT ENERGY LTD,Utilities,Equity,"34,107,247.38",0.02,"34,107,247.38","6,172,648.00",5.53,New Zealand,New Zealand Exchange Ltd,USD,1.7,--,IEFA
RMV,RIGHTMOVE PLC,Communication,Equity,"34,066,813.27",0.02,"34,066,813.27","5,554,963.00",6.13,United Kingdom,London Stock Exchange,USD,0.74,--,IEFA
LUND B,LUNDBERGFORETAGEN CLASS B,Financials,Equity,"34,011,507.27",0.02,"34,011,507.27","546,355.00",62.25,Sweden,Nasdaq Omx Nordic,USD,9.15,--,IEFA
VEND,VEND MARKETPLACES ASA,Communication,Equity,"34,024,718.25",0.02,"34,024,718.25","1,212,215.00",28.07,Norway,Oslo Bors Asa,USD,9.33,--,IEFA
BCVN,BC VAUD N,Financials,Equity,"33,989,334.66",0.02,"33,989,334.66","216,769.00",156.8,Switzerland,SIX Swiss Exchange,USD,0.78,--,IEFA
DIE,DIETEREN (D) SA,Consumer Discretionary,Equity,"33,850,982.37",0.02,"33,850,982.37","155,610.00",217.54,Belgium,Nyse Euronext - Euronext Brussels,USD,0.85,--,IEFA
BKG,BERKELEY GROUP HOLDINGS (THE) PLC,Consumer Discretionary,Equity,"33,805,312.03",0.02,"33,805,312.03","715,466.00",47.25,United Kingdom,London Stock Exchange,USD,0.74,--,IEFA
VK,VALLOUREC SA,Energy,Equity,"33,769,200.76",0.02,"33,769,200.76","1,207,376.00",27.97,France,Nyse Euronext - Euronext Paris,USD,0.85,--,IEFA
5332,TOTO LTD,Industrials,Equity,"33,747,787.96",0.02,"33,747,787.96","965,800.00",34.94,Japan,Tokyo Stock Exchange,USD,158.75,--,IEFA
SAGA B,SAGAX CLASS B,Real Estate,Equity,"33,730,570.50",0.02,"33,730,570.50","1,623,246.00",20.78,Sweden,Nasdaq Omx Nordic,USD,9.15,--,IEFA
19,SWIRE PACIFIC LTD A,Industrials,Equity,"33,641,006.00",0.02,"33,641,006.00","3,114,000.00",10.8,Hong Kong,Hong Kong Exchanges And Clearing Ltd,USD,7.83,--,IEFA
DXS,DEXUS STAPLED UNITS,Real Estate,Equity,"33,538,916.77",0.02,"33,538,916.77","7,626,870.00",4.4,Australia,Asx - All Markets,USD,1.4,--,IEFA
3436,SUMCO CORP,Information Technology,Equity,"33,461,998.80",0.02,"33,461,998.80","2,517,500.00",13.29,Japan,Tokyo Stock Exchange,USD,158.75,--,IEFA
BMED,BANCA MEDIOLANUM,Financials,Equity,"33,230,121.01",0.02,"33,230,121.01","1,509,992.00",22.01,Italy,Borsa Italiana,USD,0.85,--,IEFA
BZU,BUZZI,Materials,Equity,"33,168,409.58",0.02,"33,168,409.58","576,450.00",57.54,Italy,Borsa Italiana,USD,0.85,--,IEFA
BBOX,TRITAX BIG BOX REIT PLC,Real Estate,Equity,"33,127,362.00",0.02,"33,127,362.00","15,804,549.00",2.1,United Kingdom,London Stock Exchange,USD,0.74,--,IEFA
7747,ASAHI INTECC LTD,Health Care,Equity,"33,062,052.35",0.02,"33,062,052.35","1,514,700.00",21.83,Japan,Tokyo Stock Exchange,USD,158.75,--,IEFA
8377,HOKUHOKU FINANCIAL GROUP INC,Financials,Equity,"32,992,431.26",0.02,"32,992,431.26","852,300.00",38.71,Japan,Tokyo Stock Exchange,USD,158.75,--,IEFA
DHER,DELIVERY HERO,Consumer Discretionary,Equity,"32,953,357.09",0.02,"32,953,357.09","1,383,112.00",23.83,Germany,Xetra,USD,0.85,--,IEFA
LOTB,LOTUS BAKERIES NV,Consumer Staples,Equity,"32,884,791.77",0.02,"32,884,791.77","2,802.00","11,736.18",Belgium,Nyse Euronext - Euronext Brussels,USD,0.85,--,IEFA
7752,RICOH LTD,Information Technology,Equity,"32,849,523.45",0.02,"32,849,523.45","3,800,800.00",8.64,Japan,Tokyo Stock Exchange,USD,158.75,--,IEFA
GBF,BILFINGER,Industrials,Equity,"32,812,616.47",0.02,"32,812,616.47","257,146.00",127.6,Germany,Xetra,USD,0.85,--,IEFA
SB1NO,SPAREBANK SR-NORGE,Financials,Equity,"32,686,315.67",0.02,"32,686,315.67","1,419,103.00",23.03,Norway,Oslo Bors Asa,USD,9.33,--,IEFA
CPR,DAVIDE CAMPARI MILANO NV,Consumer Staples,Equity,"32,672,620.77",0.02,"32,672,620.77","4,311,230.00",7.58,Italy,Borsa Italiana,USD,0.85,--,IEFA
4704,TREND MICRO INC,Information Technology,Equity,"32,589,957.48",0.02,"32,589,957.48","898,800.00",36.26,Japan,Tokyo Stock Exchange,USD,158.75,--,IEFA
8341,77 BANK LTD,Financials,Equity,"32,592,457.09",0.02,"32,592,457.09","1,610,800.00",20.23,Japan,Tokyo Stock Exchange,USD,158.75,--,IEFA
3197,SKYLARK HOLDINGS LTD,Consumer Discretionary,Equity,"32,575,859.40",0.02,"32,575,859.40","1,622,100.00",20.08,Japan,Tokyo Stock Exchange,USD,158.75,--,IEFA
AYV,AYVENS SA,Industrials,Equity,"32,501,079.12",0.02,"32,501,079.12","2,471,797.00",13.15,France,Nyse Euronext - Euronext Paris,USD,0.85,--,IEFA
WHC,WHITEHAVEN COAL LTD,Energy,Equity,"32,516,112.69",0.02,"32,516,112.69","5,934,756.00",5.48,Australia,Asx - All Markets,USD,1.4,--,IEFA
NEM,NEMETSCHEK,Information Technology,Equity,"32,488,432.42",0.02,"32,488,432.42","415,026.00",78.28,Germany,Xetra,USD,0.85,--,IEFA
SIGN,SIG GROUP N AG,Materials,Equity,"32,439,403.85",0.02,"32,439,403.85","2,188,957.00",14.82,Switzerland,SIX Swiss Exchange,USD,0.78,--,IEFA
JMAT,JOHNSON MATTHEY PLC,Materials,Equity,"32,363,756.26",0.02,"32,363,756.26","1,162,895.00",27.83,United Kingdom,London Stock Exchange,USD,0.74,--,IEFA
8972,KDX REALTY INVESTMENT REIT CORP,Real Estate,Equity,"32,349,885.04",0.02,"32,349,885.04","30,659.00","1,055.15",Japan,Tokyo Stock Exchange,USD,158.75,--,IEFA
ZEG,ZEGONA COMMUNICATIONS PLC,Communication,Equity,"32,317,529.07",0.02,"32,317,529.07","1,308,773.00",24.69,United Kingdom,London Stock Exchange,USD,0.74,--,IEFA
6869,SYSMEX CORP,Health Care,Equity,"32,332,317.55",0.02,"32,332,317.55","3,570,500.00",9.06,Japan,Tokyo Stock Exchange,USD,158.75,--,IEFA
SGAFT,CASH COLLATERAL EUR SGAFT,Cash and/or Derivatives,Cash Collateral and Margins,"32,313,944.65",0.02,"32,313,944.65","27,451,000.00",117.71,European Union,--,USD,0.85,02-Aug-16,IEFA
BKW,BKW N AG,Utilities,Equity,"32,312,656.09",0.02,"32,312,656.09","159,961.00",202,Switzerland,SIX Swiss Exchange,USD,0.78,--,IEFA
MYCR,MYCRONIC,Information Technology,Equity,"32,253,771.88",0.02,"32,253,771.88","1,087,210.00",29.67,Sweden,Nasdaq Omx Nordic,USD,9.15,--,IEFA
6448,BROTHER INDUSTRIES LTD,Information Technology,Equity,"32,064,209.90",0.02,"32,064,209.90","1,651,000.00",19.42,Japan,Tokyo Stock Exchange,USD,158.75,--,IEFA
VALMT,VALMET CORP,Industrials,Equity,"32,065,339.99",0.02,"32,065,339.99","1,064,055.00",30.14,Finland,Nasdaq Omx Helsinki Ltd.,USD,0.85,--,IEFA
5406,KOBE STEEL LTD,Materials,Equity,"31,861,429.65",0.02,"31,861,429.65","2,615,900.00",12.18,Japan,Tokyo Stock Exchange,USD,158.75,--,IEFA
MLSR,MELISRON LTD,Real Estate,Equity,"31,840,056.67",0.02,"31,840,056.67","217,581.00",146.34,Israel,Tel Aviv Stock Exchange,USD,2.99,--,IEFA
BIM,BIOMERIEUX SA,Health Care,Equity,"31,814,691.62",0.02,"31,814,691.62","299,799.00",106.12,France,Nyse Euronext - Euronext Paris,USD,0.85,--,IEFA
ALLN,ALLREAL HOLDING AG,Real Estate,Equity,"31,807,265.96",0.02,"31,807,265.96","111,569.00",285.09,Switzerland,SIX Swiss Exchange,USD,0.78,--,IEFA
INPST,INPOST SA,Industrials,Equity,"31,721,614.19",0.02,"31,721,614.19","1,769,390.00",17.93,Netherlands,Euronext Amsterdam,USD,0.85,--,IEFA
BEN,BENDIGO AND ADELAIDE BANK LTD,Financials,Equity,"31,695,664.51",0.02,"31,695,664.51","3,994,163.00",7.94,Australia,Asx - All Markets,USD,1.4,--,IEFA
ENG,ENAGAS SA,Utilities,Equity,"31,651,286.69",0.02,"31,651,286.69","1,616,841.00",19.58,Spain,Bolsa De Madrid,USD,0.85,--,IEFA
BIG,BIG SHOPPING CENTERS LTD,Real Estate,Equity,"31,559,444.56",0.02,"31,559,444.56","122,159.00",258.35,Israel,Tel Aviv Stock Exchange,USD,2.99,--,IEFA
2413,M3 INC,Health Care,Equity,"31,408,370.97",0.02,"31,408,370.97","3,144,700.00",9.99,Japan,Tokyo Stock Exchange,USD,158.75,--,IEFA
MEL,MERIDIAN ENERGY LTD,Utilities,Equity,"31,339,155.79",0.02,"31,339,155.79","9,426,040.00",3.32,New Zealand,New Zealand Exchange Ltd,USD,1.7,--,IEFA
PDN,PALADIN ENERGY LTD,Energy,Equity,"31,347,308.56",0.02,"31,347,308.56","3,183,195.00",9.85,Australia,Asx - All Markets,USD,1.4,--,IEFA
DRX,DRAX GROUP PLC,Utilities,Equity,"31,327,359.12",0.02,"31,327,359.12","2,718,374.00",11.52,United Kingdom,London Stock Exchange,USD,0.74,--,IEFA
A2A,A2A,Utilities,Equity,"31,310,843.49",0.02,"31,310,843.49","11,023,148.00",2.84,Italy,Borsa Italiana,USD,0.85,--,IEFA
SFZN,SIEGFRIED HOLDING AG,Health Care,Equity,"31,269,821.18",0.02,"31,269,821.18","297,857.00",104.98,Switzerland,SIX Swiss Exchange,USD,0.78,--,IEFA
SW,SODEXO SA,Consumer Discretionary,Equity,"31,276,137.66",0.02,"31,276,137.66","629,606.00",49.68,France,Nyse Euronext - Euronext Paris,USD,0.85,--,IEFA
5929,SANWA HOLDINGS CORP,Industrials,Equity,"31,238,586.41",0.02,"31,238,586.41","1,353,800.00",23.07,Japan,Tokyo Stock Exchange,USD,158.75,--,IEFA
GF,GEORG FISCHER AG,Industrials,Equity,"31,217,054.66",0.02,"31,217,054.66","560,367.00",55.71,Switzerland,SIX Swiss Exchange,USD,0.78,--,IEFA
4732,USS LTD,Consumer Discretionary,Equity,"31,173,687.05",0.02,"31,173,687.05","2,866,300.00",10.88,Japan,Tokyo Stock Exchange,USD,158.75,--,IEFA
4183,MITSUI CHEMICALS INC,Materials,Equity,"31,123,174.90",0.02,"31,123,174.90","2,497,800.00",12.46,Japan,Tokyo Stock Exchange,USD,158.75,--,IEFA
1911,SUMITOMO FORESTRY LTD,Consumer Discretionary,Equity,"30,985,696.56",0.02,"30,985,696.56","3,365,600.00",9.21,Japan,Tokyo Stock Exchange,USD,158.75,--,IEFA
EVD,CTS EVENTIM AG,Communication,Equity,"30,944,452.28",0.02,"30,944,452.28","448,977.00",68.92,Germany,Xetra,USD,0.85,--,IEFA
SOF,SOFINA SA,Financials,Equity,"30,925,085.64",0.02,"30,925,085.64","115,834.00",266.98,Belgium,Nyse Euronext - Euronext Brussels,USD,0.85,--,IEFA
8804,TOKYO TATEMONO LTD,Real Estate,Equity,"30,899,602.51",0.02,"30,899,602.51","1,319,300.00",23.42,Japan,Tokyo Stock Exchange,USD,158.75,--,IEFA
IGO,IGO LTD,Materials,Equity,"30,911,912.37",0.02,"30,911,912.37","4,827,853.00",6.4,Australia,Asx - All Markets,USD,1.4,--,IEFA
1808,HASEKO CORP,Consumer Discretionary,Equity,"30,878,261.36",0.02,"30,878,261.36","1,737,600.00",17.77,Japan,Tokyo Stock Exchange,USD,158.75,--,IEFA
4768,OTSUKA CORP,Information Technology,Equity,"30,805,450.25",0.02,"30,805,450.25","1,604,400.00",19.2,Japan,Tokyo Stock Exchange,USD,158.75,--,IEFA
RRL,REGIS RESOURCES LTD,Materials,Equity,"30,785,652.34",0.02,"30,785,652.34","5,596,968.00",5.5,Australia,Asx - All Markets,USD,1.4,--,IEFA
AAF,AIRTEL AFRICA PLC,Communication,Equity,"30,663,365.56",0.02,"30,663,365.56","6,376,539.00",4.81,United Kingdom,London Stock Exchange,USD,0.74,--,IEFA
RBREW,ROYAL UNIBREW,Consumer Staples,Equity,"30,678,540.13",0.02,"30,678,540.13","352,831.00",86.95,Denmark,Omx Nordic Exchange Copenhagen A/S,USD,6.35,--,IEFA
WGX,WESTGOLD RESOURCES LTD,Materials,Equity,"30,594,044.50",0.02,"30,594,044.50","6,727,115.00",4.55,Australia,Asx - All Markets,USD,1.4,--,IEFA
5.00E+02,SEATRIUM,Industrials,Equity,"30,567,265.57",0.02,"30,567,265.57","16,530,387.00",1.85,Singapore,Singapore Exchange,USD,1.27,--,IEFA
BGN,BANCA GENERALI,Financials,Equity,"30,546,131.39",0.02,"30,546,131.39","461,730.00",66.16,Italy,Borsa Italiana,USD,0.85,--,IEFA
9435,HIKARI TSUSHIN INC,Industrials,Equity,"30,482,875.05",0.02,"30,482,875.05","121,400.00",251.09,Japan,Tokyo Stock Exchange,USD,158.75,--,IEFA
UNI,UNICAJA BANCO SA,Financials,Equity,"30,369,942.75",0.02,"30,369,942.75","9,039,787.00",3.36,Spain,Bolsa De Madrid,USD,0.85,--,IEFA
3281,GLP J-REIT REIT,Real Estate,Equity,"30,305,350.09",0.02,"30,305,350.09","34,314.00",883.18,Japan,Tokyo Stock Exchange,USD,158.75,--,IEFA
2267,YAKULT HONSHA LTD,Consumer Staples,Equity,"30,288,156.48",0.02,"30,288,156.48","1,834,800.00",16.51,Japan,Tokyo Stock Exchange,USD,158.75,--,IEFA
AJBU,KEPPEL DC REIT,Real Estate,Equity,"30,268,507.96",0.02,"30,268,507.96","16,162,493.00",1.87,Singapore,Singapore Exchange,USD,1.27,--,IEFA
SRP,SERCO GROUP PLC,Industrials,Equity,"30,269,049.37",0.02,"30,269,049.37","7,639,380.00",3.96,United Kingdom,London Stock Exchange,USD,0.74,--,IEFA
6845,AZBIL CORP,Information Technology,Equity,"30,278,314.59",0.02,"30,278,314.59","3,218,300.00",9.41,Japan,Tokyo Stock Exchange,USD,158.75,--,IEFA
BAB,BABCOCK INTERNATIONAL GROUP PLC,Industrials,Equity,"30,181,580.17",0.02,"30,181,580.17","1,810,848.00",16.67,United Kingdom,London Stock Exchange,USD,0.74,--,IEFA
6856,HORIBA LTD,Information Technology,Equity,"30,047,500.71",0.02,"30,047,500.71","227,300.00",132.19,Japan,Tokyo Stock Exchange,USD,158.75,--,IEFA
VATN,VALIANT HOLDING AG,Financials,Equity,"30,024,741.24",0.02,"30,024,741.24","128,463.00",233.72,Switzerland,SIX Swiss Exchange,USD,0.78,--,IEFA
4403,NOF CORP,Materials,Equity,"30,012,903.71",0.02,"30,012,903.71","1,521,200.00",19.73,Japan,Tokyo Stock Exchange,USD,158.75,--,IEFA
WIX,WIX.COM LTD,Information Technology,Equity,"30,023,494.45",0.02,"30,023,494.45","397,399.00",75.55,Israel,NASDAQ,USD,1,--,IEFA
TUB,FINANCIERE DE TUBIZE SA,Health Care,Equity,"29,993,921.37",0.02,"29,993,921.37","114,672.00",261.56,Belgium,Nyse Euronext - Euronext Brussels,USD,0.85,--,IEFA
SUN,SULZER AG,Industrials,Equity,"29,963,672.79",0.02,"29,963,672.79","148,616.00",201.62,Switzerland,SIX Swiss Exchange,USD,0.78,--,IEFA
7261,MAZDA MOTOR CORP,Consumer Discretionary,Equity,"29,886,102.24",0.02,"29,886,102.24","4,295,400.00",6.96,Japan,Tokyo Stock Exchange,USD,158.75,--,IEFA
EMG,MAN GROUP PLC,Financials,Equity,"29,870,867.98",0.02,"29,870,867.98","8,469,684.00",3.53,United Kingdom,London Stock Exchange,USD,0.74,--,IEFA
DNL,DYNO NOBEL LTD,Materials,Equity,"29,858,588.85",0.02,"29,858,588.85","13,028,217.00",2.29,Australia,Asx - All Markets,USD,1.4,--,IEFA
MING,SPAREBANK SMNS,Financials,Equity,"29,778,339.74",0.02,"29,778,339.74","1,320,489.00",22.55,Norway,Oslo Bors Asa,USD,9.33,--,IEFA
4751,CYBER AGENT INC,Communication,Equity,"29,759,742.98",0.02,"29,759,742.98","3,478,800.00",8.55,Japan,Tokyo Stock Exchange,USD,158.75,--,IEFA
ICL,ICL GROUP LTD,Materials,Equity,"29,661,721.55",0.02,"29,661,721.55","5,705,205.00",5.2,Israel,Tel Aviv Stock Exchange,USD,2.99,--,IEFA
RED,REDEIA CORPORACION SA,Utilities,Equity,"29,653,919.58",0.02,"29,653,919.58","1,672,728.00",17.73,Spain,Bolsa De Madrid,USD,0.85,--,IEFA
RAA,RATIONAL AG,Industrials,Equity,"29,537,815.30",0.02,"29,537,815.30","36,712.00",804.58,Germany,Xetra,USD,0.85,--,IEFA
ADEN,ADECCO GROUP AG,Industrials,Equity,"29,509,141.29",0.02,"29,509,141.29","1,220,976.00",24.17,Switzerland,SIX Swiss Exchange,USD,0.78,--,IEFA
CMBN,CEMBRA MONEY BANK AG,Financials,Equity,"29,482,366.12",0.02,"29,482,366.12","219,693.00",134.2,Switzerland,SIX Swiss Exchange,USD,0.78,--,IEFA
4042,TOSOH CORP,Materials,Equity,"29,404,578.41",0.02,"29,404,578.41","1,915,400.00",15.35,Japan,Tokyo Stock Exchange,USD,158.75,--,IEFA
2501,SAPPORO HOLDINGS LTD,Consumer Staples,Equity,"29,372,166.68",0.02,"29,372,166.68","2,476,200.00",11.86,Japan,Tokyo Stock Exchange,USD,158.75,--,IEFA
KBCA,KBC ANCORA NV,Financials,Equity,"29,380,312.63",0.02,"29,380,312.63","313,160.00",93.82,Belgium,Nyse Euronext - Euronext Brussels,USD,0.85,--,IEFA
SALM,SALMAR,Consumer Staples,Equity,"29,366,202.17",0.02,"29,366,202.17","488,185.00",60.15,Norway,Oslo Bors Asa,USD,9.33,--,IEFA
TW.,TAYLOR WIMPEY PLC,Consumer Discretionary,Equity,"29,344,408.79",0.02,"29,344,408.79","25,421,309.00",1.15,United Kingdom,London Stock Exchange,USD,0.74,--,IEFA
MTLN,METLEN ENERGY & METALS PLC,Industrials,Equity,"29,270,396.96",0.02,"29,270,396.96","737,848.00",39.67,Greece,London Stock Exchange,USD,0.85,--,IEFA
3110,NITTO BOSEKI LTD,Industrials,Equity,"29,203,565.47",0.02,"29,203,565.47","173,500.00",168.32,Japan,Tokyo Stock Exchange,USD,158.75,--,IEFA
AKE,ARKEMA SA,Materials,Equity,"29,174,636.28",0.02,"29,174,636.28","399,744.00",72.98,France,Nyse Euronext - Euronext Paris,USD,0.85,--,IEFA
U14,UOL GROUP LTD,Real Estate,Equity,"29,141,100.84",0.02,"29,141,100.84","3,467,600.00",8.4,Singapore,Singapore Exchange,USD,1.27,--,IEFA
UMI,UMICORE SA,Materials,Equity,"28,962,313.80",0.02,"28,962,313.80","1,395,562.00",20.75,Belgium,Nyse Euronext - Euronext Brussels,USD,0.85,--,IEFA
AGL,AGL ENERGY LTD,Utilities,Equity,"28,962,871.73",0.02,"28,962,871.73","4,343,678.00",6.67,Australia,Asx - All Markets,USD,1.4,--,IEFA
9684,SQUARE ENIX HLDG LTD,Communication,Equity,"28,964,875.11",0.02,"28,964,875.11","1,737,400.00",16.67,Japan,Tokyo Stock Exchange,USD,158.75,--,IEFA
1721,COMSYS HOLDINGS CORP,Industrials,Equity,"28,938,763.43",0.02,"28,938,763.43","838,300.00",34.52,Japan,Tokyo Stock Exchange,USD,158.75,--,IEFA
5711,MITSUBISHI MATERIALS CORP,Materials,Equity,"28,860,751.52",0.02,"28,860,751.52","833,000.00",34.65,Japan,Tokyo Stock Exchange,USD,158.75,--,IEFA
3861,OJI HOLDINGS CORP,Materials,Equity,"28,858,676.37",0.02,"28,858,676.37","5,444,700.00",5.3,Japan,Tokyo Stock Exchange,USD,158.75,--,IEFA
MOBN,MOBIMO HOLDING AG,Real Estate,Equity,"28,825,805.83",0.02,"28,825,805.83","58,303.00",494.41,Switzerland,SIX Swiss Exchange,USD,0.78,--,IEFA
BOL,BOLLORE,Energy,Equity,"28,815,473.86",0.02,"28,815,473.86","4,871,446.00",5.92,France,Nyse Euronext - Euronext Paris,USD,0.85,--,IEFA
5838,RAKUTEN BANK LTD,Financials,Equity,"28,816,507.61",0.02,"28,816,507.61","698,500.00",41.25,Japan,Tokyo Stock Exchange,USD,158.75,--,IEFA
DKK,DKK CASH,Cash and/or Derivatives,Cash,"28,796,968.19",0.02,"28,796,968.19","182,817,553.00",15.75,Denmark,--,USD,6.35,--,IEFA
KGX,KION GROUP AG,Industrials,Equity,"28,799,468.62",0.02,"28,799,468.62","518,445.00",55.55,Germany,Xetra,USD,0.85,--,IEFA
PAF,PAN AFRICAN RESOURCES PLC,Materials,Equity,"28,778,490.73",0.02,"28,778,490.73","13,110,611.00",2.2,United Kingdom,London Stock Exchange,USD,0.74,--,IEFA
GL9,GLANBIA PLC,Consumer Staples,Equity,"28,730,127.86",0.02,"28,730,127.86","1,412,414.00",20.34,Ireland,Irish Stock Exchange - All Market,USD,0.85,--,IEFA
3462,NOMURA REAL ESTATE MASTER FUND REI,Real Estate,Equity,"28,678,869.89",0.02,"28,678,869.89","27,896.00","1,028.06",Japan,Tokyo Stock Exchange,USD,158.75,--,IEFA
AXFO,AXFOOD,Consumer Staples,Equity,"28,624,855.30",0.02,"28,624,855.30","815,795.00",35.09,Sweden,Nasdaq Omx Nordic,USD,9.15,--,IEFA
9412,SKY PERFECT JSAT CORP,Communication,Equity,"28,544,584.08",0.02,"28,544,584.08","1,362,800.00",20.95,Japan,Tokyo Stock Exchange,USD,158.75,--,IEFA
SUNN,SUNRISE N CLASS A LTD,Communication,Equity,"28,527,890.48",0.02,"28,527,890.48","482,508.00",59.12,Switzerland,SIX Swiss Exchange,USD,0.78,--,IEFA
TUI1,TUI N AG,Consumer Discretionary,Equity,"28,464,847.77",0.02,"28,464,847.77","3,317,031.00",8.58,United Kingdom,Xetra,USD,0.85,--,IEFA
SEK,SEEK LTD,Communication,Equity,"28,448,880.99",0.02,"28,448,880.99","2,572,667.00",11.06,Australia,Asx - All Markets,USD,1.4,--,IEFA
5393,NICHIAS CORP,Industrials,Equity,"28,414,030.05",0.02,"28,414,030.05","1,485,700.00",19.13,Japan,Tokyo Stock Exchange,USD,158.75,--,IEFA
FTK,FLATEXDEGIRO N,Financials,Equity,"28,395,613.80",0.02,"28,395,613.80","626,229.00",45.34,Germany,Xetra,USD,0.85,--,IEFA
7729,TOKYO SEIMITSU LTD,Information Technology,Equity,"28,375,696.87",0.02,"28,375,696.87","277,200.00",102.37,Japan,Tokyo Stock Exchange,USD,158.75,--,IEFA
MGOR,MEGA OR HOLDINGS LTD,Real Estate,Equity,"28,287,695.22",0.02,"28,287,695.22","149,570.00",189.13,Israel,Tel Aviv Stock Exchange,USD,2.99,--,IEFA
CCL,CARNIVAL PLC,Consumer Discretionary,Equity,"28,289,313.53",0.02,"28,289,313.53","983,517.00",28.76,United Kingdom,London Stock Exchange,USD,0.74,--,IEFA
WOR,WORLEY LTD,Industrials,Equity,"28,275,944.18",0.02,"28,275,944.18","3,547,216.00",7.97,Australia,Asx - All Markets,USD,1.4,--,IEFA
4182,MITSUBISHI GAS CHEMICAL INC,Materials,Equity,"28,097,339.13",0.02,"28,097,339.13","1,053,700.00",26.67,Japan,Tokyo Stock Exchange,USD,158.75,--,IEFA
C09,CITY DEVELOPMENTS LTD,Real Estate,Equity,"28,080,807.33",0.02,"28,080,807.33","4,087,800.00",6.87,Singapore,Singapore Exchange,USD,1.27,01-Jan-98,IEFA
2587,SUNTORY BEVERAGE & FOOD LTD,Consumer Staples,Equity,"28,067,484.33",0.02,"28,067,484.33","958,600.00",29.28,Japan,Tokyo Stock Exchange,USD,158.75,--,IEFA
SECT B,SECTRA CLASS B,Health Care,Equity,"27,958,573.95",0.02,"27,958,573.95","965,188.00",28.97,Sweden,Nasdaq Omx Nordic,USD,9.15,--,IEFA
6724,SEIKO EPSON CORP,Information Technology,Equity,"27,923,698.38",0.02,"27,923,698.38","2,073,800.00",13.46,Japan,Tokyo Stock Exchange,USD,158.75,--,IEFA
MGDL,MIGDAL INSURANCE AND FINANCIAL HOL,Financials,Equity,"27,931,781.53",0.02,"27,931,781.53","4,512,870.00",6.19,Israel,Tel Aviv Stock Exchange,USD,2.99,--,IEFA
6481,THK LTD,Industrials,Equity,"27,901,116.89",0.02,"27,901,116.89","774,600.00",36.02,Japan,Tokyo Stock Exchange,USD,158.75,--,IEFA
FNTN,FREENET AG,Communication,Equity,"27,743,893.23",0.02,"27,743,893.23","858,292.00",32.32,Germany,Xetra,USD,0.85,--,IEFA
8984,DAIWA HOUSE REIT CORP,Real Estate,Equity,"27,722,342.12",0.02,"27,722,342.12","34,408.00",805.69,Japan,Tokyo Stock Exchange,USD,158.75,--,IEFA
RS1,RS GROUP PLC,Industrials,Equity,"27,686,761.57",0.02,"27,686,761.57","3,361,877.00",8.24,United Kingdom,London Stock Exchange,USD,0.74,--,IEFA
5344,MARUWA (OWARIASAHI) LTD,Information Technology,Equity,"27,651,340.20",0.02,"27,651,340.20","62,600.00",441.71,Japan,Tokyo Stock Exchange,USD,158.75,--,IEFA
3283,NIPPON PROLOGIS REIT INC,Real Estate,Equity,"27,578,418.22",0.02,"27,578,418.22","49,080.00",561.91,Japan,Tokyo Stock Exchange,USD,158.75,--,IEFA
HER,HERA,Utilities,Equity,"27,552,100.95",0.02,"27,552,100.95","5,683,771.00",4.85,Italy,Borsa Italiana,USD,0.85,--,IEFA
6269,MODEC INC,Energy,Equity,"27,519,254.15",0.02,"27,519,254.15","337,600.00",81.51,Japan,Tokyo Stock Exchange,USD,158.75,--,IEFA
INCH,INCHCAPE PLC,Consumer Discretionary,Equity,"27,465,345.13",0.02,"27,465,345.13","2,498,167.00",10.99,United Kingdom,London Stock Exchange,USD,0.74,--,IEFA
9041,KINTETSU GROUP HOLDINGS LTD,Industrials,Equity,"27,452,650.48",0.02,"27,452,650.48","1,276,500.00",21.51,Japan,Tokyo Stock Exchange,USD,158.75,--,IEFA
3086,J.FRONT RETAILING LTD,Consumer Discretionary,Equity,"27,440,111.50",0.02,"27,440,111.50","1,751,500.00",15.67,Japan,Tokyo Stock Exchange,USD,158.75,--,IEFA
G13,GENTING SINGAPORE LTD,Consumer Discretionary,Equity,"27,395,728.06",0.02,"27,395,728.06","49,384,200.00",0.55,Singapore,Singapore Exchange,USD,1.27,--,IEFA
GFC,GECINA SA,Real Estate,Equity,"27,372,952.76",0.02,"27,372,952.76","320,518.00",85.4,France,Nyse Euronext - Euronext Paris,USD,0.85,--,IEFA
4324,DENTSU GROUP INC,Communication,Equity,"27,366,695.01",0.02,"27,366,695.01","1,367,000.00",20.02,Japan,Tokyo Stock Exchange,USD,158.75,--,IEFA
SAE,SHUFERSAL LTD,Consumer Staples,Equity,"27,232,857.03",0.01,"27,232,857.03","1,808,465.00",15.06,Israel,Tel Aviv Stock Exchange,USD,2.99,--,IEFA
WPP,WPP PLC,Communication,Equity,"27,214,917.01",0.01,"27,214,917.01","7,594,306.00",3.58,United Kingdom,London Stock Exchange,USD,0.74,--,IEFA
ROR,ROTORK PLC,Industrials,Equity,"27,012,992.46",0.01,"27,012,992.46","5,920,448.00",4.56,United Kingdom,London Stock Exchange,USD,0.74,--,IEFA
1951,EXEO GROUP INC,Industrials,Equity,"26,951,615.48",0.01,"26,951,615.48","1,516,100.00",17.78,Japan,Tokyo Stock Exchange,USD,158.75,--,IEFA
LATO B,LATOUR INVESTMENT CLASS B,Industrials,Equity,"26,935,908.58",0.01,"26,935,908.58","1,034,071.00",26.05,Sweden,Nasdaq Omx Nordic,USD,9.15,--,IEFA
CWK,CRANSWICK PLC,Consumer Staples,Equity,"26,899,856.80",0.01,"26,899,856.80","370,427.00",72.62,United Kingdom,London Stock Exchange,USD,0.74,--,IEFA
2282,NH FOODS LTD,Consumer Staples,Equity,"26,849,078.71",0.01,"26,849,078.71","625,500.00",42.92,Japan,Tokyo Stock Exchange,USD,158.75,--,IEFA
FLS,FLSMIDTH AND CO CLASS B,Industrials,Equity,"26,824,079.15",0.01,"26,824,079.15","319,199.00",84.04,Denmark,Omx Nordic Exchange Copenhagen A/S,USD,6.35,--,IEFA
AALB,AALBERTS NV,Industrials,Equity,"26,550,538.51",0.01,"26,550,538.51","712,411.00",37.27,Netherlands,Euronext Amsterdam,USD,0.85,--,IEFA
V03,VENTURE CORPORATION LTD,Information Technology,Equity,"26,491,798.40",0.01,"26,491,798.40","2,064,200.00",12.83,Singapore,Singapore Exchange,USD,1.27,--,IEFA
MANTA,MANDATUM,Financials,Equity,"26,442,789.57",0.01,"26,442,789.57","3,089,876.00",8.56,Finland,Nasdaq Omx Helsinki Ltd.,USD,0.85,--,IEFA
6806,HIROSE ELECTRIC LTD,Information Technology,Equity,"26,443,216.95",0.01,"26,443,216.95","194,745.00",135.78,Japan,Tokyo Stock Exchange,USD,158.75,--,IEFA
GLBE,GLOBAL E ONLINE LTD,Consumer Discretionary,Equity,"26,370,826.35",0.01,"26,370,826.35","797,907.00",33.05,Israel,NASDAQ,USD,1,--,IEFA
CWY,CLEANAWAY WASTE MANAGEMENT LTD,Industrials,Equity,"26,314,981.02",0.01,"26,314,981.02","15,837,286.00",1.66,Australia,Asx - All Markets,USD,1.4,--,IEFA
ITV,ITV PLC,Communication,Equity,"26,319,555.23",0.01,"26,319,555.23","24,028,158.00",1.1,United Kingdom,London Stock Exchange,USD,0.74,--,IEFA
4151,KYOWA KIRIN LTD,Health Care,Equity,"26,297,427.95",0.01,"26,297,427.95","1,690,800.00",15.55,Japan,Tokyo Stock Exchange,USD,158.75,--,IEFA
5214,NIPPON ELECTRIC GLASS LTD,Information Technology,Equity,"26,177,182.27",0.01,"26,177,182.27","551,200.00",47.49,Japan,Tokyo Stock Exchange,USD,158.75,--,IEFA
6787,MEIKO ELECTRONICS LTD,Information Technology,Equity,"25,851,107.12",0.01,"25,851,107.12","150,100.00",172.23,Japan,Tokyo Stock Exchange,USD,158.75,--,IEFA
5631,JAPAN STEEL WORKS LTD,Industrials,Equity,"25,769,031.47",0.01,"25,769,031.47","448,100.00",57.51,Japan,Tokyo Stock Exchange,USD,158.75,--,IEFA
VAU,VAULT MINERALS LTD,Materials,Equity,"25,755,643.15",0.01,"25,755,643.15","7,635,143.00",3.37,Australia,Asx - All Markets,USD,1.4,--,IEFA
7189,NISHI-NIPPON FINANCIAL HOLDINGS IN,Financials,Equity,"25,764,478.88",0.01,"25,764,478.88","997,800.00",25.82,Japan,Tokyo Stock Exchange,USD,158.75,--,IEFA
NOK,NOK CASH,Cash and/or Derivatives,Cash,"25,653,926.01",0.01,"25,653,926.01","239,464,007.00",10.71,Norway,--,USD,9.33,--,IEFA
COV,COVIVIO SA,Real Estate,Equity,"25,618,774.54",0.01,"25,618,774.54","373,300.00",68.63,France,Nyse Euronext - Euronext Paris,USD,0.85,--,IEFA
8253,CREDIT SAISON LTD,Financials,Equity,"25,590,792.78",0.01,"25,590,792.78","925,800.00",27.64,Japan,Tokyo Stock Exchange,USD,158.75,--,IEFA
BC,BRUNELLO CUCINELLI,Consumer Discretionary,Equity,"25,569,123.65",0.01,"25,569,123.65","250,533.00",102.06,Italy,Borsa Italiana,USD,0.85,--,IEFA
3231,NOMURA REAL ESTATE HOLDINGS INC,Real Estate,Equity,"25,488,466.41",0.01,"25,488,466.41","3,901,800.00",6.53,Japan,Tokyo Stock Exchange,USD,158.75,--,IEFA
6674,GS YUASA CORP,Consumer Discretionary,Equity,"25,422,870.64",0.01,"25,422,870.64","611,200.00",41.6,Japan,Tokyo Stock Exchange,USD,158.75,--,IEFA
ME8U,MAPLETREE INDUSTRIAL UNITS TRUST,Real Estate,Equity,"25,425,799.43",0.01,"25,425,799.43","15,685,620.00",1.62,Singapore,Singapore Exchange,USD,1.27,--,IEFA
9506,TOHOKU ELECTRIC POWER INC,Utilities,Equity,"25,430,328.20",0.01,"25,430,328.20","3,448,900.00",7.37,Japan,Tokyo Stock Exchange,USD,158.75,--,IEFA
BOQ,BANK OF QUEENSLAND LTD,Financials,Equity,"25,409,235.89",0.01,"25,409,235.89","4,853,331.00",5.24,Australia,Asx - All Markets,USD,1.4,--,IEFA
DOW,DOWNER EDI LTD,Industrials,Equity,"25,376,797.04",0.01,"25,376,797.04","4,820,756.00",5.26,Australia,Asx - All Markets,USD,1.4,--,IEFA
RUI,RUBIS,Utilities,Equity,"25,295,341.91",0.01,"25,295,341.91","631,647.00",40.05,France,Nyse Euronext - Euronext Paris,USD,0.85,--,IEFA
EDV,ENDEAVOUR GROUP LTD,Consumer Staples,Equity,"25,296,851.64",0.01,"25,296,851.64","10,638,835.00",2.38,Australia,Asx - All Markets,USD,1.4,--,IEFA
PNN,PENNON GROUP PLC,Utilities,Equity,"25,269,684.33",0.01,"25,269,684.33","3,438,169.00",7.35,United Kingdom,London Stock Exchange,USD,0.74,--,IEFA
SEK,SEK CASH,Cash and/or Derivatives,Cash,"25,257,903.26",0.01,"25,257,903.26","231,068,139.00",10.93,Sweden,--,USD,9.15,--,IEFA
TEG,TAG IMMOBILIEN AG,Real Estate,Equity,"25,151,520.78",0.01,"25,151,520.78","1,375,818.00",18.28,Germany,Xetra,USD,0.85,--,IEFA
2897,NISSIN FOODS HOLDINGS LTD,Consumer Staples,Equity,"25,162,237.55",0.01,"25,162,237.55","1,343,100.00",18.73,Japan,Tokyo Stock Exchange,USD,158.75,--,IEFA
6965,HAMAMATSU PHOTONICS,Information Technology,Equity,"25,140,092.60",0.01,"25,140,092.60","2,044,500.00",12.3,Japan,Tokyo Stock Exchange,USD,158.75,--,IEFA
NOD,NORDIC SEMICONDUCTOR,Information Technology,Equity,"25,113,516.40",0.01,"25,113,516.40","1,284,491.00",19.55,Norway,Oslo Bors Asa,USD,9.33,--,IEFA
6302,SUMITOMO HEAVY INDUSTRIES LTD,Industrials,Equity,"25,118,079.94",0.01,"25,118,079.94","751,200.00",33.44,Japan,Tokyo Stock Exchange,USD,158.75,--,IEFA
1963,JGC HOLDINGS CORP,Industrials,Equity,"25,127,374.09",0.01,"25,127,374.09","1,628,100.00",15.43,Japan,Tokyo Stock Exchange,USD,158.75,--,IEFA
LOOMIS,LOOMIS CLASS B,Industrials,Equity,"25,105,296.06",0.01,"25,105,296.06","516,349.00",48.62,Sweden,Nasdaq Omx Nordic,USD,9.15,--,IEFA
7003,MITSUI E&S LTD,Industrials,Equity,"25,018,267.66",0.01,"25,018,267.66","706,300.00",35.42,Japan,Tokyo Stock Exchange,USD,158.75,--,IEFA
TEP,TELEPERFORMANCE,Industrials,Equity,"24,966,573.17",0.01,"24,966,573.17","385,905.00",64.7,France,Nyse Euronext - Euronext Paris,USD,0.85,--,IEFA
9364,KAMIGUMI LTD,Industrials,Equity,"24,881,171.69",0.01,"24,881,171.69","741,600.00",33.55,Japan,Tokyo Stock Exchange,USD,158.75,--,IEFA
9513,ELECTRIC POWER DEVELOPMENT LTD,Utilities,Equity,"24,886,346.03",0.01,"24,886,346.03","1,047,900.00",23.75,Japan,Tokyo Stock Exchange,USD,158.75,--,IEFA
CMM,CAPRICORN METALS LTD DEF,Materials,Equity,"24,887,609.80",0.01,"24,887,609.80","2,944,875.00",8.45,Australia,Asx - All Markets,USD,1.4,--,IEFA
6465,HOSHIZAKI CORP,Industrials,Equity,"24,810,210.09",0.01,"24,810,210.09","775,600.00",31.99,Japan,Tokyo Stock Exchange,USD,158.75,--,IEFA
SWEC B,SWECO CLASS B,Industrials,Equity,"24,790,175.28",0.01,"24,790,175.28","1,511,928.00",16.4,Sweden,Nasdaq Omx Nordic,USD,9.15,--,IEFA
8,PCCW LTD,Communication,Equity,"24,721,225.12",0.01,"24,721,225.12","32,105,000.00",0.77,Hong Kong,Hong Kong Exchanges And Clearing Ltd,USD,7.83,--,IEFA
HUH1V,HUHTAMAKI,Materials,Equity,"24,703,645.91",0.01,"24,703,645.91","734,289.00",33.64,Finland,Nasdaq Omx Helsinki Ltd.,USD,0.85,--,IEFA
IP,INTERPUMP GROUP,Industrials,Equity,"24,565,594.33",0.01,"24,565,594.33","547,735.00",44.85,Italy,Borsa Italiana,USD,0.85,--,IEFA
6305,HITACHI CONSTRUCTION MACHINERY LTD,Industrials,Equity,"24,351,110.27",0.01,"24,351,110.27","711,900.00",34.21,Japan,Tokyo Stock Exchange,USD,158.75,--,IEFA
M44U,MAPLETREE LOGISTICS TRUST UNITS,Real Estate,Equity,"24,304,775.35",0.01,"24,304,775.35","24,710,179.00",0.98,Singapore,Singapore Exchange,USD,1.27,--,IEFA
QLT,QUILTER PLC,Financials,Equity,"24,201,092.99",0.01,"24,201,092.99","9,806,162.00",2.47,United Kingdom,London Stock Exchange,USD,0.74,--,IEFA
DLEKG,DELEK GROUP LTD,Energy,Equity,"24,164,001.34",0.01,"24,164,001.34","74,460.00",324.52,Israel,Tel Aviv Stock Exchange,USD,2.99,--,IEFA
GRF,GRIFOLS SA CLASS A,Health Care,Equity,"24,136,044.72",0.01,"24,136,044.72","2,187,305.00",11.03,Spain,Bolsa De Madrid,USD,0.85,--,IEFA
4536,SANTEN PHARMACEUTICAL LTD,Health Care,Equity,"24,141,389.02",0.01,"24,141,389.02","2,187,400.00",11.04,Japan,Tokyo Stock Exchange,USD,158.75,--,IEFA
WIE,WIENERBERGER AG,Materials,Equity,"24,100,112.70",0.01,"24,100,112.70","804,767.00",29.95,Austria,Wiener Boerse Ag,USD,0.85,--,IEFA
8960,UNITED URBAN INVESTMENT REIT CORP,Real Estate,Equity,"24,059,746.76",0.01,"24,059,746.76","21,397.00","1,124.44",Japan,Tokyo Stock Exchange,USD,158.75,--,IEFA
CCC,COMPUTACENTER PLC,Information Technology,Equity,"23,926,490.18",0.01,"23,926,490.18","520,694.00",45.95,United Kingdom,London Stock Exchange,USD,0.74,--,IEFA
ALX,ATLAS ARTERIA STAPLED UNITS,Industrials,Equity,"23,878,332.92",0.01,"23,878,332.92","7,789,793.00",3.07,Australia,Asx - All Markets,USD,1.4,--,IEFA
IVG,IVECO GROUP NV,Industrials,Equity,"23,855,197.25",0.01,"23,855,197.25","1,448,550.00",16.47,Italy,Borsa Italiana,USD,0.85,--,IEFA
QQ.,QINETIQ GROUP PLC,Industrials,Equity,"23,808,429.08",0.01,"23,808,429.08","3,677,084.00",6.47,United Kingdom,London Stock Exchange,USD,0.74,--,IEFA
FDJU,FDJ UNITED,Consumer Discretionary,Equity,"23,818,638.44",0.01,"23,818,638.44","774,365.00",30.76,France,Nyse Euronext - Euronext Paris,USD,0.85,--,IEFA
8954,ORIX JREIT REIT INC,Real Estate,Equity,"23,795,395.13",0.01,"23,795,395.13","37,400.00",636.24,Japan,Tokyo Stock Exchange,USD,158.75,--,IEFA
8418,YAMAGUCHI FINANCIAL GROUP INC,Financials,Equity,"23,704,438.88",0.01,"23,704,438.88","1,375,100.00",17.24,Japan,Tokyo Stock Exchange,USD,158.75,--,IEFA
SDF,STEADFAST GROUP LTD,Financials,Equity,"23,626,614.64",0.01,"23,626,614.64","7,531,701.00",3.14,Australia,Asx - All Markets,USD,1.4,--,IEFA
6268,NABTESCO CORP,Industrials,Equity,"23,567,901.35",0.01,"23,567,901.35","766,500.00",30.75,Japan,Tokyo Stock Exchange,USD,158.75,--,IEFA
ZIM,ZIM INTEGRATED SHIPPING SERVICES L,Industrials,Equity,"23,526,821.44",0.01,"23,526,821.44","885,799.00",26.56,Israel,NYSE,USD,1,--,IEFA
SFSN,SFS GROUP AG,Industrials,Equity,"23,485,831.77",0.01,"23,485,831.77","147,013.00",159.75,Switzerland,SIX Swiss Exchange,USD,0.78,--,IEFA
VSURE,VERISURE PLC,Industrials,Equity,"23,468,318.66",0.01,"23,468,318.66","1,809,125.00",12.97,Sweden,Nasdaq Omx Nordic,USD,0.85,--,IEFA
9142,KYUSHU RAILWAY,Industrials,Equity,"23,409,746.45",0.01,"23,409,746.45","993,100.00",23.57,Japan,Tokyo Stock Exchange,USD,158.75,--,IEFA
CVC,CVC CAPITAL PARTNERS PLC,Financials,Equity,"23,412,244.50",0.01,"23,412,244.50","1,542,973.00",15.17,Netherlands,Euronext Amsterdam,USD,0.85,--,IEFA
VNT,VENTIA SERVICES GROUP LTD,Industrials,Equity,"23,394,243.68",0.01,"23,394,243.68","6,257,548.00",3.74,Australia,Asx - All Markets,USD,1.4,--,IEFA
BUCN,BUCHER INDUSTRIES AG,Industrials,Equity,"23,366,897.39",0.01,"23,366,897.39","53,282.00",438.55,Switzerland,SIX Swiss Exchange,USD,0.78,--,IEFA
SCYR,SACYR SA,Industrials,Equity,"23,372,072.86",0.01,"23,372,072.86","4,134,693.00",5.65,Spain,Bolsa De Madrid,USD,0.85,--,IEFA
8963,INVINCIBLE INVESTMENT REIT CORP,Real Estate,Equity,"23,344,427.86",0.01,"23,344,427.86","58,176.00",401.27,Japan,Tokyo Stock Exchange,USD,158.75,--,IEFA
8233,TAKASHIMAYA LTD,Consumer Discretionary,Equity,"23,325,208.35",0.01,"23,325,208.35","1,888,200.00",12.35,Japan,Tokyo Stock Exchange,USD,158.75,--,IEFA
5991,NHK SPRING LTD,Consumer Discretionary,Equity,"23,257,511.10",0.01,"23,257,511.10","1,437,700.00",16.18,Japan,Tokyo Stock Exchange,USD,158.75,--,IEFA
SOI,SOITEC SA,Information Technology,Equity,"23,095,447.57",0.01,"23,095,447.57","196,198.00",117.71,France,Nyse Euronext - Euronext Paris,USD,0.85,--,IEFA
8252,MARUI GROUP LTD,Financials,Equity,"23,100,691.68",0.01,"23,100,691.68","1,205,100.00",19.17,Japan,Tokyo Stock Exchange,USD,158.75,--,IEFA
UBFUT,CASH COLLATERAL JPY UBFUT,Cash and/or Derivatives,Cash Collateral and Margins,"23,091,725.72",0.01,"23,091,725.72","3,665,696,000.00",0.63,Japan,--,USD,158.75,15-Oct-15,IEFA
PIRC,PIRELLI & C,Consumer Discretionary,Equity,"23,090,673.99",0.01,"23,090,673.99","3,189,552.00",7.24,Italy,Borsa Italiana,USD,0.85,--,IEFA
VIG,VIENNA INSURANCE GROUP AG,Financials,Equity,"23,091,702.35",0.01,"23,091,702.35","295,431.00",78.16,Austria,Wiener Boerse Ag,USD,0.85,--,IEFA
MAIRE,MAIRE SPA,Industrials,Equity,"23,065,673.01",0.01,"23,065,673.01","1,333,867.00",17.29,Italy,Borsa Italiana,USD,0.85,--,IEFA
5105,TOYO TIRE CORP,Consumer Discretionary,Equity,"22,970,402.22",0.01,"22,970,402.22","915,500.00",25.09,Japan,Tokyo Stock Exchange,USD,158.75,--,IEFA
FRA,FRAPORT FRANKFURT AIRPORT SERVICES,Industrials,Equity,"22,980,695.10",0.01,"22,980,695.10","259,778.00",88.46,Germany,Xetra,USD,0.85,--,IEFA
7337,HIROGIN HOLDINGS INC,Financials,Equity,"22,958,631.77",0.01,"22,958,631.77","1,938,600.00",11.84,Japan,Tokyo Stock Exchange,USD,158.75,--,IEFA
PUM,PUMA,Consumer Discretionary,Equity,"22,934,887.89",0.01,"22,934,887.89","747,063.00",30.7,Germany,Xetra,USD,0.85,--,IEFA
MAP,MAPFRE SA,Financials,Equity,"22,941,653.72",0.01,"22,941,653.72","4,574,918.00",5.01,Spain,Bolsa De Madrid,USD,0.85,--,IEFA
ZEAL,ZEALAND PHARMA,Health Care,Equity,"22,944,890.76",0.01,"22,944,890.76","460,530.00",49.82,Denmark,Omx Nordic Exchange Copenhagen A/S,USD,6.35,--,IEFA
6134,FUJI CORP,Industrials,Equity,"22,913,716.97",0.01,"22,913,716.97","633,700.00",36.16,Japan,Tokyo Stock Exchange,USD,158.75,--,IEFA
PHP,PRIMARY HEALTH PROPERTIES REIT PLC,Real Estate,Equity,"22,851,622.25",0.01,"22,851,622.25","17,778,367.00",1.29,United Kingdom,London Stock Exchange,USD,0.74,--,IEFA
VPK,KONINKLIJKE VOPAK NV,Energy,Equity,"22,805,695.02",0.01,"22,805,695.02","455,208.00",50.1,Netherlands,Euronext Amsterdam,USD,0.85,--,IEFA
FPE3,FUCHS PREF,Materials,Equity,"22,797,899.27",0.01,"22,797,899.27","502,257.00",45.39,Germany,Xetra,USD,0.85,--,IEFA
ALLFG,ALLFUNDS GROUP PLC,Financials,Equity,"22,767,507.70",0.01,"22,767,507.70","2,274,099.00",10.01,Netherlands,Euronext Amsterdam,USD,0.85,--,IEFA
9007,ODAKYU ELECTRIC RAILWAY LTD,Industrials,Equity,"22,731,995.97",0.01,"22,731,995.97","2,185,700.00",10.4,Japan,Tokyo Stock Exchange,USD,158.75,--,IEFA
3391,TSURUHA HOLDINGS INC,Consumer Staples,Equity,"22,663,133.33",0.01,"22,663,133.33","1,754,100.00",12.92,Japan,Tokyo Stock Exchange,USD,158.75,--,IEFA
COTN,COMET HOLDING AG,Information Technology,Equity,"22,636,239.89",0.01,"22,636,239.89","57,230.00",395.53,Switzerland,SIX Swiss Exchange,USD,0.78,--,IEFA
BWY,BELLWAY PLC,Consumer Discretionary,Equity,"22,456,138.93",0.01,"22,456,138.93","828,637.00",27.1,United Kingdom,London Stock Exchange,USD,0.74,--,IEFA
7276,KOITO MANUFACTURING LTD,Consumer Discretionary,Equity,"22,431,163.19",0.01,"22,431,163.19","1,385,000.00",16.2,Japan,Tokyo Stock Exchange,USD,158.75,--,IEFA
9072,NIKKON HOLDINGS LTD,Industrials,Equity,"22,412,009.83",0.01,"22,412,009.83","713,700.00",31.4,Japan,Tokyo Stock Exchange,USD,158.75,--,IEFA
7731,NIKON CORP,Consumer Discretionary,Equity,"22,415,572.14",0.01,"22,415,572.14","1,824,800.00",12.28,Japan,Tokyo Stock Exchange,USD,158.75,--,IEFA
DEMANT,DEMANT,Health Care,Equity,"22,420,638.67",0.01,"22,420,638.67","647,577.00",34.62,Denmark,Omx Nordic Exchange Copenhagen A/S,USD,6.35,--,IEFA
7459,MEDIPAL HOLDINGS CORP,Health Care,Equity,"22,373,447.98",0.01,"22,373,447.98","1,278,500.00",17.5,Japan,Tokyo Stock Exchange,USD,158.75,--,IEFA
BAMNB,BAM GROEP KONINKLIJKE NV,Industrials,Equity,"22,341,733.55",0.01,"22,341,733.55","1,990,510.00",11.22,Netherlands,Euronext Amsterdam,USD,0.85,--,IEFA
9001,TOBU RAILWAY LTD,Industrials,Equity,"22,292,170.78",0.01,"22,292,170.78","1,224,700.00",18.2,Japan,Tokyo Stock Exchange,USD,158.75,--,IEFA
HOLM B,HOLMEN CLASS B,Materials,Equity,"22,268,481.75",0.01,"22,268,481.75","608,119.00",36.62,Sweden,Nasdaq Omx Nordic,USD,9.15,--,IEFA
CGF,CHALLENGER LTD,Financials,Equity,"22,273,604.87",0.01,"22,273,604.87","3,706,758.00",6.01,Australia,Asx - All Markets,USD,1.4,--,IEFA
RAND,RANDSTAD HOLDING,Industrials,Equity,"22,247,158.06",0.01,"22,247,158.06","775,828.00",28.68,Netherlands,Euronext Amsterdam,USD,0.85,--,IEFA
TCAP,TP ICAP GROUP PLC,Financials,Equity,"22,204,834.35",0.01,"22,204,834.35","5,310,495.00",4.18,United Kingdom,London Stock Exchange,USD,0.74,--,IEFA
1893,PENTA-OCEAN CONSTRUCTION LTD,Industrials,Equity,"22,077,034.55",0.01,"22,077,034.55","2,071,900.00",10.66,Japan,Tokyo Stock Exchange,USD,158.75,--,IEFA
HIK,HIKMA PHARMACEUTICALS PLC,Health Care,Equity,"22,069,219.49",0.01,"22,069,219.49","1,184,738.00",18.63,United Kingdom,London Stock Exchange,USD,0.74,--,IEFA
CDA,CODAN LTD,Information Technology,Equity,"21,987,875.83",0.01,"21,987,875.83","880,182.00",24.98,Australia,Asx - All Markets,USD,1.4,--,IEFA
HOC,HOCHSCHILD MINING PLC,Materials,Equity,"21,994,520.98",0.01,"21,994,520.98","2,383,081.00",9.23,United Kingdom,London Stock Exchange,USD,0.74,--,IEFA
LTR,LIONTOWN LTD,Materials,Equity,"21,929,975.80",0.01,"21,929,975.80","13,730,899.00",1.6,Australia,Asx - All Markets,USD,1.4,--,IEFA
MVNE,MIVNE REAL ESTATE LTD,Real Estate,Equity,"21,925,588.92",0.01,"21,925,588.92","4,654,516.00",4.71,Israel,Tel Aviv Stock Exchange,USD,2.99,--,IEFA
AG1,AUTO1 GROUP,Consumer Discretionary,Equity,"21,899,255.92",0.01,"21,899,255.92","955,502.00",22.92,Germany,Xetra,USD,0.85,--,IEFA
2331,ALSOK LTD,Industrials,Equity,"21,891,874.39",0.01,"21,891,874.39","2,820,800.00",7.76,Japan,Tokyo Stock Exchange,USD,158.75,--,IEFA
SDF,K+S N AG,Materials,Equity,"21,893,045.76",0.01,"21,893,045.76","1,278,237.00",17.13,Germany,Xetra,USD,0.85,--,IEFA
STRS,STRAUSS GROUP LTD,Consumer Staples,Equity,"21,852,208.56",0.01,"21,852,208.56","511,482.00",42.72,Israel,Tel Aviv Stock Exchange,USD,2.99,--,IEFA
4,WHARF (HOLDINGS) LTD,Real Estate,Equity,"21,605,689.58",0.01,"21,605,689.58","7,621,407.00",2.83,Hong Kong,Hong Kong Exchanges And Clearing Ltd,USD,7.83,--,IEFA
PAZ,PAZ RETAIL AND ENERGY LTD SHR,Energy,Equity,"21,616,527.00",0.01,"21,616,527.00","82,329.00",262.56,Israel,Tel Aviv Stock Exchange,USD,2.99,--,IEFA
MMHD,MENORAH MIVTACHIM HOLDINGS LTD,Financials,Equity,"21,599,312.18",0.01,"21,599,312.18","134,249.00",160.89,Israel,Tel Aviv Stock Exchange,USD,2.99,--,IEFA
7951,YAMAHA CORP,Consumer Discretionary,Equity,"21,577,665.12",0.01,"21,577,665.12","2,822,700.00",7.64,Japan,Tokyo Stock Exchange,USD,158.75,--,IEFA
MNDY,MONDAYCOM LTD,Information Technology,Equity,"21,530,747.71",0.01,"21,530,747.71","314,731.00",68.41,Israel,NASDAQ,USD,1,--,IEFA
8227,SHIMAMURA LTD,Consumer Discretionary,Equity,"21,535,471.35",0.01,"21,535,471.35","996,400.00",21.61,Japan,Tokyo Stock Exchange,USD,158.75,--,IEFA
ANN,ANSELL LTD,Health Care,Equity,"21,526,078.62",0.01,"21,526,078.62","1,091,753.00",19.72,Australia,Asx - All Markets,USD,1.4,--,IEFA
TLX,TELIX PHARMACEUTICALS LTD,Health Care,Equity,"21,527,382.47",0.01,"21,527,382.47","2,036,435.00",10.57,Australia,Asx - All Markets,USD,1.4,--,IEFA
8012,NAGASE LTD,Industrials,Equity,"21,487,411.89",0.01,"21,487,411.89","2,856,800.00",7.52,Japan,Tokyo Stock Exchange,USD,158.75,--,IEFA
TOM,TOMRA SYSTEMS,Industrials,Equity,"21,439,845.76",0.01,"21,439,845.76","1,610,041.00",13.32,Norway,Oslo Bors Asa,USD,9.33,--,IEFA
BC8,BECHTLE AG,Information Technology,Equity,"21,422,204.18",0.01,"21,422,204.18","587,044.00",36.49,Germany,Xetra,USD,0.85,--,IEFA
BANB,BACHEM HOLDING AG,Health Care,Equity,"21,418,258.12",0.01,"21,418,258.12","240,496.00",89.06,Switzerland,SIX Swiss Exchange,USD,0.78,--,IEFA
5076,INFRONEER HOLDINGS INC,Industrials,Equity,"21,313,111.12",0.01,"21,313,111.12","1,608,056.00",13.25,Japan,Tokyo Stock Exchange,USD,158.75,--,IEFA
9023,TOKYO METRO LTD,Industrials,Equity,"21,314,060.29",0.01,"21,314,060.29","2,108,100.00",10.11,Japan,Tokyo Stock Exchange,USD,158.75,--,IEFA
MTO,MITIE GROUP PLC,Industrials,Equity,"21,275,943.48",0.01,"21,275,943.48","8,692,350.00",2.45,United Kingdom,London Stock Exchange,USD,0.74,--,IEFA
CJLU,NETLINK NBN TRUST UNITS,Communication,Equity,"21,290,388.32",0.01,"21,290,388.32","26,789,000.00",0.79,Singapore,Singapore Exchange,USD,1.27,--,IEFA
3064,MONOTARO LTD,Industrials,Equity,"21,239,418.56",0.01,"21,239,418.56","1,823,500.00",11.65,Japan,Tokyo Stock Exchange,USD,158.75,--,IEFA
6754,ANRITSU CORP,Information Technology,Equity,"21,246,430.44",0.01,"21,246,430.44","973,100.00",21.83,Japan,Tokyo Stock Exchange,USD,158.75,--,IEFA
ROCK B,ROCKWOOL CLASS B,Industrials,Equity,"21,183,697.42",0.01,"21,183,697.42","690,019.00",30.7,Denmark,Omx Nordic Exchange Copenhagen A/S,USD,6.35,--,IEFA
ACX,ACERINOX SA,Materials,Equity,"21,119,418.72",0.01,"21,119,418.72","1,327,990.00",15.9,Spain,Bolsa De Madrid,USD,0.85,--,IEFA
TGS,TGS NOPEC GEOPHYSICAL,Energy,Equity,"21,047,287.73",0.01,"21,047,287.73","1,425,717.00",14.76,Norway,Oslo Bors Asa,USD,9.33,--,IEFA
LIGHT,SIGNIFY NV,Industrials,Equity,"21,004,480.69",0.01,"21,004,480.69","904,843.00",23.21,Netherlands,Euronext Amsterdam,USD,0.85,--,IEFA
3092,ZOZO INC,Consumer Discretionary,Equity,"20,973,638.54",0.01,"20,973,638.54","3,101,500.00",6.76,Japan,Tokyo Stock Exchange,USD,158.75,--,IEFA
5021,COSMO ENERGY HOLDINGS LTD,Energy,Equity,"20,947,261.96",0.01,"20,947,261.96","779,300.00",26.88,Japan,Tokyo Stock Exchange,USD,158.75,--,IEFA
FR,VALEO,Consumer Discretionary,Equity,"20,900,151.17",0.01,"20,900,151.17","1,577,510.00",13.25,France,Nyse Euronext - Euronext Paris,USD,0.85,--,IEFA
3038,KOBE BUSSAN LTD,Consumer Staples,Equity,"20,856,757.69",0.01,"20,856,757.69","1,064,600.00",19.59,Japan,Tokyo Stock Exchange,USD,158.75,--,IEFA
7180,KYUSHU FINANCIAL GROUP INC,Financials,Equity,"20,862,586.22",0.01,"20,862,586.22","2,523,300.00",8.27,Japan,Tokyo Stock Exchange,USD,158.75,--,IEFA
4385,MERCARI INC,Consumer Discretionary,Equity,"20,868,947.05",0.01,"20,868,947.05","833,000.00",25.05,Japan,Tokyo Stock Exchange,USD,158.75,--,IEFA
3405,KURARAY LTD,Materials,Equity,"20,850,365.05",0.01,"20,850,365.05","1,979,600.00",10.53,Japan,Tokyo Stock Exchange,USD,158.75,--,IEFA
TGYM,TECHNOGYM,Consumer Discretionary,Equity,"20,798,707.36",0.01,"20,798,707.36","898,713.00",23.14,Italy,Borsa Italiana,USD,0.85,--,IEFA
S58,SATS LTD,Industrials,Equity,"20,765,921.85",0.01,"20,765,921.85","7,476,026.00",2.78,Singapore,Singapore Exchange,USD,1.27,--,IEFA
UTDI,UNITED INTERNET AG,Communication,Equity,"20,768,134.32",0.01,"20,768,134.32","619,043.00",33.55,Germany,Xetra,USD,0.85,--,IEFA
5938,LIXIL CORP,Industrials,Equity,"20,751,717.53",0.01,"20,751,717.53","2,004,400.00",10.35,Japan,Tokyo Stock Exchange,USD,158.75,--,IEFA
NSR,NATIONAL STORAGE REIT STAPLED UNIT,Real Estate,Equity,"20,760,559.87",0.01,"20,760,559.87","10,389,641.00",2,Australia,Asx - All Markets,USD,1.4,--,IEFA
4527,ROHTO PHARMACEUTICAL LTD,Consumer Staples,Equity,"20,714,025.32",0.01,"20,714,025.32","1,376,700.00",15.05,Japan,Tokyo Stock Exchange,USD,158.75,--,IEFA
PAAL B,PER AARSLEFF HOLDING CLASS B,Industrials,Equity,"20,715,066.87",0.01,"20,715,066.87","164,799.00",125.7,Denmark,Omx Nordic Exchange Copenhagen A/S,USD,6.35,--,IEFA
6471,NSK LTD,Industrials,Equity,"20,652,742.76",0.01,"20,652,742.76","2,657,900.00",7.77,Japan,Tokyo Stock Exchange,USD,158.75,--,IEFA
9009,KEISEI ELECTRIC RAILWAY LTD,Industrials,Equity,"20,559,459.51",0.01,"20,559,459.51","2,724,300.00",7.55,Japan,Tokyo Stock Exchange,USD,158.75,--,IEFA
THULE,THULE GROUP,Consumer Discretionary,Equity,"20,543,970.55",0.01,"20,543,970.55","774,705.00",26.52,Sweden,Nasdaq Omx Nordic,USD,9.15,--,IEFA
DLG,DELONGHI,Consumer Discretionary,Equity,"20,496,432.33",0.01,"20,496,432.33","510,015.00",40.19,Italy,Borsa Italiana,USD,0.85,--,IEFA
WIHL,WIHLBORGS FASTIGHETER,Real Estate,Equity,"20,464,332.98",0.01,"20,464,332.98","2,075,553.00",9.86,Sweden,Nasdaq Omx Nordic,USD,9.15,--,IEFA
9143,SG HOLDINGS LTD,Industrials,Equity,"20,438,045.29",0.01,"20,438,045.29","2,127,500.00",9.61,Japan,Tokyo Stock Exchange,USD,158.75,--,IEFA
5110,SUMITOMO RUBBER INDUSTRIES LTD,Consumer Discretionary,Equity,"20,444,889.60",0.01,"20,444,889.60","1,516,600.00",13.48,Japan,Tokyo Stock Exchange,USD,158.75,--,IEFA
PAG,PARAGON GROUP OF COMPANIES,Financials,Equity,"20,352,844.19",0.01,"20,352,844.19","1,856,945.00",10.96,United Kingdom,London Stock Exchange,USD,0.74,--,IEFA
MTRS,MUNTERS GROUP,Industrials,Equity,"20,262,506.16",0.01,"20,262,506.16","950,364.00",21.32,Sweden,Nasdaq Omx Nordic,USD,9.15,--,IEFA
MGNS,MORGAN SINDALL GROUP PLC,Industrials,Equity,"20,266,747.01",0.01,"20,266,747.01","306,480.00",66.13,United Kingdom,London Stock Exchange,USD,0.74,--,IEFA
5714,DOWA HOLDINGS LTD,Materials,Equity,"20,170,613.25",0.01,"20,170,613.25","327,000.00",61.68,Japan,Tokyo Stock Exchange,USD,158.75,--,IEFA
ARCAD,ARCADIS NV,Industrials,Equity,"20,176,096.05",0.01,"20,176,096.05","531,961.00",37.93,Netherlands,Euronext Amsterdam,USD,0.85,--,IEFA
7762,CITIZEN WATCH LTD,Information Technology,Equity,"20,179,049.42",0.01,"20,179,049.42","1,733,400.00",11.64,Japan,Tokyo Stock Exchange,USD,158.75,--,IEFA
OSB,OSB GROUP PLC,Financials,Equity,"20,049,429.30",0.01,"20,049,429.30","2,642,811.00",7.59,United Kingdom,London Stock Exchange,USD,0.74,--,IEFA
REY,REPLY,Information Technology,Equity,"20,004,259.67",0.01,"20,004,259.67","181,364.00",110.3,Italy,Borsa Italiana,USD,0.85,--,IEFA
VIS,VISCOFAN SA,Consumer Staples,Equity,"19,966,913.53",0.01,"19,966,913.53","287,981.00",69.33,Spain,Bolsa De Madrid,USD,0.85,--,IEFA
543A,ARCHION CORP,Industrials,Equity,"19,970,912.47",0.01,"19,970,912.47","8,234,500.00",2.43,Japan,Tokyo Stock Exchange,USD,158.75,--,IEFA
2579,COCA-COLA BOTTLERS JAPAN HOLDINGS,Consumer Staples,Equity,"19,892,631.58",0.01,"19,892,631.58","919,050.00",21.64,Japan,Tokyo Stock Exchange,USD,158.75,--,IEFA
4980,DEXERIALS CORP,Information Technology,Equity,"19,876,303.51",0.01,"19,876,303.51","1,287,600.00",15.44,Japan,Tokyo Stock Exchange,USD,158.75,--,IEFA
TBCG,TBC BANK GROUP PLC,Financials,Equity,"19,845,155.58",0.01,"19,845,155.58","290,022.00",68.43,United Kingdom,London Stock Exchange,USD,0.74,--,IEFA
UTG,UNITE GROUP PLC,Real Estate,Equity,"19,746,593.70",0.01,"19,746,593.70","3,102,896.00",6.36,United Kingdom,London Stock Exchange,USD,0.74,--,IEFA
2002,NISSHIN SEIFUN GROUP INC,Consumer Staples,Equity,"19,694,700.31",0.01,"19,694,700.31","1,538,600.00",12.8,Japan,Tokyo Stock Exchange,USD,158.75,--,IEFA
APE,EAGERS AUTOMOTIVE LTD,Consumer Discretionary,Equity,"19,681,184.25",0.01,"19,681,184.25","1,146,912.00",17.16,Australia,Asx - All Markets,USD,1.4,--,IEFA
K71U,KEPPEL REIT UNITS,Real Estate,Equity,"19,686,093.18",0.01,"19,686,093.18","27,193,556.00",0.72,Singapore,Singapore Exchange,USD,1.27,--,IEFA
6460,SEGA SAMMY HOLDINGS INC,Consumer Discretionary,Equity,"19,638,445.62",0.01,"19,638,445.62","1,234,900.00",15.9,Japan,Tokyo Stock Exchange,USD,158.75,--,IEFA
4912,LION CORP,Consumer Staples,Equity,"19,630,152.76",0.01,"19,630,152.76","1,910,600.00",10.27,Japan,Tokyo Stock Exchange,USD,158.75,--,IEFA
3269,ADVANCE RESIDENCE INVESTMENT REIT,Real Estate,Equity,"19,633,344.04",0.01,"19,633,344.04","18,958.00","1,035.62",Japan,Tokyo Stock Exchange,USD,158.75,--,IEFA
SHC,SHAFTESBURY CAPITAL PLC,Real Estate,Equity,"19,603,063.22",0.01,"19,603,063.22","10,384,019.00",1.89,United Kingdom,London Stock Exchange,USD,0.74,--,IEFA
NETC,NETCOMPANY GROUP,Information Technology,Equity,"19,612,635.30",0.01,"19,612,635.30","310,346.00",63.2,Denmark,Omx Nordic Exchange Copenhagen A/S,USD,6.35,--,IEFA
VONN,VONTOBEL HOLDING AG,Financials,Equity,"19,613,941.83",0.01,"19,613,941.83","222,969.00",87.97,Switzerland,SIX Swiss Exchange,USD,0.78,--,IEFA
9064,YAMATO HOLDINGS LTD,Industrials,Equity,"19,593,646.41",0.01,"19,593,646.41","1,707,600.00",11.47,Japan,Tokyo Stock Exchange,USD,158.75,--,IEFA
5832,CHUGIN FINANCIAL GROUP INC,Financials,Equity,"19,578,886.89",0.01,"19,578,886.89","1,048,600.00",18.67,Japan,Tokyo Stock Exchange,USD,158.75,--,IEFA
4DX,4DMEDICAL LTD,Health Care,Equity,"19,534,068.26",0.01,"19,534,068.26","4,793,427.00",4.08,Australia,Asx - All Markets,USD,1.4,--,IEFA
JTC,JTC PLC,Financials,Equity,"19,444,308.79",0.01,"19,444,308.79","1,094,269.00",17.77,United Kingdom,London Stock Exchange,USD,0.74,--,IEFA
5233,TAIHEIYO CEMENT CORP,Materials,Equity,"19,406,147.60",0.01,"19,406,147.60","836,900.00",23.19,Japan,Tokyo Stock Exchange,USD,158.75,--,IEFA
TKMS,TKMS AG,Industrials,Equity,"19,374,650.64",0.01,"19,374,650.64","184,932.00",104.77,Germany,Xetra,USD,0.85,--,IEFA
8985,JAPAN HOTEL INVESTMENT REIT CORP,Real Estate,Equity,"19,381,982.42",0.01,"19,381,982.42","38,364.00",505.21,Japan,Tokyo Stock Exchange,USD,158.75,--,IEFA
TPRO,TECHNOPROBE SPA,Information Technology,Equity,"19,363,982.90",0.01,"19,363,982.90","916,939.00",21.12,Italy,Borsa Italiana,USD,0.85,--,IEFA
MCY,MERCURY NZ LTD,Utilities,Equity,"19,340,335.97",0.01,"19,340,335.97","5,095,593.00",3.8,New Zealand,New Zealand Exchange Ltd,USD,1.7,--,IEFA
JD.,JD SPORTS FASHION PLC,Consumer Discretionary,Equity,"19,312,935.08",0.01,"19,312,935.08","18,576,413.00",1.04,United Kingdom,London Stock Exchange,USD,0.74,--,IEFA
AKER,AKER,Industrials,Equity,"19,297,961.52",0.01,"19,297,961.52","172,543.00",111.84,Norway,Oslo Bors Asa,USD,9.33,--,IEFA
8368,HYAKUGO BANK LTD,Financials,Equity,"19,267,330.62",0.01,"19,267,330.62","1,652,400.00",11.66,Japan,Tokyo Stock Exchange,USD,158.75,--,IEFA
KEMIRA,KEMIRA,Materials,Equity,"19,245,883.41",0.01,"19,245,883.41","837,151.00",22.99,Finland,Nasdaq Omx Helsinki Ltd.,USD,0.85,--,IEFA
DKSH,DKSH HOLDING AG,Industrials,Equity,"19,209,876.08",0.01,"19,209,876.08","250,565.00",76.67,Switzerland,SIX Swiss Exchange,USD,0.78,--,IEFA
6407,CKD CORP,Industrials,Equity,"19,187,527.17",0.01,"19,187,527.17","537,200.00",35.72,Japan,Tokyo Stock Exchange,USD,158.75,--,IEFA
7988,NIFCO INC,Consumer Discretionary,Equity,"19,120,431.51",0.01,"19,120,431.51","641,300.00",29.82,Japan,Tokyo Stock Exchange,USD,158.75,--,IEFA
9202,ANA HOLDINGS INC,Industrials,Equity,"19,122,558.82",0.01,"19,122,558.82","1,053,300.00",18.15,Japan,Tokyo Stock Exchange,USD,158.75,--,IEFA
AZE,AZELIS GROUP NV,Industrials,Equity,"19,075,947.27",0.01,"19,075,947.27","1,576,381.00",12.1,Belgium,Nyse Euronext - Euronext Brussels,USD,0.85,--,IEFA
T82U,SUNTEC REIT UNITS TRUST,Real Estate,Equity,"19,063,415.82",0.01,"19,063,415.82","16,044,200.00",1.19,Singapore,Singapore Exchange,USD,1.27,--,IEFA
1969,TAKASAGO THERMAL ENGINEERING LTD,Industrials,Equity,"18,985,924.60",0.01,"18,985,924.60","672,600.00",28.23,Japan,Tokyo Stock Exchange,USD,158.75,--,IEFA
SON,SONAE SA,Consumer Staples,Equity,"18,944,994.83",0.01,"18,944,994.83","8,219,587.00",2.3,Portugal,Nyse Euronext - Euronext Lisbon,USD,0.85,--,IEFA
8020,KANEMATSU CORP,Industrials,Equity,"18,918,302.31",0.01,"18,918,302.31","1,375,400.00",13.75,Japan,Tokyo Stock Exchange,USD,158.75,--,IEFA
AMP,AMP LTD,Financials,Equity,"18,781,679.46",0.01,"18,781,679.46","18,338,511.00",1.02,Australia,Asx - All Markets,USD,1.4,--,IEFA
WAF,WEST AFRICAN RESOURCES LTD,Materials,Equity,"18,723,137.89",0.01,"18,723,137.89","7,599,515.00",2.46,Australia,Asx - All Markets,USD,1.4,--,IEFA
2181,PERSOL HOLDINGS LTD,Industrials,Equity,"18,708,104.57",0.01,"18,708,104.57","12,379,400.00",1.51,Japan,Tokyo Stock Exchange,USD,158.75,--,IEFA
4203,SUMITOMO BAKELITE LTD,Materials,Equity,"18,680,970.11",0.01,"18,680,970.11","574,600.00",32.51,Japan,Tokyo Stock Exchange,USD,158.75,--,IEFA
SESG,SES SA FDR,Communication,Equity,"18,688,810.38",0.01,"18,688,810.38","2,461,445.00",7.59,France,Nyse Euronext - Euronext Paris,USD,0.85,--,IEFA
SOL,SOL,Materials,Equity,"18,655,809.39",0.01,"18,655,809.39","272,776.00",68.39,Italy,Borsa Italiana,USD,0.85,--,IEFA
UQA,UNIQA INSURANCE GROUP AG,Financials,Equity,"18,670,076.10",0.01,"18,670,076.10","973,031.00",19.19,Austria,Wiener Boerse Ag,USD,0.85,--,IEFA
5444,YAMATO KOGYO LTD,Materials,Equity,"18,670,273.08",0.01,"18,670,273.08","247,500.00",75.44,Japan,Tokyo Stock Exchange,USD,158.75,--,IEFA
IFCN,INFICON HOLDING AG,Information Technology,Equity,"18,644,717.09",0.01,"18,644,717.09","116,522.00",160.01,Switzerland,SIX Swiss Exchange,USD,0.78,--,IEFA
5901,TOYO SEIKAN GROUP HOLDINGS LTD,Materials,Equity,"18,610,815.46",0.01,"18,610,815.46","873,300.00",21.31,Japan,Tokyo Stock Exchange,USD,158.75,--,IEFA
6368,ORGANO CORP,Industrials,Equity,"18,573,501.53",0.01,"18,573,501.53","190,900.00",97.29,Japan,Tokyo Stock Exchange,USD,158.75,--,IEFA
2871,NICHIREI CORP,Consumer Staples,Equity,"18,553,446.09",0.01,"18,553,446.09","1,538,400.00",12.06,Japan,Tokyo Stock Exchange,USD,158.75,--,IEFA
AMV0,AUMOVIO N,Consumer Discretionary,Equity,"18,529,764.06",0.01,"18,529,764.06","413,698.00",44.79,Germany,Xetra,USD,0.85,--,IEFA
GFTU,GRAFTON GROUP PLC,Industrials,Equity,"18,475,242.75",0.01,"18,475,242.75","1,445,112.00",12.78,United Kingdom,London Stock Exchange,USD,0.74,--,IEFA
6417,SANKYO LTD,Consumer Discretionary,Equity,"18,434,003.59",0.01,"18,434,003.59","1,487,700.00",12.39,Japan,Tokyo Stock Exchange,USD,158.75,--,IEFA
9008,KEIO CORP,Industrials,Equity,"18,392,814.89",0.01,"18,392,814.89","3,702,000.00",4.97,Japan,Tokyo Stock Exchange,USD,158.75,--,IEFA
6728,ULVAC INC,Information Technology,Equity,"18,330,250.40",0.01,"18,330,250.40","298,200.00",61.47,Japan,Tokyo Stock Exchange,USD,158.75,--,IEFA
6323,RORZE CORP,Information Technology,Equity,"18,338,588.30",0.01,"18,338,588.30","803,300.00",22.83,Japan,Tokyo Stock Exchange,USD,158.75,--,IEFA
2809,KEWPIE CORP,Consumer Staples,Equity,"18,296,905.10",0.01,"18,296,905.10","733,100.00",24.96,Japan,Tokyo Stock Exchange,USD,158.75,--,IEFA
9533,TOHO GAS LTD,Utilities,Equity,"18,262,975.21",0.01,"18,262,975.21","2,282,800.00",8,Japan,Tokyo Stock Exchange,USD,158.75,--,IEFA
BRAV,BRAVIDA HOLDING,Industrials,Equity,"18,222,217.49",0.01,"18,222,217.49","1,631,147.00",11.17,Sweden,Nasdaq Omx Nordic,USD,9.15,--,IEFA
5741,UACJ CORP,Materials,Equity,"18,234,974.33",0.01,"18,234,974.33","991,000.00",18.4,Japan,Tokyo Stock Exchange,USD,158.75,--,IEFA
4401,ADEKA CORP,Materials,Equity,"18,216,643.67",0.01,"18,216,643.67","729,700.00",24.96,Japan,Tokyo Stock Exchange,USD,158.75,--,IEFA
3309,SEKISUI HOUSE REIT INC,Real Estate,Equity,"18,134,076.66",0.01,"18,134,076.66","31,634.00",573.25,Japan,Tokyo Stock Exchange,USD,158.75,--,IEFA
J69U,FRASERS CENTREPOINT UNITS TRUST,Real Estate,Equity,"18,118,279.20",0.01,"18,118,279.20","10,098,954.00",1.79,Singapore,Singapore Exchange,USD,1.27,--,IEFA
EMR,EMERALD RESOURCES,Materials,Equity,"17,944,392.15",0.01,"17,944,392.15","3,831,040.00",4.68,Australia,Asx - All Markets,USD,1.4,--,IEFA
3249,INDUSTRIAL & INFRASTRUCTURE FUND I,Real Estate,Equity,"17,896,355.79",0.01,"17,896,355.79","18,965.00",943.65,Japan,Tokyo Stock Exchange,USD,158.75,--,IEFA
EFGN,EFG INTERNATIONAL AG,Financials,Equity,"17,898,957.36",0.01,"17,898,957.36","787,453.00",22.73,Switzerland,SIX Swiss Exchange,USD,0.78,--,IEFA
VLK,VAN LANSCHOT KEMPEN NV,Financials,Equity,"17,879,962.07",0.01,"17,879,962.07","234,040.00",76.4,Netherlands,Euronext Amsterdam,USD,0.85,--,IEFA
N2IU,MAPLETREE PAN ASIA COMMERCIAL TRUS,Real Estate,Equity,"17,832,398.76",0.01,"17,832,398.76","16,072,556.00",1.11,Singapore,Singapore Exchange,USD,1.27,--,IEFA
BCHN,BURCKHARDT COMPRESSION HOLDING AG,Industrials,Equity,"17,779,215.36",0.01,"17,779,215.36","25,975.00",684.47,Switzerland,SIX Swiss Exchange,USD,0.78,--,IEFA
BAVA,BAVARIAN NORDIC,Health Care,Equity,"17,759,521.87",0.01,"17,759,521.87","572,026.00",31.05,Denmark,Omx Nordic Exchange Copenhagen A/S,USD,6.35,--,IEFA
7327,DAISHI HOKUETSU FINANCIAL GROUP IN,Financials,Equity,"17,763,406.72",0.01,"17,763,406.72","1,438,700.00",12.35,Japan,Tokyo Stock Exchange,USD,158.75,--,IEFA
4626,TAIYO HOLDINGS LTD,Materials,Equity,"17,743,173.01",0.01,"17,743,173.01","586,800.00",30.24,Japan,Tokyo Stock Exchange,USD,158.75,--,IEFA
SOLB,SOLVAY SA,Materials,Equity,"17,744,583.61",0.01,"17,744,583.61","541,458.00",32.77,Belgium,Nyse Euronext - Euronext Brussels,USD,0.85,--,IEFA
4088,AIR WATER INC,Materials,Equity,"17,715,342.22",0.01,"17,715,342.22","1,246,000.00",14.22,Japan,Tokyo Stock Exchange,USD,158.75,--,IEFA
2212,YAMAZAKI BAKING LTD,Consumer Staples,Equity,"17,707,123.37",0.01,"17,707,123.37","864,100.00",20.49,Japan,Tokyo Stock Exchange,USD,158.75,--,IEFA
101,HANG LUNG PROPERTIES LTD,Real Estate,Equity,"17,680,469.41",0.01,"17,680,469.41","15,316,000.00",1.15,Hong Kong,Hong Kong Exchanges And Clearing Ltd,USD,7.83,--,IEFA
CAMX,CAMURUS,Health Care,Equity,"17,639,183.46",0.01,"17,639,183.46","286,116.00",61.65,Sweden,Nasdaq Omx Nordic,USD,9.15,--,IEFA
MF,WENDEL,Financials,Equity,"17,482,250.76",0.01,"17,482,250.76","169,246.00",103.29,France,Nyse Euronext - Euronext Paris,USD,0.85,--,IEFA
8056,BIPROGY INC,Information Technology,Equity,"17,467,612.21",0.01,"17,467,612.21","568,100.00",30.75,Japan,Tokyo Stock Exchange,USD,158.75,--,IEFA
5947,RINNAI CORP,Consumer Discretionary,Equity,"17,470,545.21",0.01,"17,470,545.21","784,100.00",22.28,Japan,Tokyo Stock Exchange,USD,158.75,--,IEFA
1332,NISSUI CORP,Consumer Staples,Equity,"17,441,631.55",0.01,"17,441,631.55","2,139,700.00",8.15,Japan,Tokyo Stock Exchange,USD,158.75,--,IEFA
6770,ALPS ALPINE LTD,Information Technology,Equity,"17,448,105.58",0.01,"17,448,105.58","1,220,176.00",14.3,Japan,Tokyo Stock Exchange,USD,158.75,--,IEFA
EBO,EBOS GROUP LTD,Health Care,Equity,"17,419,310.43",0.01,"17,419,310.43","1,330,428.00",13.09,New Zealand,New Zealand Exchange Ltd,USD,1.7,--,IEFA
AT1,AROUNDTOWN SA,Real Estate,Equity,"17,403,034.42",0.01,"17,403,034.42","5,651,392.00",3.08,Germany,Xetra,USD,0.85,--,IEFA
ZIP,ZIP CO LTD,Financials,Equity,"17,390,824.87",0.01,"17,390,824.87","9,674,135.00",1.8,Australia,Asx - All Markets,USD,1.4,--,IEFA
ATS,AT & S AUSTRIA TECHNOLOGIE & SYSTE,Information Technology,Equity,"17,393,099.89",0.01,"17,393,099.89","166,018.00",104.77,Austria,Wiener Boerse Ag,USD,0.85,--,IEFA
C52,COMFORTDELGRO CORPORATION LTD,Industrials,Equity,"17,330,810.09",0.01,"17,330,810.09","14,586,000.00",1.19,Singapore,Singapore Exchange,USD,1.27,--,IEFA
TWE,TREASURY WINE ESTATES LTD,Consumer Staples,Equity,"17,344,951.37",0.01,"17,344,951.37","5,906,836.00",2.94,Australia,Asx - All Markets,USD,1.4,--,IEFA
HILS,HILL AND SMITH PLC,Materials,Equity,"17,317,964.56",0.01,"17,317,964.56","528,095.00",32.79,United Kingdom,London Stock Exchange,USD,0.74,--,IEFA
1417,MIRAIT ONE CORP,Industrials,Equity,"17,281,378.94",0.01,"17,281,378.94","722,500.00",23.92,Japan,Tokyo Stock Exchange,USD,158.75,--,IEFA
5805,SWCC CORP,Industrials,Equity,"17,272,443.23",0.01,"17,272,443.23","194,600.00",88.76,Japan,Tokyo Stock Exchange,USD,158.75,--,IEFA
1959,KRAFTIA CORP,Industrials,Equity,"17,246,073.89",0.01,"17,246,073.89","294,000.00",58.66,Japan,Tokyo Stock Exchange,USD,158.75,--,IEFA
DOKA,DORMAKABA HOLDING AG,Industrials,Equity,"17,222,451.01",0.01,"17,222,451.01","246,982.00",69.73,Switzerland,SIX Swiss Exchange,USD,0.78,--,IEFA
FDR,FLUIDRA SA,Industrials,Equity,"17,228,434.03",0.01,"17,228,434.03","683,912.00",25.19,Spain,Bolsa De Madrid,USD,0.85,--,IEFA
2784,ALFRESA HOLDINGS CORP,Health Care,Equity,"17,229,036.82",0.01,"17,229,036.82","1,135,100.00",15.18,Japan,Tokyo Stock Exchange,USD,158.75,--,IEFA
BME,B&M EUROPEAN VALUE RETAIL PLC,Consumer Discretionary,Equity,"17,183,999.12",0.01,"17,183,999.12","7,179,231.00",2.39,United Kingdom,London Stock Exchange,USD,0.74,--,IEFA
NEXI,NEXI,Financials,Equity,"17,178,342.56",0.01,"17,178,342.56","3,894,626.00",4.41,Italy,Borsa Italiana,USD,0.85,--,IEFA
9301,MITSUBISHI LOGISTICS CORP,Industrials,Equity,"17,134,525.18",0.01,"17,134,525.18","1,940,100.00",8.83,Japan,Tokyo Stock Exchange,USD,158.75,--,IEFA
ILU,ILUKA RESOURCES LTD,Materials,Equity,"17,077,625.99",0.01,"17,077,625.99","3,158,248.00",5.41,Australia,Asx - All Markets,USD,1.4,--,IEFA
KIT,KITRON,Information Technology,Equity,"17,084,180.45",0.01,"17,084,180.45","1,548,258.00",11.03,Norway,Oslo Bors Asa,USD,9.33,--,IEFA
SPK,SPARK NEW ZEALAND LTD,Communication,Equity,"17,085,774.25",0.01,"17,085,774.25","13,760,767.00",1.24,New Zealand,New Zealand Exchange Ltd,USD,1.7,--,IEFA
SGM,SIMS LTD,Materials,Equity,"17,086,321.48",0.01,"17,086,321.48","1,189,871.00",14.36,Australia,Asx - All Markets,USD,1.4,--,IEFA
EXENS,EXOSENS SA,Industrials,Equity,"17,071,519.47",0.01,"17,071,519.47","217,754.00",78.4,France,Nyse Euronext - Euronext Paris,USD,0.85,--,IEFA
EMMN,EMMI AG,Consumer Staples,Equity,"16,993,729.29",0.01,"16,993,729.29","16,079.00","1,056.89",Switzerland,SIX Swiss Exchange,USD,0.78,--,IEFA
6141,DMG MORI LTD,Industrials,Equity,"16,918,265.14",0.01,"16,918,265.14","994,700.00",17.01,Japan,Tokyo Stock Exchange,USD,158.75,--,IEFA
BAKKA,BAKKAFROST,Consumer Staples,Equity,"16,876,761.23",0.01,"16,876,761.23","350,700.00",48.12,Norway,Oslo Bors Asa,USD,9.33,--,IEFA
NHF,NIB HOLDINGS LTD,Financials,Equity,"16,844,199.80",0.01,"16,844,199.80","3,510,276.00",4.8,Australia,Asx - All Markets,USD,1.4,--,IEFA
EKTA B,ELEKTA B,Health Care,Equity,"16,849,740.46",0.01,"16,849,740.46","2,697,241.00",6.25,Sweden,Nasdaq Omx Nordic,USD,9.15,--,IEFA
6473,JTEKT CORP,Consumer Discretionary,Equity,"16,823,647.36",0.01,"16,823,647.36","1,506,300.00",11.17,Japan,Tokyo Stock Exchange,USD,158.75,--,IEFA
KRN,KRONES AG,Industrials,Equity,"16,830,481.76",0.01,"16,830,481.76","109,813.00",153.26,Germany,Xetra,USD,0.85,--,IEFA
NWL,NETWEALTH GROUP LTD,Financials,Equity,"16,832,077.56",0.01,"16,832,077.56","925,637.00",18.18,Australia,Asx - All Markets,USD,1.4,--,IEFA
7282,TOYODA GOSEI LTD,Consumer Discretionary,Equity,"16,801,759.43",0.01,"16,801,759.43","607,700.00",27.65,Japan,Tokyo Stock Exchange,USD,158.75,--,IEFA
APAM,APERAM SA,Materials,Equity,"16,803,079.82",0.01,"16,803,079.82","343,134.00",48.97,France,Euronext Amsterdam,USD,0.85,--,IEFA
GN,GN STORE NORD,Consumer Discretionary,Equity,"16,797,651.93",0.01,"16,797,651.93","986,493.00",17.03,Denmark,Omx Nordic Exchange Copenhagen A/S,USD,6.35,--,IEFA
HAFNI,HAFNIA LTD,Energy,Equity,"16,769,428.69",0.01,"16,769,428.69","2,063,712.00",8.13,Singapore,Oslo Bors Asa,USD,9.33,--,IEFA
DRO,DRONESHIELD LTD,Industrials,Equity,"16,743,883.93",0.01,"16,743,883.93","6,476,117.00",2.59,Australia,Asx - All Markets,USD,1.4,--,IEFA
SOP,SOPRA STERIA GROUP,Information Technology,Equity,"16,673,079.15",0.01,"16,673,079.15","109,628.00",152.09,France,Nyse Euronext - Euronext Paris,USD,0.85,--,IEFA
SKBN,SHIKUN AND BINUI LTD,Industrials,Equity,"16,662,716.86",0.01,"16,662,716.86","2,571,237.00",6.48,Israel,Tel Aviv Stock Exchange,USD,2.99,--,IEFA
KLR,KELLER GROUP PLC,Industrials,Equity,"16,610,081.61",0.01,"16,610,081.61","562,401.00",29.53,United Kingdom,London Stock Exchange,USD,0.74,--,IEFA
8088,IWATANI CORP,Energy,Equity,"16,565,480.49",0.01,"16,565,480.49","1,318,800.00",12.56,Japan,Tokyo Stock Exchange,USD,158.75,--,IEFA
DLN,DERWENT LONDON REIT PLC,Real Estate,Equity,"16,579,694.78",0.01,"16,579,694.78","705,024.00",23.52,United Kingdom,London Stock Exchange,USD,0.74,--,IEFA
SCT,SOFTCAT PLC,Information Technology,Equity,"16,579,874.91",0.01,"16,579,874.91","920,458.00",18.01,United Kingdom,London Stock Exchange,USD,0.74,--,IEFA
TECN,TECAN GROUP AG,Health Care,Equity,"16,554,073.46",0.01,"16,554,073.46","95,134.00",174.01,Switzerland,SIX Swiss Exchange,USD,0.78,--,IEFA
HBR,HARBOUR ENERGY PLC,Energy,Equity,"16,491,161.30",0.01,"16,491,161.30","4,476,835.00",3.68,United Kingdom,London Stock Exchange,USD,0.74,--,IEFA
4506,SUMITOMO PHARMA LTD,Health Care,Equity,"16,493,111.59",0.01,"16,493,111.59","1,263,000.00",13.06,Japan,Tokyo Stock Exchange,USD,158.75,--,IEFA
OUT1V,OUTOKUMPU,Materials,Equity,"16,505,339.81",0.01,"16,505,339.81","2,603,796.00",6.34,Finland,Nasdaq Omx Helsinki Ltd.,USD,0.85,--,IEFA
AUB,AUB GROUP LTD,Financials,Equity,"16,472,191.72",0.01,"16,472,191.72","905,846.00",18.18,Australia,Asx - All Markets,USD,1.4,--,IEFA
GRG,GREGGS PLC,Consumer Discretionary,Equity,"16,477,865.58",0.01,"16,477,865.58","748,009.00",22.03,United Kingdom,London Stock Exchange,USD,0.74,--,IEFA
7649,SUGI HOLDINGS LTD,Consumer Staples,Equity,"16,483,144.67",0.01,"16,483,144.67","753,200.00",21.88,Japan,Tokyo Stock Exchange,USD,158.75,--,IEFA
3769,GMO PAYMENT GATEWAY INC,Financials,Equity,"16,483,590.66",0.01,"16,483,590.66","292,400.00",56.37,Japan,Tokyo Stock Exchange,USD,158.75,--,IEFA
HPOL B,HEXPOL CLASS B,Materials,Equity,"16,436,263.25",0.01,"16,436,263.25","1,881,911.00",8.73,Sweden,Nasdaq Omx Nordic,USD,9.15,--,IEFA
GNS,GENUS PLC,Health Care,Equity,"16,449,571.23",0.01,"16,449,571.23","470,021.00",35,United Kingdom,London Stock Exchange,USD,0.74,--,IEFA
BYG,BIG YELLOW GROUP PLC,Real Estate,Equity,"16,433,469.41",0.01,"16,433,469.41","1,333,213.00",12.33,United Kingdom,London Stock Exchange,USD,0.74,--,IEFA
2264,MORINAGA MILK INDUSTRY LTD,Consumer Staples,Equity,"16,411,272.80",0.01,"16,411,272.80","535,500.00",30.65,Japan,Tokyo Stock Exchange,USD,158.75,--,IEFA
AJB,AJ BELL PLC,Financials,Equity,"16,416,911.13",0.01,"16,416,911.13","2,215,327.00",7.41,United Kingdom,London Stock Exchange,USD,0.74,--,IEFA
9201,JAPAN AIRLINES LTD,Industrials,Equity,"16,417,082.43",0.01,"16,417,082.43","1,011,500.00",16.23,Japan,Tokyo Stock Exchange,USD,158.75,--,IEFA
RENE,REN REDES ENERGETICAS NACIONAIS SA,Utilities,Equity,"16,392,663.25",0.01,"16,392,663.25","3,708,581.00",4.42,Portugal,Nyse Euronext - Euronext Lisbon,USD,0.85,--,IEFA
TIETO,TIETO,Information Technology,Equity,"16,374,502.77",0.01,"16,374,502.77","744,264.00",22,Finland,Nasdaq Omx Helsinki Ltd.,USD,0.85,--,IEFA
3471,MITSUI FUDOSAN LOGISTICS PARK REIT,Real Estate,Equity,"16,354,621.56",0.01,"16,354,621.56","22,152.00",738.29,Japan,Tokyo Stock Exchange,USD,158.75,--,IEFA
7164,ZENKOKU HOSHO LTD,Financials,Equity,"16,356,838.96",0.01,"16,356,838.96","802,400.00",20.38,Japan,Tokyo Stock Exchange,USD,158.75,--,IEFA
TRE,TECNICAS REUNIDAS SA,Energy,Equity,"16,334,146.49",0.01,"16,334,146.49","403,842.00",40.45,Spain,Bolsa De Madrid,USD,0.85,--,IEFA
4716,ORACLE JAPAN CORP,Information Technology,Equity,"16,274,270.06",0.01,"16,274,270.06","271,800.00",59.88,Japan,Tokyo Stock Exchange,USD,158.75,--,IEFA
868,XINYI GLASS HOLDINGS LTD,Industrials,Equity,"16,288,616.47",0.01,"16,288,616.47","13,191,000.00",1.23,Hong Kong,Hong Kong Exchanges And Clearing Ltd,USD,7.83,--,IEFA
KALMAR,KALMAR CORPORATION CLASS B,Industrials,Equity,"16,218,260.22",0.01,"16,218,260.22","286,079.00",56.69,Finland,Nasdaq Omx Helsinki Ltd.,USD,0.85,--,IEFA
SLR,SOLARIA ENERGIA Y MEDIO AMBIENTE S,Utilities,Equity,"16,204,006.94",0.01,"16,204,006.94","583,035.00",27.79,Spain,Bolsa De Madrid,USD,0.85,--,IEFA
8955,JAPAN PRIME REALTY INVESTMENT REIT,Real Estate,Equity,"16,127,988.28",0.01,"16,127,988.28","25,475.00",633.09,Japan,Tokyo Stock Exchange,USD,158.75,--,IEFA
MTS,METCASH LTD,Consumer Staples,Equity,"16,113,844.08",0.01,"16,113,844.08","7,812,182.00",2.06,Australia,Asx - All Markets,USD,1.4,--,IEFA
COA,COATS GROUP PLC,Consumer Discretionary,Equity,"16,073,685.68",0.01,"16,073,685.68","13,685,876.00",1.17,United Kingdom,London Stock Exchange,USD,0.74,--,IEFA
3291,IIDA GROUP HOLDINGS LTD,Consumer Discretionary,Equity,"16,057,690.01",0.01,"16,057,690.01","1,095,200.00",14.66,Japan,Tokyo Stock Exchange,USD,158.75,--,IEFA
6923,STANLEY ELECTRIC LTD,Consumer Discretionary,Equity,"16,044,267.22",0.01,"16,044,267.22","845,600.00",18.97,Japan,Tokyo Stock Exchange,USD,158.75,--,IEFA
1719,HAZAMA ANDO CORP,Industrials,Equity,"16,045,410.88",0.01,"16,045,410.88","1,297,900.00",12.36,Japan,Tokyo Stock Exchange,USD,158.75,--,IEFA
BUOU,FRASERS LOGISTICS & COMMERCIAL TRU,Real Estate,Equity,"16,025,073.20",0.01,"16,025,073.20","20,781,086.00",0.77,Singapore,Singapore Exchange,USD,1.27,--,IEFA
CLN,CLARIANT AG,Materials,Equity,"15,958,920.38",0.01,"15,958,920.38","1,504,505.00",10.61,Switzerland,SIX Swiss Exchange,USD,0.78,--,IEFA
RSW,RENISHAW PLC,Information Technology,Equity,"15,917,419.05",0.01,"15,917,419.05","266,063.00",59.83,United Kingdom,London Stock Exchange,USD,0.74,--,IEFA
FAGR,FAGRON NV,Health Care,Equity,"15,899,442.33",0.01,"15,899,442.33","554,691.00",28.66,Belgium,Nyse Euronext - Euronext Brussels,USD,0.85,--,IEFA
9065,SANKYU INC,Industrials,Equity,"15,904,284.23",0.01,"15,904,284.23","290,800.00",54.69,Japan,Tokyo Stock Exchange,USD,158.75,--,IEFA
6952,CASIO COMPUTER LTD,Consumer Discretionary,Equity,"15,872,313.14",0.01,"15,872,313.14","1,467,900.00",10.81,Japan,Tokyo Stock Exchange,USD,158.75,--,IEFA
6871,MICRONICS JAPAN LTD,Information Technology,Equity,"15,846,432.96",0.01,"15,846,432.96","198,700.00",79.75,Japan,Tokyo Stock Exchange,USD,158.75,--,IEFA
LOG,LOGISTA CIA DE DISTRIBUCION INTEGR,Industrials,Equity,"15,813,152.24",0.01,"15,813,152.24","410,808.00",38.49,Spain,Bolsa De Madrid,USD,0.85,--,IEFA
--,CYBERARK SOFTWARE CONTRA,Information Technology,Equity,"15,766,875.00",0.01,"15,766,875.00","350,375.00",45,Israel,NO MARKET (E.G. UNLISTED),USD,1,--,IEFA
8060,CANON MARKETING JAPAN INC,Information Technology,Equity,"15,681,466.50",0.01,"15,681,466.50","693,800.00",22.6,Japan,Tokyo Stock Exchange,USD,158.75,--,IEFA
SAFE,SAFESTORE HOLDINGS PLC,Real Estate,Equity,"15,640,221.10",0.01,"15,640,221.10","1,648,702.00",9.49,United Kingdom,London Stock Exchange,USD,0.74,--,IEFA
4613,KANSAI PAINT LTD,Materials,Equity,"15,644,526.76",0.01,"15,644,526.76","1,025,600.00",15.25,Japan,Tokyo Stock Exchange,USD,158.75,--,IEFA
CATE,CATENA,Real Estate,Equity,"15,630,827.81",0.01,"15,630,827.81","304,118.00",51.4,Sweden,Nasdaq Omx Nordic,USD,9.15,--,IEFA
CAN,CANAL+ SA,Communication,Equity,"15,554,236.72",0.01,"15,554,236.72","4,898,663.00",3.18,United Kingdom,London Stock Exchange,USD,0.74,--,IEFA
BRG,BREVILLE GROUP LTD,Consumer Discretionary,Equity,"15,522,150.88",0.01,"15,522,150.88","739,438.00",20.99,Australia,Asx - All Markets,USD,1.4,--,IEFA
PNDX B,PANDOX,Real Estate,Equity,"15,525,896.84",0.01,"15,525,896.84","736,703.00",21.07,Sweden,Nasdaq Omx Nordic,USD,9.15,--,IEFA
VIRP,VIRBAC SA,Health Care,Equity,"15,504,007.22",0.01,"15,504,007.22","34,660.00",447.32,France,Nyse Euronext - Euronext Paris,USD,0.85,--,IEFA
6590,SHIBAURA MECHATRONICS CORP,Information Technology,Equity,"15,472,210.15",0.01,"15,472,210.15","493,200.00",31.37,Japan,Tokyo Stock Exchange,USD,158.75,--,IEFA
8050,SEIKO GROUP CORP,Consumer Discretionary,Equity,"15,440,587.11",0.01,"15,440,587.11","381,200.00",40.51,Japan,Tokyo Stock Exchange,USD,158.75,--,IEFA
JEN,JENOPTIK N AG,Information Technology,Equity,"15,447,713.03",0.01,"15,447,713.03","387,337.00",39.88,Germany,Xetra,USD,0.85,--,IEFA
ROVI,LABORATORIOS FARMACEUTICOS ROVI SA,Health Care,Equity,"15,398,829.46",0.01,"15,398,829.46","152,910.00",100.71,Spain,Bolsa De Madrid,USD,0.85,--,IEFA
HIAB,HIAB CORPORATION CLASS B,Industrials,Equity,"15,334,587.55",0.01,"15,334,587.55","285,052.00",53.8,Finland,Nasdaq Omx Helsinki Ltd.,USD,0.85,--,IEFA
KARN,KARDEX HOLDING AG,Industrials,Equity,"15,320,704.38",0.01,"15,320,704.38","44,599.00",343.52,Switzerland,SIX Swiss Exchange,USD,0.78,--,IEFA
IRE,IREN,Utilities,Equity,"15,300,045.24",0.01,"15,300,045.24","5,033,901.00",3.04,Italy,Borsa Italiana,USD,0.85,--,IEFA
1860,TODA CORP,Industrials,Equity,"15,307,376.93",0.01,"15,307,376.93","1,717,900.00",8.91,Japan,Tokyo Stock Exchange,USD,158.75,--,IEFA
8524,NORTH PACIFIC BANK LTD,Financials,Equity,"15,289,495.73",0.01,"15,289,495.73","2,403,100.00",6.36,Japan,Tokyo Stock Exchange,USD,158.75,--,IEFA
9006,KEIKYU CORP,Industrials,Equity,"15,261,534.22",0.01,"15,261,534.22","1,556,500.00",9.81,Japan,Tokyo Stock Exchange,USD,158.75,--,IEFA
6592,MABUCHI MOTOR LTD,Industrials,Equity,"15,223,333.02",0.01,"15,223,333.02","1,455,800.00",10.46,Japan,Tokyo Stock Exchange,USD,158.75,--,IEFA
9987,SUZUKEN LTD,Health Care,Equity,"15,226,999.91",0.01,"15,226,999.91","411,300.00",37.02,Japan,Tokyo Stock Exchange,USD,158.75,--,IEFA
WCH,WACKER CHEMIE AG,Materials,Equity,"15,233,827.75",0.01,"15,233,827.75","136,224.00",111.83,Germany,Xetra,USD,0.85,--,IEFA
AMBU B,AMBU CLASS B,Health Care,Equity,"15,206,577.93",0.01,"15,206,577.93","1,379,128.00",11.03,Denmark,Omx Nordic Exchange Copenhagen A/S,USD,6.35,--,IEFA
ALMB,ALM BRAND,Financials,Equity,"15,186,619.49",0.01,"15,186,619.49","6,216,135.00",2.44,Denmark,Omx Nordic Exchange Copenhagen A/S,USD,6.35,--,IEFA
PNI,PINNACLE INVESTMENT MANAGEMENT GRO,Financials,Equity,"15,192,445.67",0.01,"15,192,445.67","1,264,912.00",12.01,Australia,Asx - All Markets,USD,1.4,--,IEFA
NCC B,NCC B,Industrials,Equity,"15,172,668.99",0.01,"15,172,668.99","610,937.00",24.84,Sweden,Nasdaq Omx Nordic,USD,9.15,--,IEFA
RF,EURAZEO,Financials,Equity,"15,109,400.93",0.01,"15,109,400.93","271,136.00",55.73,France,Nyse Euronext - Euronext Paris,USD,0.85,--,IEFA
8129,TOHO HOLDINGS LTD,Health Care,Equity,"15,119,357.46",0.01,"15,119,357.46","536,700.00",28.17,Japan,Tokyo Stock Exchange,USD,158.75,--,IEFA
1662,JAPAN PETROLEUM EXPLORATION LTD,Energy,Equity,"15,119,800.94",0.01,"15,119,800.94","1,107,100.00",13.66,Japan,Tokyo Stock Exchange,USD,158.75,--,IEFA
ENRG,ENERGIX RENEWABLE ENERGIES LTD,Utilities,Equity,"15,123,676.08",0.01,"15,123,676.08","2,300,492.00",6.57,Israel,Tel Aviv Stock Exchange,USD,2.99,--,IEFA
MND,MONADELPHOUS GROUP LTD,Industrials,Equity,"15,092,356.68",0.01,"15,092,356.68","733,989.00",20.56,Australia,Asx - All Markets,USD,1.4,--,IEFA
CHG,CHEMRING GROUP PLC,Industrials,Equity,"15,017,474.40",0.01,"15,017,474.40","1,979,525.00",7.59,United Kingdom,London Stock Exchange,USD,0.74,--,IEFA
6703,OKI ELECTRIC INDUSTRY LTD,Information Technology,Equity,"15,023,956.66",0.01,"15,023,956.66","689,300.00",21.8,Japan,Tokyo Stock Exchange,USD,158.75,--,IEFA
7984,KOKUYO LTD,Industrials,Equity,"14,984,265.84",0.01,"14,984,265.84","2,731,600.00",5.49,Japan,Tokyo Stock Exchange,USD,158.75,--,IEFA
COFA,COFACE SA,Financials,Equity,"14,970,562.84",0.01,"14,970,562.84","788,446.00",18.99,France,Nyse Euronext - Euronext Paris,USD,0.85,--,IEFA
ASMDEE B,ASMODEE GROUP CLASS B,Consumer Discretionary,Equity,"14,940,882.19",0.01,"14,940,882.19","1,105,861.00",13.51,Sweden,Nasdaq Omx Nordic,USD,9.15,--,IEFA
9048,NAGOYA RAILROAD LTD,Industrials,Equity,"14,907,493.15",0.01,"14,907,493.15","1,337,000.00",11.15,Japan,Tokyo Stock Exchange,USD,158.75,--,IEFA
4681,RESORT TRUST INC,Consumer Discretionary,Equity,"14,872,648.27",0.01,"14,872,648.27","1,298,300.00",11.46,Japan,Tokyo Stock Exchange,USD,158.75,--,IEFA
6526,SOCIONEXT INC,Information Technology,Equity,"14,880,904.91",0.01,"14,880,904.91","1,282,100.00",11.61,Japan,Tokyo Stock Exchange,USD,158.75,--,IEFA
RSG,RESOLUTE MINING LTD,Materials,Equity,"14,865,026.68",0.01,"14,865,026.68","14,565,202.00",1.02,Australia,Asx - All Markets,USD,1.4,--,IEFA
DOFG,DOF GROUP,Energy,Equity,"14,820,014.22",0.01,"14,820,014.22","1,037,779.00",14.28,Norway,Oslo Bors Asa,USD,9.33,--,IEFA
FABG,FABEGE,Real Estate,Equity,"14,829,092.50",0.01,"14,829,092.50","1,708,586.00",8.68,Sweden,Nasdaq Omx Nordic,USD,9.15,--,IEFA
3132,MACNICA HOLDINGS INC,Information Technology,Equity,"14,801,678.16",0.01,"14,801,678.16","976,800.00",15.15,Japan,Tokyo Stock Exchange,USD,158.75,--,IEFA
9045,KEIHAN HOLDINGS LTD,Industrials,Equity,"14,813,118.52",0.01,"14,813,118.52","705,100.00",21.01,Japan,Tokyo Stock Exchange,USD,158.75,--,IEFA
UBFUT,CASH COLLATERAL GBP UBFUT,Cash and/or Derivatives,Cash Collateral and Margins,"14,748,183.80",0.01,"14,748,183.80","10,906,000.00",135.23,United Kingdom,--,USD,0.74,15-Oct-15,IEFA
9706,JAPAN AIRPORT TERMINAL LTD,Industrials,Equity,"14,731,127.28",0.01,"14,731,127.28","453,900.00",32.45,Japan,Tokyo Stock Exchange,USD,158.75,--,IEFA
8370,THE KIYO BANK LTD,Financials,Equity,"14,707,701.03",0.01,"14,707,701.03","577,200.00",25.48,Japan,Tokyo Stock Exchange,USD,158.75,--,IEFA
TWEKA,TKH GROUP NV,Industrials,Equity,"14,709,990.12",0.01,"14,709,990.12","294,030.00",50.03,Netherlands,Euronext Amsterdam,USD,0.85,--,IEFA
5857,ARE HOLDINGS INC,Materials,Equity,"14,721,118.78",0.01,"14,721,118.78","628,200.00",23.43,Japan,Tokyo Stock Exchange,USD,158.75,--,IEFA
SHA0,SHAEFFLER N AG,Consumer Discretionary,Equity,"14,643,938.25",0.01,"14,643,938.25","1,473,953.00",9.94,Germany,Xetra,USD,0.85,--,IEFA
9303,SUMITOMO WAREHOUSE LTD,Industrials,Equity,"14,588,226.40",0.01,"14,588,226.40","598,400.00",24.38,Japan,Tokyo Stock Exchange,USD,158.75,--,IEFA
COL,COLONIAL SFL SOCIMI SA,Real Estate,Equity,"14,540,273.73",0.01,"14,540,273.73","2,251,978.00",6.46,Spain,Bolsa De Madrid,USD,0.85,--,IEFA
HMSO,HAMMERSON REIT PLC,Real Estate,Equity,"14,516,814.13",0.01,"14,516,814.13","3,219,828.00",4.51,United Kingdom,London Stock Exchange,USD,0.74,--,IEFA
ATE,ALTEN SA,Information Technology,Equity,"14,501,219.27",0.01,"14,501,219.27","208,442.00",69.57,France,Nyse Euronext - Euronext Paris,USD,0.85,--,IEFA
KEN,KENON HOLDINGS LTD,Utilities,Equity,"14,502,759.12",0.01,"14,502,759.12","175,501.00",82.64,Israel,Tel Aviv Stock Exchange,USD,2.99,--,IEFA
JET2,JET2 PLC,Industrials,Equity,"14,451,999.81",0.01,"14,451,999.81","893,560.00",16.17,United Kingdom,London Stock Exchange,USD,0.74,--,IEFA
ALIF B,ADDLIFE CLASS B,Health Care,Equity,"14,426,107.99",0.01,"14,426,107.99","799,849.00",18.04,Sweden,Nasdaq Omx Nordic,USD,9.15,--,IEFA
2670,ABC MART INC,Consumer Discretionary,Equity,"14,430,626.48",0.01,"14,430,626.48","790,200.00",18.26,Japan,Tokyo Stock Exchange,USD,158.75,--,IEFA
SINCH,SINCH,Information Technology,Equity,"14,402,355.30",0.01,"14,402,355.30","4,898,059.00",2.94,Sweden,Nasdaq Omx Nordic,USD,9.15,--,IEFA
6005,MIURA LTD,Industrials,Equity,"14,403,671.30",0.01,"14,403,671.30","679,700.00",21.19,Japan,Tokyo Stock Exchange,USD,158.75,--,IEFA
VID,VIDRALA SA,Materials,Equity,"14,386,825.60",0.01,"14,386,825.60","152,963.00",94.05,Spain,Bolsa De Madrid,USD,0.85,--,IEFA
4631,DIC CORP,Materials,Equity,"14,352,017.39",0.01,"14,352,017.39","614,100.00",23.37,Japan,Tokyo Stock Exchange,USD,158.75,--,IEFA
RRTL,RTL GROUP SA,Communication,Equity,"14,338,349.50",0.01,"14,338,349.50","313,528.00",45.73,Germany,Xetra,USD,0.85,--,IEFA
CIE,CIE AUTOMOTIVE SA,Consumer Discretionary,Equity,"14,343,603.41",0.01,"14,343,603.41","420,899.00",34.08,Spain,Bolsa De Madrid,USD,0.85,--,IEFA
FCT,FINCANTIERI,Industrials,Equity,"14,291,409.83",0.01,"14,291,409.83","902,989.00",15.83,Italy,Borsa Italiana,USD,0.85,--,IEFA
8366,SHIGA BANK LTD,Financials,Equity,"14,297,747.96",0.01,"14,297,747.96","1,144,000.00",12.5,Japan,Tokyo Stock Exchange,USD,158.75,--,IEFA
FRVIA,FORVIA,Consumer Discretionary,Equity,"14,302,421.35",0.01,"14,302,421.35","1,145,150.00",12.49,France,Nyse Euronext - Euronext Paris,USD,0.85,--,IEFA
GRNG,GRANGES,Materials,Equity,"14,306,685.89",0.01,"14,306,685.89","799,527.00",17.89,Sweden,Nasdaq Omx Nordic,USD,9.15,--,IEFA
2343,PACIFIC BASIN SHIPPING LTD,Industrials,Equity,"14,270,645.70",0.01,"14,270,645.70","36,402,000.00",0.39,Hong Kong,Hong Kong Exchanges And Clearing Ltd,USD,7.83,--,IEFA
OXIG,OXFORD INSTRUMENTS PLC,Information Technology,Equity,"14,250,019.85",0.01,"14,250,019.85","363,868.00",39.16,United Kingdom,London Stock Exchange,USD,0.74,--,IEFA
SSPG,SSP GROUP PLC,Consumer Discretionary,Equity,"14,176,494.65",0.01,"14,176,494.65","5,376,024.00",2.64,United Kingdom,London Stock Exchange,USD,0.74,--,IEFA
YCA,YELLOW CAKE PLC,Energy,Equity,"14,154,908.13",0.01,"14,154,908.13","1,711,739.00",8.27,United Kingdom,London Stock Exchange,USD,0.74,--,IEFA
RGN,REGION GROUP STAPLED UNITS LTD,Real Estate,Equity,"14,132,486.65",0.01,"14,132,486.65","8,616,855.00",1.64,Australia,Asx - All Markets,USD,1.4,--,IEFA
SPEN,SHAPIR ENGINEERING AND INDUSTRY LT,Industrials,Equity,"14,124,493.21",0.01,"14,124,493.21","1,058,098.00",13.35,Israel,Tel Aviv Stock Exchange,USD,2.99,--,IEFA
OV8,SHENG SIONG GROUP LTD,Consumer Staples,Equity,"14,072,971.63",0.01,"14,072,971.63","5,806,700.00",2.42,Singapore,Singapore Exchange,USD,1.27,--,IEFA
REH,REECE LTD,Industrials,Equity,"14,074,586.86",0.01,"14,074,586.86","1,515,170.00",9.29,Australia,Asx - All Markets,USD,1.4,--,IEFA
8174,NIPPON GAS LTD,Utilities,Equity,"14,089,125.96",0.01,"14,089,125.96","773,100.00",18.22,Japan,Tokyo Stock Exchange,USD,158.75,--,IEFA
BOSS,HUGO BOSS N AG,Consumer Discretionary,Equity,"14,036,581.92",0.01,"14,036,581.92","316,292.00",44.38,Germany,Xetra,USD,0.85,--,IEFA
NHC,NEW HOPE CORPORATION LTD,Energy,Equity,"14,047,596.82",0.01,"14,047,596.82","3,914,984.00",3.59,Australia,Asx - All Markets,USD,1.4,--,IEFA
PEAB B,PEAB CLASS B,Industrials,Equity,"14,028,447.53",0.01,"14,028,447.53","1,312,912.00",10.68,Sweden,Nasdaq Omx Nordic,USD,9.15,--,IEFA
IWG,INTERNATIONAL WORKPLACE GROUP PLC,Real Estate,Equity,"14,001,493.13",0.01,"14,001,493.13","5,269,128.00",2.66,United Kingdom,London Stock Exchange,USD,0.74,--,IEFA
4902,KONICA MINOLTA INC,Information Technology,Equity,"13,991,684.78",0.01,"13,991,684.78","3,700,000.00",3.78,Japan,Tokyo Stock Exchange,USD,158.75,--,IEFA
ALHE,ALONY-HETZ PROPERTIES AND INVESTME,Real Estate,Equity,"13,962,297.43",0.01,"13,962,297.43","1,174,263.00",11.89,Israel,Tel Aviv Stock Exchange,USD,2.99,--,IEFA
BEKB,BEKAERT (D) SA,Materials,Equity,"13,924,109.18",0.01,"13,924,109.18","284,685.00",48.91,Belgium,Nyse Euronext - Euronext Brussels,USD,0.85,--,IEFA
6324,HARMONIC DRIVE SYSTEMS INC,Industrials,Equity,"13,925,125.20",0.01,"13,925,125.20","489,600.00",28.44,Japan,Tokyo Stock Exchange,USD,158.75,--,IEFA
9504,CHUGOKU ELECTRIC POWER INC,Utilities,Equity,"13,864,493.37",0.01,"13,864,493.37","2,290,000.00",6.05,Japan,Tokyo Stock Exchange,USD,158.75,--,IEFA
6890,FERROTEC CORP,Information Technology,Equity,"13,830,923.81",0.01,"13,830,923.81","327,700.00",42.21,Japan,Tokyo Stock Exchange,USD,158.75,--,IEFA
9044,NANKAI LTD,Industrials,Equity,"13,803,070.96",0.01,"13,803,070.96","714,900.00",19.31,Japan,Tokyo Stock Exchange,USD,158.75,--,IEFA
4061,DENKA CO LTD,Materials,Equity,"13,782,757.25",0.01,"13,782,757.25","608,100.00",22.67,Japan,Tokyo Stock Exchange,USD,158.75,--,IEFA
6436,AMANO CORP,Information Technology,Equity,"13,741,615.80",0.01,"13,741,615.80","562,800.00",24.42,Japan,Tokyo Stock Exchange,USD,158.75,--,IEFA
TRI,TRIGANO SA,Consumer Discretionary,Equity,"13,742,878.52",0.01,"13,742,878.52","73,611.00",186.7,France,Nyse Euronext - Euronext Paris,USD,0.85,--,IEFA
1414,SHO-BOND HOLDINGS LTD,Industrials,Equity,"13,703,431.29",0.01,"13,703,431.29","1,575,200.00",8.7,Japan,Tokyo Stock Exchange,USD,158.75,--,IEFA
SSAB A,SSAB A,Materials,Equity,"13,674,280.39",0.01,"13,674,280.39","1,494,232.00",9.15,Sweden,Nasdaq Omx Nordic,USD,9.15,--,IEFA
3282,COMFORIA RESIDENTIAL REIT INC,Real Estate,Equity,"13,681,549.03",0.01,"13,681,549.03","19,655.00",696.08,Japan,Tokyo Stock Exchange,USD,158.75,--,IEFA
3226,MITSUI FUDOSAN ACCOMMODATIONS FUND,Real Estate,Equity,"13,660,549.94",0.01,"13,660,549.94","16,135.00",846.64,Japan,Tokyo Stock Exchange,USD,158.75,--,IEFA
2206,EZAKI GLICO LTD,Consumer Staples,Equity,"13,662,351.57",0.01,"13,662,351.57","365,000.00",37.43,Japan,Tokyo Stock Exchange,USD,158.75,--,IEFA
4202,DAICEL CORP,Materials,Equity,"13,636,185.71",0.01,"13,636,185.71","1,744,300.00",7.82,Japan,Tokyo Stock Exchange,USD,158.75,--,IEFA
6925,USHIO INC,Industrials,Equity,"13,569,825.19",0.01,"13,569,825.19","671,700.00",20.2,Japan,Tokyo Stock Exchange,USD,158.75,--,IEFA
3279,ACTIVIA PROPERTIES REIT INC,Real Estate,Equity,"13,545,245.52",0.01,"13,545,245.52","15,100.00",897.04,Japan,Tokyo Stock Exchange,USD,158.75,--,IEFA
HTWS,HELIOS TOWERS PLC,Communication,Equity,"13,519,006.74",0.01,"13,519,006.74","4,993,530.00",2.71,United Kingdom,London Stock Exchange,USD,0.74,--,IEFA
BILL,BILLERUD KORSNAS,Materials,Equity,"13,522,996.11",0.01,"13,522,996.11","1,639,670.00",8.25,Sweden,Nasdaq Omx Nordic,USD,9.15,--,IEFA
9989,SUNDRUG LTD,Consumer Staples,Equity,"13,481,432.49",0.01,"13,481,432.49","553,000.00",24.38,Japan,Tokyo Stock Exchange,USD,158.75,--,IEFA
9468,KADOKAWA CORP,Communication,Equity,"13,460,943.02",0.01,"13,460,943.02","615,100.00",21.88,Japan,Tokyo Stock Exchange,USD,158.75,--,IEFA
ALLEI,ALLEIMA,Materials,Equity,"13,403,248.00",0.01,"13,403,248.00","1,395,761.00",9.6,Sweden,Nasdaq Omx Nordic,USD,9.15,--,IEFA
8511,JAPAN SECURITIES FINANCE LTD,Financials,Equity,"13,409,612.90",0.01,"13,409,612.90","948,200.00",14.14,Japan,Tokyo Stock Exchange,USD,158.75,--,IEFA
YPSN,YPSOMED HOLDING AG,Health Care,Equity,"13,415,584.95",0.01,"13,415,584.95","35,630.00",376.52,Switzerland,SIX Swiss Exchange,USD,0.78,--,IEFA
BFIT,BASIC-FIT NV,Consumer Discretionary,Equity,"13,343,291.28",0.01,"13,343,291.28","358,257.00",37.25,Netherlands,Euronext Amsterdam,USD,0.85,--,IEFA
GNC,GREENCORE GROUP PLC,Consumer Staples,Equity,"13,328,818.08",0.01,"13,328,818.08","3,871,330.00",3.44,United Kingdom,London Stock Exchange,USD,0.74,--,IEFA
CAF,CONSTRUCCIONES Y AUXILIAR DE FERRO,Industrials,Equity,"13,332,713.43",0.01,"13,332,713.43","187,211.00",71.22,Spain,Bolsa De Madrid,USD,0.85,--,IEFA
HVN,HARVEY NORMAN HOLDINGS LTD,Consumer Discretionary,Equity,"13,306,993.48",0.01,"13,306,993.48","4,030,368.00",3.3,Australia,Asx - All Markets,USD,1.4,--,IEFA
6507,SINFONIA TECHNOLOGY LTD,Industrials,Equity,"13,313,427.19",0.01,"13,313,427.19","155,400.00",85.67,Japan,Tokyo Stock Exchange,USD,158.75,--,IEFA
CKN,CLARKSON PLC,Industrials,Equity,"13,304,845.23",0.01,"13,304,845.23","205,658.00",64.69,United Kingdom,London Stock Exchange,USD,0.74,--,IEFA
8967,JAPAN LOGISTICS FUND REIT INC,Real Estate,Equity,"13,253,890.20",0.01,"13,253,890.20","21,382.00",619.86,Japan,Tokyo Stock Exchange,USD,158.75,--,IEFA
YAL,YANCOAL AUSTRALIA LTD,Energy,Equity,"13,265,836.27",0.01,"13,265,836.27","2,806,444.00",4.73,Australia,Asx - All Markets,USD,1.4,--,IEFA
ARYN,ARYZTA AG,Consumer Staples,Equity,"13,267,556.83",0.01,"13,267,556.83","167,991.00",78.98,Switzerland,SIX Swiss Exchange,USD,0.78,--,IEFA
2432,DENA LTD,Communication,Equity,"13,238,367.82",0.01,"13,238,367.82","766,700.00",17.27,Japan,Tokyo Stock Exchange,USD,158.75,--,IEFA
BGL,BELLEVUE GOLD LTD,Materials,Equity,"13,201,563.61",0.01,"13,201,563.61","10,593,557.00",1.25,Australia,Asx - All Markets,USD,1.4,--,IEFA
3466,LASALLE LOGIPORT REIT,Real Estate,Equity,"13,214,861.57",0.01,"13,214,861.57","13,294.00",994.05,Japan,Tokyo Stock Exchange,USD,158.75,--,IEFA
9507,SHIKOKU ELECTRIC POWER INC,Utilities,Equity,"13,162,581.50",0.01,"13,162,581.50","1,207,800.00",10.9,Japan,Tokyo Stock Exchange,USD,158.75,--,IEFA
RWC,RELIANCE WORLDWIDE CORPORATION LTD,Industrials,Equity,"13,173,160.68",0.01,"13,173,160.68","5,991,248.00",2.2,Australia,Asx - All Markets,USD,1.4,--,IEFA
4043,TOKUYAMA CORP,Materials,Equity,"13,143,278.84",0.01,"13,143,278.84","545,900.00",24.08,Japan,Tokyo Stock Exchange,USD,158.75,--,IEFA
2531,TAKARA HOLDINGS INC,Consumer Staples,Equity,"13,153,205.14",0.01,"13,153,205.14","1,113,900.00",11.81,Japan,Tokyo Stock Exchange,USD,158.75,--,IEFA
HLUN B,H. LUNDBECK CLASS B,Health Care,Equity,"13,160,642.97",0.01,"13,160,642.97","1,921,581.00",6.85,Denmark,Omx Nordic Exchange Copenhagen A/S,USD,6.35,--,IEFA
NWH,NRW HOLDINGS LTD,Industrials,Equity,"13,107,130.94",0.01,"13,107,130.94","2,951,764.00",4.44,Australia,Asx - All Markets,USD,1.4,--,IEFA
VEA,VIVA ENERGY GROUP LTD,Energy,Equity,"13,109,119.11",0.01,"13,109,119.11","7,958,136.00",1.65,Australia,Asx - All Markets,USD,1.4,--,IEFA
3774,INTERNET INITIATIVE JAPAN INC,Communication,Equity,"13,121,986.83",0.01,"13,121,986.83","774,800.00",16.94,Japan,Tokyo Stock Exchange,USD,158.75,--,IEFA
6135,MAKINO MILLING MACHINE LTD,Industrials,Equity,"13,091,946.20",0.01,"13,091,946.20","178,700.00",73.26,Japan,Tokyo Stock Exchange,USD,158.75,--,IEFA
SRE,SIRIUS REAL ESTATE LIMITED LTD,Real Estate,Equity,"13,096,880.36",0.01,"13,096,880.36","9,457,903.00",1.38,United Kingdom,London Stock Exchange,USD,0.74,--,IEFA
4967,KOBAYASHI PHARMACEUTICAL LTD,Consumer Staples,Equity,"13,072,967.34",0.01,"13,072,967.34","351,800.00",37.16,Japan,Tokyo Stock Exchange,USD,158.75,--,IEFA
GRE,GRENERGY RENOVABLES SA,Utilities,Equity,"13,061,114.20",0.01,"13,061,114.20","95,159.00",137.26,Spain,Bolsa De Madrid,USD,0.85,--,IEFA
BWLPG,BW LPG LTD,Energy,Equity,"13,045,820.88",0.01,"13,045,820.88","709,644.00",18.38,Norway,Oslo Bors Asa,USD,9.33,--,IEFA
PTNR,PARTNER COMMUNICATIONS LTD,Communication,Equity,"13,019,053.83",0.01,"13,019,053.83","1,056,583.00",12.32,Israel,Tel Aviv Stock Exchange,USD,2.99,--,IEFA
LAND,LANDIS+GYR GROUP AG,Information Technology,Equity,"13,028,423.78",0.01,"13,028,423.78","185,132.00",70.37,Switzerland,SIX Swiss Exchange,USD,0.78,--,IEFA
LXS,LANXESS AG,Materials,Equity,"13,014,324.26",0.01,"13,014,324.26","605,465.00",21.49,Germany,Xetra,USD,0.85,--,IEFA
TATE,TATE AND LYLE PLC,Consumer Staples,Equity,"12,980,324.57",0.01,"12,980,324.57","2,692,483.00",4.82,United Kingdom,London Stock Exchange,USD,0.74,--,IEFA
LRE,LANCASHIRE HOLDINGS LTD,Financials,Equity,"12,971,268.17",0.01,"12,971,268.17","1,589,396.00",8.16,United Kingdom,London Stock Exchange,USD,0.74,--,IEFA
BONEX,BONESUPPORT HOLDING,Health Care,Equity,"12,935,441.69",0.01,"12,935,441.69","448,930.00",28.81,Sweden,Nasdaq Omx Nordic,USD,9.15,--,IEFA
COLR,COLRUYT GROUP NV,Consumer Staples,Equity,"12,924,513.72",0.01,"12,924,513.72","332,712.00",38.85,Belgium,Nyse Euronext - Euronext Brussels,USD,0.85,--,IEFA
7173,TOKYO KIRABOSHI FINANCIAL GROUP IN,Financials,Equity,"12,895,751.05",0.01,"12,895,751.05","172,900.00",74.59,Japan,Tokyo Stock Exchange,USD,158.75,--,IEFA
6508,MEIDENSHA CORP,Industrials,Equity,"12,900,689.79",0.01,"12,900,689.79","254,400.00",50.71,Japan,Tokyo Stock Exchange,USD,158.75,--,IEFA
VIV,VIVENDI,Communication,Equity,"12,872,861.65",0.01,"12,872,861.65","4,975,258.00",2.59,France,Nyse Euronext - Euronext Paris,USD,0.85,--,IEFA
8439,TOKYO CENTURY CORP,Financials,Equity,"12,886,223.82",0.01,"12,886,223.82","965,600.00",13.35,Japan,Tokyo Stock Exchange,USD,158.75,--,IEFA
CURY,CURRYS PLC,Consumer Discretionary,Equity,"12,851,916.25",0.01,"12,851,916.25","7,316,202.00",1.76,United Kingdom,London Stock Exchange,USD,0.74,--,IEFA
9831,YAMADA HOLDINGS LTD,Consumer Discretionary,Equity,"12,811,983.94",0.01,"12,811,983.94","3,803,700.00",3.37,Japan,Tokyo Stock Exchange,USD,158.75,--,IEFA
2811,KAGOME LTD,Consumer Staples,Equity,"12,742,549.37",0.01,"12,742,549.37","729,600.00",17.47,Japan,Tokyo Stock Exchange,USD,158.75,--,IEFA
JFN,JUNGFRAUBAHN HOLDING AG,Industrials,Equity,"12,663,839.73",0.01,"12,663,839.73","34,723.00",364.71,Switzerland,SIX Swiss Exchange,USD,0.78,--,IEFA
DEZ,DEUTZ AG,Industrials,Equity,"12,606,167.06",0.01,"12,606,167.06","1,032,696.00",12.21,Germany,Xetra,USD,0.85,--,IEFA
6366,CHIYODA CORPORATION CORP,Industrials,Equity,"12,608,759.96",0.01,"12,608,759.96","1,801,600.00",7,Japan,Tokyo Stock Exchange,USD,158.75,--,IEFA
8358,SURUGA BANK LTD,Financials,Equity,"12,586,652.18",0.01,"12,586,652.18","872,900.00",14.42,Japan,Tokyo Stock Exchange,USD,158.75,--,IEFA
3105,NISSHINBO HOLDINGS INC,Industrials,Equity,"12,595,379.38",0.01,"12,595,379.38","1,023,000.00",12.31,Japan,Tokyo Stock Exchange,USD,158.75,--,IEFA
8304,AOZORA BANK LTD,Financials,Equity,"12,562,298.03",0.01,"12,562,298.03","749,700.00",16.76,Japan,Tokyo Stock Exchange,USD,158.75,--,IEFA
FIBIH,FIBI BANK HOLDING LTD,Financials,Equity,"12,557,544.06",0.01,"12,557,544.06","120,923.00",103.85,Israel,Tel Aviv Stock Exchange,USD,2.99,--,IEFA
WALL B,WALLENSTAM CLASS B,Real Estate,Equity,"12,536,044.93",0.01,"12,536,044.93","2,702,265.00",4.64,Sweden,Nasdaq Omx Nordic,USD,9.15,--,IEFA
2371,KAKAKU.COM INC,Communication,Equity,"12,538,653.19",0.01,"12,538,653.19","924,500.00",13.56,Japan,Tokyo Stock Exchange,USD,158.75,--,IEFA
23,BANK OF EAST ASIA LTD,Financials,Equity,"12,513,158.77",0.01,"12,513,158.77","7,054,800.00",1.77,Hong Kong,Hong Kong Exchanges And Clearing Ltd,USD,7.83,--,IEFA
551,YUE YUEN INDUSTRIAL (HOLDINGS) LTD,Consumer Discretionary,Equity,"12,494,435.61",0.01,"12,494,435.61","6,017,500.00",2.08,Hong Kong,Hong Kong Exchanges And Clearing Ltd,USD,7.83,--,IEFA
CE,CREDITO EMILIANO,Financials,Equity,"12,494,605.73",0.01,"12,494,605.73","682,152.00",18.32,Italy,Borsa Italiana,USD,0.85,--,IEFA
AMOT,AMOT INVESTMENTS LTD,Real Estate,Equity,"12,497,221.08",0.01,"12,497,221.08","1,787,282.00",6.99,Israel,Tel Aviv Stock Exchange,USD,2.99,--,IEFA
GPE,GREAT PORTLAND ESTATES PLC,Real Estate,Equity,"12,404,315.94",0.01,"12,404,315.94","2,884,514.00",4.3,United Kingdom,London Stock Exchange,USD,0.74,--,IEFA
4516,NIPPON SHINYAKU LTD,Health Care,Equity,"12,406,746.67",0.01,"12,406,746.67","385,800.00",32.16,Japan,Tokyo Stock Exchange,USD,158.75,--,IEFA
CLW,CHARTER HALL LONG WALE REIT STAPLE,Real Estate,Equity,"12,395,898.21",0.01,"12,395,898.21","4,903,080.00",2.53,Australia,Asx - All Markets,USD,1.4,--,IEFA
142,FIRST PACIFIC LTD,Consumer Staples,Equity,"12,372,044.94",0.01,"12,372,044.94","17,270,250.00",0.72,Hong Kong,Hong Kong Exchanges And Clearing Ltd,USD,7.83,01-Jan-98,IEFA
TRMD A,TORM PLC CLASS A,Energy,Equity,"12,343,986.01",0.01,"12,343,986.01","404,782.00",30.5,Denmark,Omx Nordic Exchange Copenhagen A/S,USD,6.35,--,IEFA
ISN,INTERSHOP HOLDING N AG,Real Estate,Equity,"12,347,521.77",0.01,"12,347,521.77","56,294.00",219.34,Switzerland,SIX Swiss Exchange,USD,0.78,--,IEFA
NOBA,NOBA BANK GROUP,Financials,Equity,"12,360,383.97",0.01,"12,360,383.97","1,214,577.00",10.18,Sweden,Nasdaq Omx Nordic,USD,9.15,--,IEFA
683,KERRY PROPERTIES LTD,Real Estate,Equity,"12,282,107.76",0.01,"12,282,107.76","4,290,000.00",2.86,Hong Kong,Hong Kong Exchanges And Clearing Ltd,USD,7.83,--,IEFA
7240,NOK CORP,Consumer Discretionary,Equity,"12,231,874.39",0.01,"12,231,874.39","673,400.00",18.16,Japan,Tokyo Stock Exchange,USD,158.75,--,IEFA
FRAS,FRASERS GROUP PLC,Consumer Discretionary,Equity,"12,197,596.94",0.01,"12,197,596.94","1,319,662.00",9.24,United Kingdom,London Stock Exchange,USD,0.74,--,IEFA
8381,SAN IN GODO BANK LTD,Financials,Equity,"12,202,479.45",0.01,"12,202,479.45","987,300.00",12.36,Japan,Tokyo Stock Exchange,USD,158.75,--,IEFA
HUSQ B,HUSQVARNA,Industrials,Equity,"12,204,300.61",0.01,"12,204,300.61","2,739,858.00",4.45,Sweden,Nasdaq Omx Nordic,USD,9.15,--,IEFA
7867,TOMY LTD,Consumer Discretionary,Equity,"12,211,767.93",0.01,"12,211,767.93","706,600.00",17.28,Japan,Tokyo Stock Exchange,USD,158.75,--,IEFA
03-Jun,JUNGHEINRICH PREF AG,Industrials,Equity,"12,181,787.06",0.01,"12,181,787.06","351,513.00",34.66,Germany,Xetra,USD,0.85,--,IEFA
DEME,DEME GROUP NV,Industrials,Equity,"12,173,714.50",0.01,"12,173,714.50","55,901.00",217.77,Belgium,Nyse Euronext - Euronext Brussels,USD,0.85,--,IEFA
FBU,FLETCHER BUILDING LTD,Industrials,Equity,"12,174,493.52",0.01,"12,174,493.52","7,061,122.00",1.72,New Zealand,New Zealand Exchange Ltd,USD,1.7,--,IEFA
7389,AICHI FINANCIAL GROUP INC,Financials,Equity,"12,147,280.23",0.01,"12,147,280.23","1,205,200.00",10.08,Japan,Tokyo Stock Exchange,USD,158.75,--,IEFA
3107,DAIWABO HOLDINGS LTD,Information Technology,Equity,"12,140,092.60",0.01,"12,140,092.60","616,500.00",19.69,Japan,Tokyo Stock Exchange,USD,158.75,--,IEFA
4666,PARK24 LTD,Industrials,Equity,"12,141,627.14",0.01,"12,141,627.14","973,200.00",12.48,Japan,Tokyo Stock Exchange,USD,158.75,--,IEFA
HUFV A,HUFVUDSTADEN CLASS A,Real Estate,Equity,"12,124,253.95",0.01,"12,124,253.95","876,121.00",13.84,Sweden,Nasdaq Omx Nordic,USD,9.15,--,IEFA
2229,CALBEE INC,Consumer Staples,Equity,"12,092,011.72",0.01,"12,092,011.72","630,600.00",19.18,Japan,Tokyo Stock Exchange,USD,158.75,--,IEFA
3941,RENGO LTD,Materials,Equity,"12,045,569.94",0.01,"12,045,569.94","1,511,600.00",7.97,Japan,Tokyo Stock Exchange,USD,158.75,--,IEFA
BSEN,BET SHEMESH ENGINES HOLDINGS LTD,Industrials,Equity,"12,026,797.19",0.01,"12,026,797.19","49,217.00",244.36,Israel,Tel Aviv Stock Exchange,USD,2.99,--,IEFA
SHOT,SCANDIC HOTELS GROUP,Consumer Discretionary,Equity,"12,012,081.52",0.01,"12,012,081.52","1,138,764.00",10.55,Sweden,Nasdaq Omx Nordic,USD,9.15,--,IEFA
9449,GMO INTERNET GROUP INC,Information Technology,Equity,"12,014,856.53",0.01,"12,014,856.53","589,400.00",20.38,Japan,Tokyo Stock Exchange,USD,158.75,--,IEFA
IOS,IONOS GROUP N,Information Technology,Equity,"11,984,525.54",0.01,"11,984,525.54","362,312.00",33.08,Germany,Xetra,USD,0.85,--,IEFA
6951,JEOL LTD,Information Technology,Equity,"11,961,448.86",0.01,"11,961,448.86","308,200.00",38.81,Japan,Tokyo Stock Exchange,USD,158.75,--,IEFA
ENOG,ENERGEAN PLC,Energy,Equity,"11,960,492.54",0.01,"11,960,492.54","1,075,980.00",11.12,United Kingdom,London Stock Exchange,USD,0.74,--,IEFA
BOY,BODYCOTE PLC,Industrials,Equity,"11,910,890.35",0.01,"11,910,890.35","1,256,473.00",9.48,United Kingdom,London Stock Exchange,USD,0.74,--,IEFA
9759,NSD LTD,Information Technology,Equity,"11,896,805.25",0.01,"11,896,805.25","663,700.00",17.92,Japan,Tokyo Stock Exchange,USD,158.75,--,IEFA
1729,TIME INTERCONNECT TECHNOLOGY LTD,Industrials,Equity,"11,903,262.01",0.01,"11,903,262.01","4,272,000.00",2.79,Hong Kong,Hong Kong Exchanges And Clearing Ltd,USD,7.83,--,IEFA
STOR B,STORSKOGEN GROUP CLASS B,Industrials,Equity,"11,856,595.64",0.01,"11,856,595.64","10,681,269.00",1.11,Sweden,Nasdaq Omx Nordic,USD,9.15,--,IEFA
3401,TEIJIN LTD,Materials,Equity,"11,865,834.51",0.01,"11,865,834.51","1,154,900.00",10.27,Japan,Tokyo Stock Exchange,USD,158.75,--,IEFA
3433,TOCALO LTD,Industrials,Equity,"11,828,983.59",0.01,"11,828,983.59","646,400.00",18.3,Japan,Tokyo Stock Exchange,USD,158.75,--,IEFA
EPRO B,ELECTROLUX PROFESSIONAL CLASS B,Industrials,Equity,"11,809,861.40",0.01,"11,809,861.40","1,982,399.00",5.96,Sweden,Nasdaq Omx Nordic,USD,9.15,--,IEFA
DIA,DIASORIN,Health Care,Equity,"11,791,755.36",0.01,"11,791,755.36","158,852.00",74.23,Italy,Borsa Italiana,USD,0.85,--,IEFA
TAH,TABCORP HOLDINGS LTD,Consumer Discretionary,Equity,"11,746,335.94",0.01,"11,746,335.94","15,399,921.00",0.76,Australia,Asx - All Markets,USD,1.4,--,IEFA
PHM,PHARMA MAR SA,Health Care,Equity,"11,635,441.24",0.01,"11,635,441.24","104,266.00",111.59,Spain,Bolsa De Madrid,USD,0.85,--,IEFA
GRI,GRAINGER PLC,Real Estate,Equity,"11,627,470.31",0.01,"11,627,470.31","4,970,111.00",2.34,United Kingdom,London Stock Exchange,USD,0.74,--,IEFA
RMLI,RAMI LEVI CHAIN STORES HASHIKMA MA,Consumer Staples,Equity,"11,632,138.98",0.01,"11,632,138.98","94,918.00",122.55,Israel,Tel Aviv Stock Exchange,USD,2.99,--,IEFA
E5H,GOLDEN AGRI RESOURCES LTD,Consumer Staples,Equity,"11,632,623.44",0.01,"11,632,623.44","48,469,900.00",0.24,Singapore,Singapore Exchange,USD,1.27,--,IEFA
9861,YOSHINOYA HOLDINGS LTD,Consumer Discretionary,Equity,"11,632,858.36",0.01,"11,632,858.36","564,900.00",20.59,Japan,Tokyo Stock Exchange,USD,158.75,--,IEFA
7380,JUROKU FINANCIAL GROUP INC,Financials,Equity,"11,604,438.56",0.01,"11,604,438.56","883,100.00",13.14,Japan,Tokyo Stock Exchange,USD,158.75,--,IEFA
MEL,MELIA HOTELS INTERNATIONAL SA,Consumer Discretionary,Equity,"11,611,451.20",0.01,"11,611,451.20","862,241.00",13.47,Spain,Bolsa De Madrid,USD,0.85,01-Jan-98,IEFA
SRC,SIGMAROC PLC,Materials,Equity,"11,594,365.75",0.01,"11,594,365.75","6,495,312.00",1.79,United Kingdom,London Stock Exchange,USD,0.74,--,IEFA
BRE,FRENI BREMBO NV,Consumer Discretionary,Equity,"11,594,591.22",0.01,"11,594,591.22","1,154,038.00",10.05,Italy,Borsa Italiana,USD,0.85,--,IEFA
9744,MEITEC GROUP HOLDINGS INC,Industrials,Equity,"11,561,797.85",0.01,"11,561,797.85","576,800.00",20.04,Japan,Tokyo Stock Exchange,USD,158.75,--,IEFA
C5H,CAIRN HOMES PLC,Consumer Discretionary,Equity,"11,527,350.04",0.01,"11,527,350.04","4,391,297.00",2.63,Ireland,Irish Stock Exchange - All Market,USD,0.85,--,IEFA
EPR,EUROPRIS,Consumer Discretionary,Equity,"11,532,351.35",0.01,"11,532,351.35","1,135,523.00",10.16,Norway,Oslo Bors Asa,USD,9.33,--,IEFA
DOC,DO & CO AKTIENGESELLSCHAFT AG,Industrials,Equity,"11,541,258.88",0.01,"11,541,258.88","53,576.00",215.42,Austria,Wiener Boerse Ag,USD,0.85,--,IEFA
FAN,VOLUTION GROUP PLCINARY,Industrials,Equity,"11,515,124.57",0.01,"11,515,124.57","1,310,033.00",8.79,United Kingdom,London Stock Exchange,USD,0.74,--,IEFA
OCDO,OCADO GROUP PLC,Consumer Staples,Equity,"11,470,249.88",0.01,"11,470,249.88","4,073,982.00",2.82,United Kingdom,London Stock Exchange,USD,0.74,--,IEFA
1961,SANKI ENGINEERING LTD,Industrials,Equity,"11,474,251.16",0.01,"11,474,251.16","258,000.00",44.47,Japan,Tokyo Stock Exchange,USD,158.75,--,IEFA
SCATC,SCATEC SOLAR,Utilities,Equity,"11,478,981.27",0.01,"11,478,981.27","901,931.00",12.73,Norway,Oslo Bors Asa,USD,9.33,--,IEFA
9003,SOTETSU HOLDINGS INC,Industrials,Equity,"11,479,001.23",0.01,"11,479,001.23","635,700.00",18.06,Japan,Tokyo Stock Exchange,USD,158.75,--,IEFA
6849,NIHON KOHDEN CORP,Health Care,Equity,"11,481,357.84",0.01,"11,481,357.84","1,179,300.00",9.74,Japan,Tokyo Stock Exchange,USD,158.75,--,IEFA
DAE,DAETWYLER HOLDING INC,Industrials,Equity,"11,435,605.50",0.01,"11,435,605.50","58,202.00",196.48,Switzerland,SIX Swiss Exchange,USD,0.78,--,IEFA
6136,OSG CORP,Industrials,Equity,"11,438,779.17",0.01,"11,438,779.17","598,500.00",19.11,Japan,Tokyo Stock Exchange,USD,158.75,--,IEFA
CLAS B,CLAS OHLSON,Consumer Discretionary,Equity,"11,446,012.28",0.01,"11,446,012.28","256,396.00",44.64,Sweden,Nasdaq Omx Nordic,USD,9.15,--,IEFA
BRKN,BURKHALTER HOLDING AG,Industrials,Equity,"11,417,421.34",0.01,"11,417,421.34","47,595.00",239.89,Switzerland,SIX Swiss Exchange,USD,0.78,--,IEFA
BWP,BWP GROUP STAPLED UNITS TRUST,Real Estate,Equity,"11,422,883.45",0.01,"11,422,883.45","4,079,103.00",2.8,Australia,Asx - All Markets,USD,1.4,--,IEFA
BIOA B,BIOARCTIC CLASS B,Health Care,Equity,"11,424,483.23",0.01,"11,424,483.23","317,097.00",36.03,Sweden,Nasdaq Omx Nordic,USD,9.15,--,IEFA
141A,TRIAL HOLDINGS INC,Consumer Staples,Equity,"11,431,812.03",0.01,"11,431,812.03","395,800.00",28.88,Japan,Tokyo Stock Exchange,USD,158.75,--,IEFA
17,NEW WORLD DEVELOPMENT COMPANY LTD,Real Estate,Equity,"11,401,746.89",0.01,"11,401,746.89","10,443,000.00",1.09,Hong Kong,Hong Kong Exchanges And Clearing Ltd,USD,7.83,--,IEFA
SRAIL,STADLER RAIL AG,Industrials,Equity,"11,414,511.88",0.01,"11,414,511.88","400,382.00",28.51,Switzerland,SIX Swiss Exchange,USD,0.78,--,IEFA
4205,ZEON JAPAN CORP,Materials,Equity,"11,382,239.44",0.01,"11,382,239.44","1,008,300.00",11.29,Japan,Tokyo Stock Exchange,USD,158.75,--,IEFA
AVIO,AVIO,Industrials,Equity,"11,384,310.97",0.01,"11,384,310.97","262,231.00",43.41,Italy,Borsa Italiana,USD,0.85,--,IEFA
268A,RIGAKU HOLDINGS CORP,Information Technology,Equity,"11,392,450.79",0.01,"11,392,450.79","798,100.00",14.27,Japan,Tokyo Stock Exchange,USD,158.75,--,IEFA
ECMPA,EUROCOMMERCIAL PROPERTIES NV,Real Estate,Equity,"11,393,566.58",0.01,"11,393,566.58","339,612.00",33.55,Netherlands,Euronext Amsterdam,USD,0.85,--,IEFA
ARPT,AIRPORT CITY LTD,Real Estate,Equity,"11,357,780.63",0.01,"11,357,780.63","620,629.00",18.3,Israel,Tel Aviv Stock Exchange,USD,2.99,--,IEFA
ELUX B,ELECTROLUX CLASS B,Consumer Discretionary,Equity,"11,328,980.77",0.01,"11,328,980.77","1,675,420.00",6.76,Sweden,Nasdaq Omx Nordic,USD,9.15,--,IEFA
TPK,TRAVIS PERKINS PLC,Industrials,Equity,"11,332,010.57",0.01,"11,332,010.57","1,444,794.00",7.84,United Kingdom,London Stock Exchange,USD,0.74,--,IEFA
UBFUT,CASH COLLATERAL AUD UBFUT,Cash and/or Derivatives,Cash Collateral and Margins,"11,313,095.20",0.01,"11,313,095.20","15,796,000.00",71.62,Australia,--,USD,1.4,15-Oct-15,IEFA
6013,TAKUMA LTD,Industrials,Equity,"11,310,413.56",0.01,"11,310,413.56","633,100.00",17.87,Japan,Tokyo Stock Exchange,USD,158.75,--,IEFA
SVS,SAVILLS PLC,Real Estate,Equity,"11,317,061.22",0.01,"11,317,061.22","989,214.00",11.44,United Kingdom,London Stock Exchange,USD,0.74,--,IEFA
A7RU,KEPPEL INFRA UNIT TRUST,Materials,Equity,"11,318,866.83",0.01,"11,318,866.83","26,887,069.00",0.42,Singapore,Singapore Exchange,USD,1.27,--,IEFA
659,CTF SERVICES LTD,Industrials,Equity,"11,288,074.85",0.01,"11,288,074.85","10,940,282.00",1.03,Hong Kong,Hong Kong Exchanges And Clearing Ltd,USD,7.83,--,IEFA
9031,NISHI NIPPON RAILROAD LTD,Industrials,Equity,"11,291,174.53",0.01,"11,291,174.53","582,900.00",19.37,Japan,Tokyo Stock Exchange,USD,158.75,--,IEFA
HMN,CAPITALAND ASCOTT STAPLED UNIT TRU,Real Estate,Equity,"11,298,341.17",0.01,"11,298,341.17","15,778,568.00",0.72,Singapore,Singapore Exchange,USD,1.27,--,IEFA
AMS,AMS-OSRAM AG,Information Technology,Equity,"11,270,709.63",0.01,"11,270,709.63","697,101.00",16.17,Switzerland,SIX Swiss Exchange,USD,0.78,--,IEFA
8242,H2O RETAILING CORP,Consumer Staples,Equity,"11,284,912.28",0.01,"11,284,912.28","724,100.00",15.58,Japan,Tokyo Stock Exchange,USD,158.75,--,IEFA
MELE,MELEXIS NV,Information Technology,Equity,"11,259,259.59",0.01,"11,259,259.59","150,509.00",74.81,Belgium,Nyse Euronext - Euronext Brussels,USD,0.85,--,IEFA
SAX,STROEER SE,Communication,Equity,"11,240,128.46",0.01,"11,240,128.46","252,208.00",44.57,Germany,Xetra,USD,0.85,--,IEFA
FGP,FIRSTGROUP PLC,Industrials,Equity,"11,184,064.98",0.01,"11,184,064.98","4,675,185.00",2.39,United Kingdom,London Stock Exchange,USD,0.74,--,IEFA
BB,BIC SA,Industrials,Equity,"11,161,201.40",0.01,"11,161,201.40","165,472.00",67.45,France,Nyse Euronext - Euronext Paris,USD,0.85,--,IEFA
MSB,MESOBLAST LTD,Health Care,Equity,"11,161,888.12",0.01,"11,161,888.12","6,776,033.00",1.65,Australia,Asx - All Markets,USD,1.4,--,IEFA
SZG,SALZGITTER AG,Materials,Equity,"11,145,071.72",0.01,"11,145,071.72","191,038.00",58.34,Germany,Xetra,USD,0.85,--,IEFA
WOSG,WATCHES OF SWITZERLAND GROUP PLC,Consumer Discretionary,Equity,"11,115,553.13",0.01,"11,115,553.13","1,561,204.00",7.12,United Kingdom,London Stock Exchange,USD,0.74,--,IEFA
6622,DAIHEN CORP,Industrials,Equity,"11,090,050.08",0.01,"11,090,050.08","126,200.00",87.88,Japan,Tokyo Stock Exchange,USD,158.75,--,IEFA
ATEA,ATEA,Information Technology,Equity,"11,076,115.36",0.01,"11,076,115.36","704,284.00",15.73,Norway,Oslo Bors Asa,USD,9.33,--,IEFA
6544,JAPAN ELEVATOR SERVICE HOLDINGS LT,Industrials,Equity,"11,062,201.64",0.01,"11,062,201.64","1,056,600.00",10.47,Japan,Tokyo Stock Exchange,USD,158.75,--,IEFA
8282,KS HOLDINGS CORP,Consumer Discretionary,Equity,"11,068,122.46",0.01,"11,068,122.46","992,100.00",11.16,Japan,Tokyo Stock Exchange,USD,158.75,--,IEFA
ELG,ELMOS SEMICONDUCTOR,Information Technology,Equity,"11,047,764.64",0.01,"11,047,764.64","54,565.00",202.47,Germany,Xetra,USD,0.85,--,IEFA
BUFAB,BUFAB,Industrials,Equity,"11,048,513.01",0.01,"11,048,513.01","852,240.00",12.96,Sweden,Nasdaq Omx Nordic,USD,9.15,--,IEFA
LLC,LENDLEASE GROUP STAPLED UNITS,Real Estate,Equity,"11,049,744.11",0.01,"11,049,744.11","4,564,584.00",2.42,Australia,Asx - All Markets,USD,1.4,--,IEFA
EZJ,EASYJET PLC,Industrials,Equity,"11,030,089.58",0.01,"11,030,089.58","2,135,220.00",5.17,United Kingdom,London Stock Exchange,USD,0.74,--,IEFA
VTY,VISTRY GROUP PLC,Consumer Discretionary,Equity,"10,985,227.08",0.01,"10,985,227.08","2,294,736.00",4.79,United Kingdom,London Stock Exchange,USD,0.74,--,IEFA
8986,DAIWA SECURITIES LIVING INVESTMENT,Real Estate,Equity,"10,996,475.48",0.01,"10,996,475.48","15,855.00",693.57,Japan,Tokyo Stock Exchange,USD,158.75,--,IEFA
4272,NIPPON KAYAKU LTD,Materials,Equity,"10,970,812.62",0.01,"10,970,812.62","983,100.00",11.16,Japan,Tokyo Stock Exchange,USD,158.75,--,IEFA
FTAL,FATTAL HOLDINGS LTD,Consumer Discretionary,Equity,"10,971,409.84",0.01,"10,971,409.84","46,648.00",235.2,Israel,Tel Aviv Stock Exchange,USD,2.99,--,IEFA
LUMO,LUMO HOMES,Real Estate,Equity,"10,912,422.05",0.01,"10,912,422.05","1,119,590.00",9.75,Finland,Nasdaq Omx Helsinki Ltd.,USD,0.85,--,IEFA
5471,DAIDO STEEL LTD,Materials,Equity,"10,919,716.53",0.01,"10,919,716.53","916,200.00",11.92,Japan,Tokyo Stock Exchange,USD,158.75,--,IEFA
3349,COSMOS PHARMACEUTICAL CORP,Consumer Staples,Equity,"10,881,961.64",0.01,"10,881,961.64","272,900.00",39.88,Japan,Tokyo Stock Exchange,USD,158.75,--,IEFA
3933,THE UNITED LABORATORIES INTERNATIO,Health Care,Equity,"10,851,489.90",0.01,"10,851,489.90","8,464,000.00",1.28,Hong Kong,Hong Kong Exchanges And Clearing Ltd,USD,7.83,--,IEFA
CLBT,CELLEBRITE DI LTD,Information Technology,Equity,"10,853,481.36",0.01,"10,853,481.36","811,172.00",13.38,Israel,NASDAQ,USD,1,--,IEFA
ENAV,ENAV SPA,Industrials,Equity,"10,863,482.86",0.01,"10,863,482.86","1,786,763.00",6.08,Italy,Borsa Italiana,USD,0.85,--,IEFA
3292,AEON REIT INVESTMENT REIT CORP,Real Estate,Equity,"10,833,524.21",0.01,"10,833,524.21","13,373.00",810.1,Japan,Tokyo Stock Exchange,USD,158.75,--,IEFA
TEP,TELECOM PLUS PLC,Utilities,Equity,"10,837,832.98",0.01,"10,837,832.98","579,073.00",18.72,United Kingdom,London Stock Exchange,USD,0.74,--,IEFA
ERG,ERG,Utilities,Equity,"10,838,772.25",0.01,"10,838,772.25","438,459.00",24.72,Italy,Borsa Italiana,USD,0.85,--,IEFA
AFRY,AFRY CLASS B,Industrials,Equity,"10,840,639.50",0.01,"10,840,639.50","752,458.00",14.41,Sweden,Nasdaq Omx Nordic,USD,9.15,--,IEFA
HAUTO,HOEGH AUTOLINERS,Industrials,Equity,"10,845,604.00",0.01,"10,845,604.00","761,182.00",14.25,Norway,Oslo Bors Asa,USD,9.33,--,IEFA
SWON,SOFTWAREONE HOLDING AG,Information Technology,Equity,"10,848,651.60",0.01,"10,848,651.60","1,189,000.00",9.12,Switzerland,SIX Swiss Exchange,USD,0.78,--,IEFA
ATT,ATTENDO,Health Care,Equity,"10,830,493.37",0.01,"10,830,493.37","925,992.00",11.7,Sweden,Nasdaq Omx Nordic,USD,9.15,--,IEFA
ACE,ACEA,Utilities,Equity,"10,796,735.63",0.01,"10,796,735.63","401,925.00",26.86,Italy,Borsa Italiana,USD,0.85,--,IEFA
FLT,FLIGHT CENTRE TRAVEL GROUP LTD,Consumer Discretionary,Equity,"10,791,753.25",0.01,"10,791,753.25","1,273,717.00",8.47,Australia,Asx - All Markets,USD,1.4,--,IEFA
DANR,DANIELI & C OFFICINE MECCANICHE SA,Industrials,Equity,"10,795,952.10",0.01,"10,795,952.10","191,707.00",56.31,Italy,Borsa Italiana,USD,0.85,--,IEFA
2810,HOUSE FOODS GROUP,Consumer Staples,Equity,"10,796,180.67",0.01,"10,796,180.67","555,900.00",19.42,Japan,Tokyo Stock Exchange,USD,158.75,--,IEFA
NONG,SPAREBANK NORD-NORGE,Financials,Equity,"10,767,201.56",0.01,"10,767,201.56","630,523.00",17.08,Norway,Oslo Bors Asa,USD,9.33,--,IEFA
9069,SENKO GROUP HOLDINGS LTD,Industrials,Equity,"10,777,618.82",0.01,"10,777,618.82","897,400.00",12.01,Japan,Tokyo Stock Exchange,USD,158.75,--,IEFA
ELAL,EL AL ISRAEL AIRLINES LTD,Industrials,Equity,"10,742,434.33",0.01,"10,742,434.33","2,326,749.00",4.62,Israel,Tel Aviv Stock Exchange,USD,2.99,--,IEFA
8086,NIPRO CORP,Health Care,Equity,"10,728,476.80",0.01,"10,728,476.80","1,064,100.00",10.08,Japan,Tokyo Stock Exchange,USD,158.75,--,IEFA
SK,SEB SA,Consumer Discretionary,Equity,"10,730,835.25",0.01,"10,730,835.25","181,955.00",58.98,France,Nyse Euronext - Euronext Paris,USD,0.85,--,IEFA
DEC,JCDECAUX,Communication,Equity,"10,740,335.82",0.01,"10,740,335.82","458,263.00",23.44,France,Nyse Euronext - Euronext Paris,USD,0.85,--,IEFA
DAN,DANIELI,Industrials,Equity,"10,741,140.19",0.01,"10,741,140.19","134,881.00",79.63,Italy,Borsa Italiana,USD,0.85,--,IEFA
IMPN,IMPLENIA AG,Industrials,Equity,"10,718,173.62",0.01,"10,718,173.62","125,886.00",85.14,Switzerland,SIX Swiss Exchange,USD,0.78,--,IEFA
KINV B,KINNEVIK CLASS B,Financials,Equity,"10,720,845.14",0.01,"10,720,845.14","1,809,558.00",5.92,Sweden,Nasdaq Omx Nordic,USD,9.15,--,IEFA
WBD,WEBUILD,Industrials,Equity,"10,689,971.14",0.01,"10,689,971.14","3,495,470.00",3.06,Italy,Borsa Italiana,USD,0.85,--,IEFA
SMHN,SUSS MICROTEC N,Information Technology,Equity,"10,703,239.91",0.01,"10,703,239.91","135,709.00",78.87,Germany,Xetra,USD,0.85,--,IEFA
RIT1,REIT REIT LTD,Real Estate,Equity,"10,684,185.51",0.01,"10,684,185.51","1,325,105.00",8.06,Israel,Tel Aviv Stock Exchange,USD,2.99,--,IEFA
ZEHN,ZEHNDER GROUP AG,Industrials,Equity,"10,687,008.35",0.01,"10,687,008.35","110,371.00",96.83,Switzerland,SIX Swiss Exchange,USD,0.78,--,IEFA
HDN,HOMECO DAILY NEEDS UNITS,Real Estate,Equity,"10,634,000.44",0.01,"10,634,000.44","12,022,517.00",0.88,Australia,Asx - All Markets,USD,1.4,--,IEFA
AF,AIR FRANCE-KLM SA,Industrials,Equity,"10,603,009.34",0.01,"10,603,009.34","878,338.00",12.07,France,Nyse Euronext - Euronext Paris,USD,0.85,--,IEFA
AUTO,AUTOSTORE HOLDINGS LTD,Industrials,Equity,"10,603,337.01",0.01,"10,603,337.01","8,997,799.00",1.18,Norway,Oslo Bors Asa,USD,9.33,--,IEFA
HMS,HMS NETWORKS,Information Technology,Equity,"10,614,564.37",0.01,"10,614,564.37","198,175.00",53.56,Sweden,Nasdaq Omx Nordic,USD,9.15,--,IEFA
2327,NS SOLUTIONS CORP,Information Technology,Equity,"10,587,515.83",0.01,"10,587,515.83","438,600.00",24.14,Japan,Tokyo Stock Exchange,USD,158.75,--,IEFA
ORA,ORORA LTD,Materials,Equity,"10,590,988.70",0.01,"10,590,988.70","9,991,725.00",1.06,Australia,Asx - All Markets,USD,1.4,--,IEFA
8616,TOKAI TOKYO FINANCIAL HOLDINGS INC,Financials,Equity,"10,595,831.05",0.01,"10,595,831.05","2,260,800.00",4.69,Japan,Tokyo Stock Exchange,USD,158.75,--,IEFA
8078,HANWA LTD,Industrials,Equity,"10,566,732.81",0.01,"10,566,732.81","1,016,000.00",10.4,Japan,Tokyo Stock Exchange,USD,158.75,--,IEFA
4922,KOSE HOLDINGS CORP,Consumer Staples,Equity,"10,570,033.70",0.01,"10,570,033.70","290,000.00",36.45,Japan,Tokyo Stock Exchange,USD,158.75,--,IEFA
4208,UBE CORP,Materials,Equity,"10,543,906.89",0.01,"10,543,906.89","693,800.00",15.2,Japan,Tokyo Stock Exchange,USD,158.75,--,IEFA
CAI,CA IMMOBILIEN ANLAGEN AG,Real Estate,Equity,"10,524,424.46",0.01,"10,524,424.46","338,659.00",31.08,Austria,Wiener Boerse Ag,USD,0.85,--,IEFA
VGP,VGP NV,Real Estate,Equity,"10,537,293.07",0.01,"10,537,293.07","95,636.00",110.18,Belgium,Nyse Euronext - Euronext Brussels,USD,0.85,--,IEFA
CMBTO,CMB.TECH NV,Energy,Equity,"10,539,576.28",0.01,"10,539,576.28","798,544.00",13.2,Belgium,Oslo Bors Asa,USD,9.33,--,IEFA
PFD,PREMIER FOODS PLC,Consumer Staples,Equity,"10,507,453.83",0.01,"10,507,453.83","3,956,243.00",2.66,United Kingdom,London Stock Exchange,USD,0.74,--,IEFA
LIAB,LINDAB INTERNATIONAL,Industrials,Equity,"10,487,973.51",0.01,"10,487,973.51","588,275.00",17.83,Sweden,Nasdaq Omx Nordic,USD,9.15,--,IEFA
9076,SEINO HOLDINGS LTD,Industrials,Equity,"10,491,727.30",0.01,"10,491,727.30","670,900.00",15.64,Japan,Tokyo Stock Exchange,USD,158.75,--,IEFA
BFSA,BEFESA SA,Industrials,Equity,"10,494,164.71",0.01,"10,494,164.71","261,051.00",40.2,Germany,Xetra,USD,0.85,--,IEFA
AMG,AMG CRITICAL MATERIALS NV,Materials,Equity,"10,478,022.62",0.01,"10,478,022.62","247,530.00",42.33,Netherlands,Euronext Amsterdam,USD,0.85,--,IEFA
4887,SAWAI GROUP HOLDINGS LTD,Health Care,Equity,"10,478,208.13",0.01,"10,478,208.13","759,700.00",13.79,Japan,Tokyo Stock Exchange,USD,158.75,--,IEFA
303,VTECH HOLDINGS LTD,Information Technology,Equity,"10,482,623.02",0.01,"10,482,623.02","1,325,100.00",7.91,Hong Kong,Hong Kong Exchanges And Clearing Ltd,USD,7.83,--,IEFA
MOZN,MOBILEZONE HOLDING AG,Consumer Discretionary,Equity,"10,457,176.91",0.01,"10,457,176.91","579,161.00",18.06,Switzerland,SIX Swiss Exchange,USD,0.78,--,IEFA
SUL,SUPER RETAIL GROUP LTD,Consumer Discretionary,Equity,"10,467,115.69",0.01,"10,467,115.69","1,153,496.00",9.07,Australia,Asx - All Markets,USD,1.4,--,IEFA
OBM,ORA BANDA MINING LTD,Materials,Equity,"10,440,114.69",0.01,"10,440,114.69","9,344,291.00",1.12,Australia,Asx - All Markets,USD,1.4,--,IEFA
AMP,AMPLIFON,Health Care,Equity,"10,444,444.41",0.01,"10,444,444.41","886,379.00",11.78,Italy,Borsa Italiana,USD,0.85,--,IEFA
TRN,TRAINLINE PLC,Consumer Discretionary,Equity,"10,417,145.90",0.01,"10,417,145.90","3,151,915.00",3.31,United Kingdom,London Stock Exchange,USD,0.74,--,IEFA
ITRN,ITURAN LOCATION AND CONTROL LTD,Information Technology,Equity,"10,421,778.40",0.01,"10,421,778.40","187,240.00",55.66,Israel,NASDAQ,USD,1,--,IEFA
WAWI,WALLENIUS WILHELMSEN,Industrials,Equity,"10,427,367.28",0.01,"10,427,367.28","813,143.00",12.82,Norway,Oslo Bors Asa,USD,9.33,--,IEFA
EXA,EXAIL TECHNOLOGIES SA,Industrials,Equity,"10,364,372.79",0.01,"10,364,372.79","72,051.00",143.85,France,Nyse Euronext - Euronext Paris,USD,0.85,--,IEFA
BURE,BURE EQUITY,Financials,Equity,"10,356,973.44",0.01,"10,356,973.44","368,674.00",28.09,Sweden,Nasdaq Omx Nordic,USD,9.15,--,IEFA
BTDR,BITDEER TECHNOLOGIES GROUP CLASS A,Information Technology,Equity,"10,306,482.43",0.01,"10,306,482.43","790,981.00",13.03,Singapore,NASDAQ,USD,1,--,IEFA
8544,KEIYO BANK LTD,Financials,Equity,"10,315,109.14",0.01,"10,315,109.14","737,600.00",13.98,Japan,Tokyo Stock Exchange,USD,158.75,--,IEFA
7716,NAKANISHI INC,Health Care,Equity,"10,318,973.83",0.01,"10,318,973.83","581,500.00",17.75,Japan,Tokyo Stock Exchange,USD,158.75,--,IEFA
FII,LISI SA,Industrials,Equity,"10,293,764.04",0.01,"10,293,764.04","142,421.00",72.28,France,Nyse Euronext - Euronext Paris,USD,0.85,--,IEFA
1861,KUMAGAI LTD,Industrials,Equity,"10,271,446.66",0.01,"10,271,446.66","1,078,400.00",9.52,Japan,Tokyo Stock Exchange,USD,158.75,--,IEFA
FIE,FIELMANN GROUP AG,Consumer Discretionary,Equity,"10,264,152.60",0.01,"10,264,152.60","185,324.00",55.38,Germany,Xetra,USD,0.85,--,IEFA
NOS,NOS SGPS SA,Communication,Equity,"10,238,937.27",0.01,"10,238,937.27","1,556,006.00",6.58,Portugal,Nyse Euronext - Euronext Lisbon,USD,0.85,--,IEFA
2433,HAKUHODO DY HOLDINGS INC,Communication,Equity,"10,224,575.26",0.01,"10,224,575.26","1,488,400.00",6.87,Japan,Tokyo Stock Exchange,USD,158.75,--,IEFA
MERY,MERCIALYS REIT SA,Real Estate,Equity,"10,227,984.40",0.01,"10,227,984.40","675,643.00",15.14,France,Nyse Euronext - Euronext Paris,USD,0.85,--,IEFA
1885,TOA (TOKYO) CORP,Industrials,Equity,"10,198,321.84",0.01,"10,198,321.84","557,100.00",18.31,Japan,Tokyo Stock Exchange,USD,158.75,--,IEFA
C2PU,PARKWAY LIFE REIT TRUST,Real Estate,Equity,"10,204,508.79",0.01,"10,204,508.79","3,210,000.00",3.18,Singapore,Singapore Exchange,USD,1.27,--,IEFA
3994,MONEY FORWARD INC,Information Technology,Equity,"10,180,856.09",0.01,"10,180,856.09","312,000.00",32.63,Japan,Tokyo Stock Exchange,USD,158.75,--,IEFA
BOSN,BOSSARD HOLDING AG,Industrials,Equity,"10,189,273.79",0.01,"10,189,273.79","48,827.00",208.68,Switzerland,SIX Swiss Exchange,USD,0.78,--,IEFA
RAT,RATHBONES GROUP PLC,Financials,Equity,"10,191,897.13",0.01,"10,191,897.13","364,974.00",27.93,United Kingdom,London Stock Exchange,USD,0.74,--,IEFA
ALHG,LOUIS HACHETTE GROUP SA,Communication,Equity,"10,193,086.66",0.01,"10,193,086.66","4,990,849.00",2.04,France,Nyse Euronext - Euronext Paris,USD,0.85,--,IEFA
7211,MITSUBISHI MOTORS CORP,Consumer Discretionary,Equity,"10,195,928.38",0.01,"10,195,928.38","4,824,300.00",2.11,Japan,Tokyo Stock Exchange,USD,158.75,--,IEFA
5703,NIPPON LIGHT METAL HOLDINGS LTD,Materials,Equity,"10,164,838.45",0.01,"10,164,838.45","547,360.00",18.57,Japan,Tokyo Stock Exchange,USD,158.75,--,IEFA
5301,TOKAI CARBON LTD,Materials,Equity,"10,166,965.89",0.01,"10,166,965.89","1,537,100.00",6.61,Japan,Tokyo Stock Exchange,USD,158.75,--,IEFA
3387,CREATE RESTAURANTS HOLDINGS INC,Consumer Discretionary,Equity,"10,144,803.30",0.01,"10,144,803.30","2,170,400.00",4.67,Japan,Tokyo Stock Exchange,USD,158.75,--,IEFA
TYRES,NOKIAN RENKAAT,Consumer Discretionary,Equity,"10,131,211.53",0.01,"10,131,211.53","905,001.00",11.19,Finland,Nasdaq Omx Helsinki Ltd.,USD,0.85,--,IEFA
MONT,MONTEA NV,Real Estate,Equity,"10,139,466.75",0.01,"10,139,466.75","118,156.00",85.81,Belgium,Nyse Euronext - Euronext Brussels,USD,0.85,--,IEFA
3116,TOYOTA BOSHOKU CORP,Consumer Discretionary,Equity,"10,117,267.32",0.01,"10,117,267.32","641,400.00",15.77,Japan,Tokyo Stock Exchange,USD,158.75,--,IEFA
HLI,HELIA GROUP LTD,Financials,Equity,"10,119,789.27",0.01,"10,119,789.27","2,606,981.00",3.88,Australia,Asx - All Markets,USD,1.4,--,IEFA
MTRX,MATRIX IT LTD,Information Technology,Equity,"10,120,517.35",0.01,"10,120,517.35","332,420.00",30.44,Israel,Tel Aviv Stock Exchange,USD,2.99,--,IEFA
NIC,NICKEL INDUSTRIES LTD,Materials,Equity,"10,088,721.06",0.01,"10,088,721.06","14,157,244.00",0.71,Australia,Asx - All Markets,USD,1.4,--,IEFA
3234,MORI HILLS INVESTMENT REIT CORP,Real Estate,Equity,"10,091,864.94",0.01,"10,091,864.94","11,771.00",857.35,Japan,Tokyo Stock Exchange,USD,158.75,--,IEFA
IPS,IPSOS SA,Communication,Equity,"10,104,486.21",0.01,"10,104,486.21","259,331.00",38.96,France,Nyse Euronext - Euronext Paris,USD,0.85,--,IEFA
7956,PIGEON CORP,Consumer Staples,Equity,"10,072,310.31",0.01,"10,072,310.31","941,100.00",10.7,Japan,Tokyo Stock Exchange,USD,158.75,--,IEFA
3360,SHIP HEALTHCARE HOLDINGS INC,Health Care,Equity,"10,020,331.66",0.01,"10,020,331.66","669,900.00",14.96,Japan,Tokyo Stock Exchange,USD,158.75,--,IEFA
SCHO,SCHOUW AND CO,Consumer Staples,Equity,"9,980,534.77",0.01,"9,980,534.77","96,735.00",103.17,Denmark,Omx Nordic Exchange Copenhagen A/S,USD,6.35,--,IEFA
LSG,LEROY SEAFOOD GROUP,Consumer Staples,Equity,"9,963,907.51",0.01,"9,963,907.51","1,974,673.00",5.05,Norway,Oslo Bors Asa,USD,9.33,--,IEFA
2222,KOTOBUKI SPIRITS LTD,Consumer Staples,Equity,"9,953,703.74",0.01,"9,953,703.74","777,800.00",12.8,Japan,Tokyo Stock Exchange,USD,158.75,--,IEFA
DUE,DUERR AG,Industrials,Equity,"9,956,066.90",0.01,"9,956,066.90","375,901.00",26.49,Germany,Xetra,USD,0.85,--,IEFA
6432,TAKEUCHI MFG LTD,Industrials,Equity,"9,923,997.61",0.01,"9,923,997.61","236,900.00",41.89,Japan,Tokyo Stock Exchange,USD,158.75,--,IEFA
MCOV B,MEDICOVER CLASS B,Health Care,Equity,"9,924,629.36",0.01,"9,924,629.36","447,261.00",22.19,Sweden,Nasdaq Omx Nordic,USD,9.15,--,IEFA
3295,HULIC REIT INC,Real Estate,Equity,"9,928,186.71",0.01,"9,928,186.71","9,500.00","1,045.07",Japan,Tokyo Stock Exchange,USD,158.75,--,IEFA
8YZ,YANGZIJIANG MARITIME DEVELOPMENT L,Industrials,Equity,"9,933,869.06",0.01,"9,933,869.06","18,702,900.00",0.53,Singapore,Singapore Exchange,USD,1.27,--,IEFA
7224,SHINMAYWA INDUSTRIES LTD,Industrials,Equity,"9,906,533.12",0.01,"9,906,533.12","659,100.00",15.03,Japan,Tokyo Stock Exchange,USD,158.75,--,IEFA
2730,EDION CORP,Consumer Discretionary,Equity,"9,915,119.22",0.01,"9,915,119.22","717,400.00",13.82,Japan,Tokyo Stock Exchange,USD,158.75,--,IEFA
FUR,FUGRO NV CLASS C,Industrials,Equity,"9,919,450.76",0.01,"9,919,450.76","792,725.00",12.51,Netherlands,Euronext Amsterdam,USD,0.85,--,IEFA
AIY,IFAST CORPORATION LTD,Financials,Equity,"9,923,161.66",0.01,"9,923,161.66","1,315,000.00",7.55,Singapore,Singapore Exchange,USD,1.27,--,IEFA
9A4U,ESR REAL ESTATE INVESTMENT TRUST U,Real Estate,Equity,"9,899,894.81",0.01,"9,899,894.81","5,114,342.00",1.94,Singapore,Singapore Exchange,USD,1.27,--,IEFA
WAF,SILTRONIC N AG,Information Technology,Equity,"9,899,955.75",0.01,"9,899,955.75","122,507.00",80.81,Germany,Xetra,USD,0.85,--,IEFA
4114,NIPPON SHOKUBAI LTD,Materials,Equity,"9,901,085.07",0.01,"9,901,085.07","719,500.00",13.76,Japan,Tokyo Stock Exchange,USD,158.75,--,IEFA
DRR,DETERRA ROYALTIES LTD,Materials,Equity,"9,876,931.29",0.01,"9,876,931.29","3,307,133.00",2.99,Australia,Asx - All Markets,USD,1.4,--,IEFA
NYF,NYFOSA,Real Estate,Equity,"9,855,395.37",0.01,"9,855,395.37","1,283,425.00",7.68,Sweden,Nasdaq Omx Nordic,USD,9.15,--,IEFA
BREE,BREEDON GROUP PLC,Materials,Equity,"9,836,657.25",0.01,"9,836,657.25","2,238,160.00",4.39,United Kingdom,London Stock Exchange,USD,0.74,--,IEFA
CQR,CHARTER HALL RETAIL UNITS,Real Estate,Equity,"9,849,789.77",0.01,"9,849,789.77","3,562,914.00",2.76,Australia,Asx - All Markets,USD,1.4,--,IEFA
POST,OSTERREICHISCHE POST AG,Industrials,Equity,"9,797,378.25",0.01,"9,797,378.25","237,799.00",41.2,Austria,Wiener Boerse Ag,USD,0.85,--,IEFA
INWI,INWIDO,Industrials,Equity,"9,810,232.80",0.01,"9,810,232.80","544,584.00",18.01,Sweden,Nasdaq Omx Nordic,USD,9.15,--,IEFA
DYL,DEEP YELLOW LTD,Energy,Equity,"9,810,570.40",0.01,"9,810,570.40","6,953,344.00",1.41,Australia,Asx - All Markets,USD,1.4,--,IEFA
BIOG B,BIOGAIA CLASS B,Health Care,Equity,"9,813,122.58",0.01,"9,813,122.58","732,848.00",13.39,Sweden,Nasdaq Omx Nordic,USD,9.15,--,IEFA
INRN,INTERROLL HOLDING AG,Industrials,Equity,"9,787,538.20",0.01,"9,787,538.20","4,478.00","2,185.69",Switzerland,SIX Swiss Exchange,USD,0.78,--,IEFA
IMD,IMDEX LTD,Materials,Equity,"9,770,727.60",0.01,"9,770,727.60","3,351,955.00",2.91,Australia,Asx - All Markets,USD,1.4,--,IEFA
ZIG,ZIGUP PLC,Industrials,Equity,"9,744,589.02",0.01,"9,744,589.02","1,730,117.00",5.63,United Kingdom,London Stock Exchange,USD,0.74,--,IEFA
DNLM,DUNELM GROUP PLC,Consumer Discretionary,Equity,"9,750,335.18",0.01,"9,750,335.18","887,954.00",10.98,United Kingdom,London Stock Exchange,USD,0.74,--,IEFA
ORL,OIL REFINERIES LTD,Energy,Equity,"9,751,239.14",0.01,"9,751,239.14","21,718,669.00",0.45,Israel,Tel Aviv Stock Exchange,USD,2.99,--,IEFA
SIX2,SIXT,Industrials,Equity,"9,708,376.29",0.01,"9,708,376.29","108,876.00",89.17,Germany,Xetra,USD,0.85,--,IEFA
4540,TSUMURA,Health Care,Equity,"9,710,409.78",0.01,"9,710,409.78","411,500.00",23.6,Japan,Tokyo Stock Exchange,USD,158.75,--,IEFA
7994,OKAMURA CORP,Industrials,Equity,"9,711,944.94",0.01,"9,711,944.94","610,100.00",15.92,Japan,Tokyo Stock Exchange,USD,158.75,--,IEFA
2201,MORINAGA LTD,Consumer Staples,Equity,"9,701,376.42",0.01,"9,701,376.42","551,000.00",17.61,Japan,Tokyo Stock Exchange,USD,158.75,--,IEFA
HOME,NEINOR HOMES SA,Consumer Discretionary,Equity,"9,669,358.71",0.01,"9,669,358.71","486,048.00",19.89,Spain,Bolsa De Madrid,USD,0.85,--,IEFA
GILT,GILAT SATELLITE NETWORKS LTD,Information Technology,Equity,"9,672,008.81",0.01,"9,672,008.81","512,764.00",18.86,Israel,Tel Aviv Stock Exchange,USD,2.99,--,IEFA
CLA B,CLOETTA,Consumer Staples,Equity,"9,678,992.61",0.01,"9,678,992.61","1,736,212.00",5.57,Sweden,Nasdaq Omx Nordic,USD,9.15,--,IEFA
8714,SENSHU IKEDA HOLDINGS INC,Financials,Equity,"9,650,808.53",0.01,"9,650,808.53","1,622,900.00",5.95,Japan,Tokyo Stock Exchange,USD,158.75,--,IEFA
SGD,SGD CASH,Cash and/or Derivatives,Cash,"9,638,097.41",0.01,"9,638,097.41","12,248,576.00",78.69,Singapore,--,USD,1.27,--,IEFA
FOUR,4IMPRINT GROUP PLC,Communication,Equity,"9,615,050.17",0.01,"9,615,050.17","186,618.00",51.52,United Kingdom,London Stock Exchange,USD,0.74,--,IEFA
8964,FRONTIER REAL ESTATE INVESTMENT TR,Real Estate,Equity,"9,610,145.20",0.01,"9,610,145.20","17,435.00",551.2,Japan,Tokyo Stock Exchange,USD,158.75,--,IEFA
6707,SANKEN ELECTRIC LTD,Information Technology,Equity,"9,555,272.29",0.01,"9,555,272.29","172,900.00",55.26,Japan,Tokyo Stock Exchange,USD,158.75,--,IEFA
179,JOHNSON ELECTRIC HOLDINGS LTD,Consumer Discretionary,Equity,"9,556,235.12",0.01,"9,556,235.12","2,953,250.00",3.24,Hong Kong,Hong Kong Exchanges And Clearing Ltd,USD,7.83,--,IEFA
BETS B,BETSSON CLASS B,Consumer Discretionary,Equity,"9,530,002.68",0.01,"9,530,002.68","861,500.00",11.06,Sweden,Nasdaq Omx Nordic,USD,9.15,--,IEFA
CEL,CELLCOM LTD,Communication,Equity,"9,505,869.43",0.01,"9,505,869.43","846,382.00",11.23,Israel,Tel Aviv Stock Exchange,USD,2.99,--,IEFA
CRBN,CORBION NV CLASS C,Materials,Equity,"9,519,290.78",0.01,"9,519,290.78","422,063.00",22.55,Netherlands,Euronext Amsterdam,USD,0.85,--,IEFA
7014,NAMURA SHIPBUILDING LTD,Industrials,Equity,"9,521,040.03",0.01,"9,521,040.03","370,900.00",25.67,Japan,Tokyo Stock Exchange,USD,158.75,--,IEFA
8361,OGAKI KYORITSU BANK LTD,Financials,Equity,"9,490,012.28",0.01,"9,490,012.28","214,600.00",44.22,Japan,Tokyo Stock Exchange,USD,158.75,--,IEFA
9302,MITSUI-SOKO HOLDINGS LTD,Industrials,Equity,"9,502,394.41",0.01,"9,502,394.41","374,400.00",25.38,Japan,Tokyo Stock Exchange,USD,158.75,--,IEFA
14,HYSAN DEVELOPMENT LTD,Real Estate,Equity,"9,485,682.00",0.01,"9,485,682.00","3,879,000.00",2.45,Hong Kong,Hong Kong Exchanges And Clearing Ltd,USD,7.83,--,IEFA
CIA,CHAMPION IRON LTD,Materials,Equity,"9,452,300.96",0.01,"9,452,300.96","2,693,439.00",3.51,Australia,Asx - All Markets,USD,1.4,--,IEFA
TUA,TUAS LTD,Communication,Equity,"9,452,490.36",0.01,"9,452,490.36","2,192,378.00",4.31,Australia,Asx - All Markets,USD,1.4,--,IEFA
ASKER,ASKER HEALTHCARE GROUP,Health Care,Equity,"9,439,043.46",0.01,"9,439,043.46","1,088,924.00",8.67,Sweden,Nasdaq Omx Nordic,USD,9.15,--,IEFA
3858,JIAXIN INTERNATIONAL RESOURCES INV,Materials,Equity,"9,449,072.60",0.01,"9,449,072.60","636,800.00",14.84,Hong Kong,Hong Kong Exchanges And Clearing Ltd,USD,7.83,--,IEFA
HAVAS,HAVAS NV,Communication,Equity,"9,449,998.34",0.01,"9,449,998.34","498,625.00",18.95,Netherlands,Euronext Amsterdam,USD,0.85,--,IEFA
PXA,PEXA GROUP LTD,Real Estate,Equity,"9,416,791.30",0.01,"9,416,791.30","1,042,686.00",9.03,Australia,Asx - All Markets,USD,1.4,--,IEFA
8956,NTT UD REIT INVESTMENT REIT CORP,Real Estate,Equity,"9,395,536.24",0.01,"9,395,536.24","10,593.00",886.96,Japan,Tokyo Stock Exchange,USD,158.75,--,IEFA
BGA,BEGA CHEESE LTD,Consumer Staples,Equity,"9,361,030.62",0.01,"9,361,030.62","2,211,576.00",4.23,Australia,Asx - All Markets,USD,1.4,--,IEFA
5463,MARUICHI STEEL TUBE LTD,Materials,Equity,"9,363,041.67",0.01,"9,363,041.67","1,005,300.00",9.31,Japan,Tokyo Stock Exchange,USD,158.75,--,IEFA
PPT,PERPETUAL LTD,Financials,Equity,"9,368,919.08",0.01,"9,368,919.08","793,776.00",11.8,Australia,Asx - All Markets,USD,1.4,--,IEFA
2127,NIHON M&A CENTER HOLDINGS INC,Financials,Equity,"9,327,281.05",0.01,"9,327,281.05","2,170,100.00",4.3,Japan,Tokyo Stock Exchange,USD,158.75,--,IEFA
6804,HOSIDEN CORP,Information Technology,Equity,"9,294,658.10",0.01,"9,294,658.10","527,900.00",17.61,Japan,Tokyo Stock Exchange,USD,158.75,--,IEFA
2593,ITO EN LTD,Consumer Staples,Equity,"9,299,867.71",0.01,"9,299,867.71","480,100.00",19.37,Japan,Tokyo Stock Exchange,USD,158.75,--,IEFA
9119,IINO KAIUN LTD,Industrials,Equity,"9,272,370.78",0.01,"9,272,370.78","853,300.00",10.87,Japan,Tokyo Stock Exchange,USD,158.75,--,IEFA
PHARM,PHARMING GROUP NV,Health Care,Equity,"9,258,020.95",0.01,"9,258,020.95","5,281,918.00",1.75,Netherlands,Euronext Amsterdam,USD,0.85,--,IEFA
PTEC,PLAYTECH PLC,Consumer Discretionary,Equity,"9,266,491.66",0.01,"9,266,491.66","1,691,949.00",5.48,United Kingdom,London Stock Exchange,USD,0.74,--,IEFA
GLPG,GALAPAGOS NV,Health Care,Equity,"9,233,770.88",0.01,"9,233,770.88","315,534.00",29.26,Belgium,Euronext Amsterdam,USD,0.85,--,IEFA
EB5,FIRST RESOURCES LTD,Consumer Staples,Equity,"9,233,823.82",0.01,"9,233,823.82","3,977,900.00",2.32,Singapore,Singapore Exchange,USD,1.27,--,IEFA
1428,BRIGHT SMART SECURITIES & COMMODIT,Financials,Equity,"9,234,988.92",0.01,"9,234,988.92","6,062,000.00",1.52,Hong Kong,Hong Kong Exchanges And Clearing Ltd,USD,7.83,--,IEFA
AFX,CARL ZEISS MEDITEC AG,Health Care,Equity,"9,238,739.07",0.01,"9,238,739.07","281,103.00",32.87,Germany,Xetra,USD,0.85,--,IEFA
2282,MGM CHINA HOLDINGS LTD,Consumer Discretionary,Equity,"9,226,391.86",0.01,"9,226,391.86","6,244,800.00",1.48,Hong Kong,Hong Kong Exchanges And Clearing Ltd,USD,7.83,--,IEFA
ILCO,ISRAEL CORPORATION LTD,Materials,Equity,"9,187,525.59",0.01,"9,187,525.59","33,778.00",272,Israel,Tel Aviv Stock Exchange,USD,2.99,--,IEFA
7004,KANADEVIA CORP,Industrials,Equity,"9,166,217.52",0.01,"9,166,217.52","1,188,800.00",7.71,Japan,Tokyo Stock Exchange,USD,158.75,--,IEFA
ASB,AUSTAL LTD,Industrials,Equity,"9,152,290.67",0.01,"9,152,290.67","2,784,087.00",3.29,Australia,Asx - All Markets,USD,1.4,--,IEFA
7581,SAIZERIYA LTD,Consumer Discretionary,Equity,"9,157,403.38",0.01,"9,157,403.38","274,800.00",33.32,Japan,Tokyo Stock Exchange,USD,158.75,--,IEFA
ELM,ELEMENTIS PLC,Materials,Equity,"9,131,468.75",0.01,"9,131,468.75","4,311,971.00",2.12,United Kingdom,London Stock Exchange,USD,0.74,--,IEFA
ILS,ILS CASH,Cash and/or Derivatives,Cash,"9,098,156.53",0.01,"9,098,156.53","27,194,390.00",33.46,Israel,--,USD,2.99,--,IEFA
CVSG,CVS GROUP PLC,Health Care,Equity,"9,097,590.74",0.01,"9,097,590.74","540,361.00",16.84,United Kingdom,London Stock Exchange,USD,0.74,--,IEFA
4733,OBIC BUSINESS CONSULTANTS LTD,Information Technology,Equity,"9,102,216.76",0.01,"9,102,216.76","213,400.00",42.65,Japan,Tokyo Stock Exchange,USD,158.75,--,IEFA
CIP,CENTURIA INDUSTR UNITS,Real Estate,Equity,"9,078,705.63",0,"9,078,705.63","4,239,537.00",2.14,Australia,Asx - All Markets,USD,1.4,--,IEFA
4045,TOAGOSEI LTD,Materials,Equity,"9,059,652.27",0,"9,059,652.27","805,700.00",11.24,Japan,Tokyo Stock Exchange,USD,158.75,--,IEFA
PLX,PLUXEE NV,Financials,Equity,"9,060,974.81",0,"9,060,974.81","638,787.00",14.18,France,Nyse Euronext - Euronext Paris,USD,0.85,--,IEFA
BPT,BEACH ENERGY LTD,Energy,Equity,"9,038,164.90",0,"9,038,164.90","10,694,585.00",0.85,Australia,Asx - All Markets,USD,1.4,--,IEFA
DBG,DERICHEBOURG SA,Industrials,Equity,"9,041,366.50",0,"9,041,366.50","851,994.00",10.61,France,Nyse Euronext - Euronext Paris,USD,0.85,--,IEFA
3397,TORIDOLL HOLDINGS CORP,Consumer Discretionary,Equity,"9,043,617.12",0,"9,043,617.12","340,600.00",26.55,Japan,Tokyo Stock Exchange,USD,158.75,--,IEFA
4816,TOEI ANIMATION LTD,Communication,Equity,"8,997,839.30",0,"8,997,839.30","521,300.00",17.26,Japan,Tokyo Stock Exchange,USD,158.75,--,IEFA
TRST,TRUSTPILOT GROUP PLC,Communication,Equity,"9,004,161.61",0,"9,004,161.61","2,638,037.00",3.41,United Kingdom,London Stock Exchange,USD,0.74,--,IEFA
NOLA B,NOLATO CLASS B,Industrials,Equity,"8,947,752.55",0,"8,947,752.55","1,556,220.00",5.75,Sweden,Nasdaq Omx Nordic,USD,9.15,--,IEFA
SUPR,SUPERMARKET INCOME REIT PLC,Real Estate,Equity,"8,949,500.05",0,"8,949,500.05","7,836,571.00",1.14,United Kingdom,London Stock Exchange,USD,0.74,--,IEFA
6498,KITZ CORP,Industrials,Equity,"8,908,249.08",0,"8,908,249.08","673,400.00",13.23,Japan,Tokyo Stock Exchange,USD,158.75,--,IEFA
ARU,ARAFURA RARE EARTHS LTD,Materials,Equity,"8,909,976.43",0,"8,909,976.43","40,131,052.00",0.22,Australia,Asx - All Markets,USD,1.4,--,IEFA
ETOR,ETORO GROUP LTD CLASS A,Financials,Equity,"8,888,755.92",0,"8,888,755.92","228,268.00",38.94,Israel,NASDAQ,USD,1,--,IEFA
ACT,ALZCHEM AG,Materials,Equity,"8,868,793.12",0,"8,868,793.12","41,648.00",212.95,Germany,Xetra,USD,0.85,--,IEFA
ASHM,ASHMORE GROUP PLC,Financials,Equity,"8,876,363.70",0,"8,876,363.70","3,050,140.00",2.91,United Kingdom,London Stock Exchange,USD,0.74,--,IEFA
CARM,CARMILA SA,Real Estate,Equity,"8,848,281.69",0,"8,848,281.69","418,991.00",21.12,France,Nyse Euronext - Euronext Paris,USD,0.85,--,IEFA
8957,TOKYU REIT INC,Real Estate,Equity,"8,815,553.25",0,"8,815,553.25","7,050.00","1,250.43",Japan,Tokyo Stock Exchange,USD,158.75,--,IEFA
4966,C UYEMURA LTD,Materials,Equity,"8,822,539.29",0,"8,822,539.29","61,400.00",143.69,Japan,Tokyo Stock Exchange,USD,158.75,--,IEFA
ARB,ARB CORPORATION LTD,Consumer Discretionary,Equity,"8,829,643.88",0,"8,829,643.88","616,115.00",14.33,Australia,Asx - All Markets,USD,1.4,--,IEFA
2160,GNI GROUP LTD,Health Care,Equity,"8,795,842.39",0,"8,795,842.39","405,900.00",21.67,Japan,Tokyo Stock Exchange,USD,158.75,--,IEFA
VSVS,VESUVIUS,Industrials,Equity,"8,798,864.43",0,"8,798,864.43","1,493,708.00",5.89,United Kingdom,London Stock Exchange,USD,0.74,--,IEFA
6632,JVCKENWOOD CORP,Consumer Discretionary,Equity,"8,804,757.63",0,"8,804,757.63","1,111,500.00",7.92,Japan,Tokyo Stock Exchange,USD,158.75,--,IEFA
CADLR,CADELER,Industrials,Equity,"8,787,628.77",0,"8,787,628.77","1,380,930.00",6.36,Norway,Oslo Bors Asa,USD,9.33,--,IEFA
8424,FUYO GENERAL LEASE LTD,Financials,Equity,"8,790,626.48",0,"8,790,626.48","324,000.00",27.13,Japan,Tokyo Stock Exchange,USD,158.75,--,IEFA
4676,FUJI MEDIA HOLDINGS INC,Communication,Equity,"8,759,784.56",0,"8,759,784.56","342,000.00",25.61,Japan,Tokyo Stock Exchange,USD,158.75,--,IEFA
7419,NOJIMA CORP,Consumer Discretionary,Equity,"8,755,727.11",0,"8,755,727.11","1,239,900.00",7.06,Japan,Tokyo Stock Exchange,USD,158.75,--,IEFA
3186,NEXTAGE LTD,Consumer Discretionary,Equity,"8,756,609.66",0,"8,756,609.66","379,800.00",23.06,Japan,Tokyo Stock Exchange,USD,158.75,--,IEFA
KIE,KIER GROUP PLC,Industrials,Equity,"8,731,636.61",0,"8,731,636.61","3,008,797.00",2.9,United Kingdom,London Stock Exchange,USD,0.74,--,IEFA
3481,MITSUBISHI ESTATE LOGISTICS REIT C,Real Estate,Equity,"8,707,399.29",0,"8,707,399.29","10,979.00",793.1,Japan,Tokyo Stock Exchange,USD,158.75,--,IEFA
COPN,COSMO N NV,Health Care,Equity,"8,720,039.17",0,"8,720,039.17","68,937.00",126.49,Switzerland,SIX Swiss Exchange,USD,0.78,--,IEFA
863,OSL GROUP LTD,Financials,Equity,"8,721,685.09",0,"8,721,685.09","4,878,568.00",1.79,Hong Kong,Hong Kong Exchanges And Clearing Ltd,USD,7.83,--,IEFA
MTAV,MEITAV INVESTMENTS HOUSE LTD,Financials,Equity,"8,696,646.70",0,"8,696,646.70","193,266.00",45,Israel,Tel Aviv Stock Exchange,USD,2.99,--,IEFA
ALSN,ALSO HOLDING AG,Information Technology,Equity,"8,698,797.23",0,"8,698,797.23","41,659.00",208.81,Switzerland,SIX Swiss Exchange,USD,0.78,--,IEFA
IHP,INTEGRAFIN HOLDINGS,Financials,Equity,"8,671,230.10",0,"8,671,230.10","1,877,660.00",4.62,United Kingdom,London Stock Exchange,USD,0.74,--,IEFA
4194,VISIONAL INC,Industrials,Equity,"8,683,424.36",0,"8,683,424.36","185,800.00",46.74,Japan,Tokyo Stock Exchange,USD,158.75,--,IEFA
8876,RELO GROUP INC,Real Estate,Equity,"8,637,389.52",0,"8,637,389.52","691,100.00",12.5,Japan,Tokyo Stock Exchange,USD,158.75,--,IEFA
1415,COWELL E HOLDINGS INC,Information Technology,Equity,"8,623,671.16",0,"8,623,671.16","2,405,000.00",3.59,Hong Kong,Hong Kong Exchanges And Clearing Ltd,USD,7.83,--,IEFA
3591,WACOAL HOLDINGS CORP,Consumer Discretionary,Equity,"8,610,577.97",0,"8,610,577.97","271,100.00",31.76,Japan,Tokyo Stock Exchange,USD,158.75,--,IEFA
VU,VUSIONGROUP SA,Information Technology,Equity,"8,584,495.86",0,"8,584,495.86","60,975.00",140.79,France,Nyse Euronext - Euronext Paris,USD,0.85,--,IEFA
MFG,MAGELLAN FINANCIAL GROUP LTD,Financials,Equity,"8,559,979.92",0,"8,559,979.92","1,250,203.00",6.85,Australia,Asx - All Markets,USD,1.4,--,IEFA
ATYM,ATALAYA MINING COPPER SA,Materials,Equity,"8,562,701.99",0,"8,562,701.99","793,478.00",10.79,United Kingdom,London Stock Exchange,USD,0.74,--,IEFA
3048,BIC CAMERA INC,Consumer Discretionary,Equity,"8,571,593.44",0,"8,571,593.44","794,800.00",10.78,Japan,Tokyo Stock Exchange,USD,158.75,--,IEFA
8609,OKASAN SECURITIES GROUP INC,Financials,Equity,"8,551,114.05",0,"8,551,114.05","1,506,600.00",5.68,Japan,Tokyo Stock Exchange,USD,158.75,--,IEFA
EVN,EVN AG,Utilities,Equity,"8,525,775.73",0,"8,525,775.73","260,062.00",32.78,Austria,Wiener Boerse Ag,USD,0.85,--,IEFA
PETS,PETS AT HOME PLC,Consumer Discretionary,Equity,"8,532,643.92",0,"8,532,643.92","3,289,743.00",2.59,United Kingdom,London Stock Exchange,USD,0.74,--,IEFA
LOV,LOVISA HOLDINGS LTD,Consumer Discretionary,Equity,"8,519,696.76",0,"8,519,696.76","478,700.00",17.8,Australia,Asx - All Markets,USD,1.4,--,IEFA
VIRI,VIRIDIEN SA,Energy,Equity,"8,519,738.25",0,"8,519,738.25","50,331.00",169.27,France,Nyse Euronext - Euronext Paris,USD,0.85,--,IEFA
AKSO,AKER SOLUTIONS,Energy,Equity,"8,490,785.52",0,"8,490,785.52","1,988,369.00",4.27,Norway,Oslo Bors Asa,USD,9.33,--,IEFA
1128,WYNN MACAU LTD,Consumer Discretionary,Equity,"8,481,604.38",0,"8,481,604.38","11,591,600.00",0.73,Hong Kong,Hong Kong Exchanges And Clearing Ltd,USD,7.83,--,IEFA
FLOW,FLOW TRADERS LTD,Financials,Equity,"8,466,736.72",0,"8,466,736.72","254,875.00",33.22,Netherlands,Euronext Amsterdam,USD,0.85,--,IEFA
ALM,ALMIRALL SA,Health Care,Equity,"8,447,584.23",0,"8,447,584.23","561,526.00",15.04,Spain,Bolsa De Madrid,USD,0.85,--,IEFA
KAR,KAROON ENERGY LTD,Energy,Equity,"8,414,798.53",0,"8,414,798.53","5,874,615.00",1.43,Australia,Asx - All Markets,USD,1.4,--,IEFA
DRW3,DRAEGERWERK PREF AG,Health Care,Equity,"8,415,556.00",0,"8,415,556.00","73,702.00",114.18,Germany,Xetra,USD,0.85,--,IEFA
9505,HOKURIKU ELECTRIC POWER,Utilities,Equity,"8,428,162.78",0,"8,428,162.78","1,297,700.00",6.49,Japan,Tokyo Stock Exchange,USD,158.75,--,IEFA
AMS,ADVANCED MEDICAL SOLUTIONS GROUP P,Health Care,Equity,"8,395,675.03",0,"8,395,675.03","2,342,808.00",3.58,United Kingdom,London Stock Exchange,USD,0.74,--,IEFA
9934,INABA DENKISANGYO LTD,Industrials,Equity,"8,393,113.48",0,"8,393,113.48","499,200.00",16.81,Japan,Tokyo Stock Exchange,USD,158.75,--,IEFA
EMEIS,EMEIS SA,Health Care,Equity,"8,365,008.58",0,"8,365,008.58","518,319.00",16.14,France,Nyse Euronext - Euronext Paris,USD,0.85,--,IEFA
CIBUS,CIBUS NORDIC REAL ESTATE,Real Estate,Equity,"8,323,669.56",0,"8,323,669.56","488,597.00",17.04,Sweden,Nasdaq Omx Nordic,USD,9.15,--,IEFA
6103,OKUMA CORP,Industrials,Equity,"8,327,594.57",0,"8,327,594.57","304,600.00",27.34,Japan,Tokyo Stock Exchange,USD,158.75,--,IEFA
DORL,DORAL GROUP RENEWABLE ENERGY RESOU,Utilities,Equity,"8,328,711.52",0,"8,328,711.52","393,776.00",21.15,Israel,Tel Aviv Stock Exchange,USD,2.99,--,IEFA
HEM,HEMNET GROUP,Communication,Equity,"8,306,676.61",0,"8,306,676.61","620,346.00",13.39,Sweden,Nasdaq Omx Nordic,USD,9.15,--,IEFA
RDWR,RADWARE LTD,Information Technology,Equity,"8,295,449.60",0,"8,295,449.60","324,041.00",25.6,Israel,NASDAQ,USD,1,--,IEFA
NVG,THE NAVIGATOR COMPANY SA,Materials,Equity,"8,297,790.22",0,"8,297,790.22","2,087,989.00",3.97,Portugal,Nyse Euronext - Euronext Lisbon,USD,0.85,--,IEFA
8987,JAPAN EXCELLENT REIT INC,Real Estate,Equity,"8,278,716.18",0,"8,278,716.18","9,076.00",912.15,Japan,Tokyo Stock Exchange,USD,158.75,--,IEFA
CTD,CORPORATE TRAVEL MANAGEMENT LTD,Consumer Discretionary,Equity,"8,251,628.09",0,"8,251,628.09","849,006.00",9.72,Australia,Asx - All Markets,USD,1.4,--,IEFA
9509,HOKKAIDO ELECTRIC POWER INC,Utilities,Equity,"8,262,200.38",0,"8,262,200.38","1,274,000.00",6.49,Japan,Tokyo Stock Exchange,USD,158.75,--,IEFA
1836,STELLA INTERNATIONAL LTD,Consumer Discretionary,Equity,"8,267,360.06",0,"8,267,360.06","4,209,500.00",1.96,Hong Kong,Hong Kong Exchanges And Clearing Ltd,USD,7.83,--,IEFA
EOS,ELECTRO OPTIC SYSTEMS HOLDINGS LTD,Industrials,Equity,"8,237,367.14",0,"8,237,367.14","1,150,149.00",7.16,Australia,Asx - All Markets,USD,1.4,--,IEFA
7616,COLOWIDE LTD,Consumer Discretionary,Equity,"8,241,695.80",0,"8,241,695.80","683,200.00",12.06,Japan,Tokyo Stock Exchange,USD,158.75,--,IEFA
WPR,WAYPOINT REIT STAPLED UNIT LTD,Real Estate,Equity,"8,244,261.54",0,"8,244,261.54","4,660,371.00",1.77,Australia,Asx - All Markets,USD,1.4,--,IEFA
OPM,OPMOBILITY,Consumer Discretionary,Equity,"8,247,009.96",0,"8,247,009.96","450,541.00",18.3,France,Nyse Euronext - Euronext Paris,USD,0.85,--,IEFA
VCT,VICAT SA,Materials,Equity,"8,221,667.63",0,"8,221,667.63","105,824.00",77.69,France,Nyse Euronext - Euronext Paris,USD,0.85,--,IEFA
BILI A,BILIA CLASS A,Consumer Discretionary,Equity,"8,229,307.31",0,"8,229,307.31","591,395.00",13.92,Sweden,Nasdaq Omx Nordic,USD,9.15,--,IEFA
ELTR,ELECTRA LTD,Industrials,Equity,"8,205,760.24",0,"8,205,760.24","260,787.00",31.47,Israel,Tel Aviv Stock Exchange,USD,2.99,--,IEFA
IDL,ID LOGISTICS,Industrials,Equity,"8,192,752.11",0,"8,192,752.11","20,440.00",400.82,France,Nyse Euronext - Euronext Paris,USD,0.85,--,IEFA
IVSO,INVISIO,Industrials,Equity,"8,161,196.28",0,"8,161,196.28","255,690.00",31.92,Sweden,Nasdaq Omx Nordic,USD,9.15,--,IEFA
KTN,KONTRON AG,Information Technology,Equity,"8,143,300.37",0,"8,143,300.37","319,677.00",25.47,Germany,Xetra,USD,0.85,--,IEFA
PRN,PERENTI LTD,Materials,Equity,"8,125,379.31",0,"8,125,379.31","5,402,441.00",1.5,Australia,Asx - All Markets,USD,1.4,--,IEFA
1788,GUOTAI JUNAN INTERNATIONAL HOLDING,Financials,Equity,"8,125,531.06",0,"8,125,531.06","23,832,000.00",0.34,Hong Kong,Hong Kong Exchanges And Clearing Ltd,USD,7.83,--,IEFA
8968,FUKUOKA REIT CORP,Real Estate,Equity,"8,130,114.96",0,"8,130,114.96","7,103.00","1,144.60",Japan,Tokyo Stock Exchange,USD,158.75,--,IEFA
CYL,CATALYST METALS LTD,Materials,Equity,"8,136,189.50",0,"8,136,189.50","1,713,457.00",4.75,Australia,Asx - All Markets,USD,1.4,--,IEFA
3635,KOEI TECMO HOLDINGS LTD,Communication,Equity,"8,119,133.25",0,"8,119,133.25","739,032.00",10.99,Japan,Tokyo Stock Exchange,USD,158.75,--,IEFA
BSLN,BASILEA PHARMACEUTICA AG,Health Care,Equity,"8,119,595.99",0,"8,119,595.99","111,709.00",72.69,Switzerland,SIX Swiss Exchange,USD,0.78,--,IEFA
ELV,ELEVRA LITHIUM LTD,Materials,Equity,"8,076,209.96",0,"8,076,209.96","1,068,860.00",7.56,Australia,Asx - All Markets,USD,1.4,--,IEFA
4118,KANEKA CORP,Materials,Equity,"8,084,538.10",0,"8,084,538.10","257,500.00",31.4,Japan,Tokyo Stock Exchange,USD,158.75,--,IEFA
8966,HEIWA REAL ESTATE REIT INC,Real Estate,Equity,"8,058,074.27",0,"8,058,074.27","8,614.00",935.46,Japan,Tokyo Stock Exchange,USD,158.75,--,IEFA
FORTY,FORMULA SYSTEMS LTD,Information Technology,Equity,"8,059,760.96",0,"8,059,760.96","58,515.00",137.74,Israel,Tel Aviv Stock Exchange,USD,2.99,--,IEFA
4206,AICA KOGYO LTD,Materials,Equity,"8,060,041.58",0,"8,060,041.58","357,300.00",22.56,Japan,Tokyo Stock Exchange,USD,158.75,--,IEFA
N91,NINETY ONE PLC,Financials,Equity,"8,036,408.97",0,"8,036,408.97","2,698,806.00",2.98,United Kingdom,London Stock Exchange,USD,0.74,--,IEFA
XTSLA,BLK CSH FND TREASURY SL AGENCY,Cash and/or Derivatives,Money Market,"8,023,348.45",0,"8,023,348.45","8,023,348.00",1,United States,--,USD,1,--,IEFA
MONY,MONY GROUP PLC,Communication,Equity,"7,980,832.99",0,"7,980,832.99","3,441,209.00",2.32,United Kingdom,London Stock Exchange,USD,0.74,--,IEFA
MLCO,MELCO RESORTS ENTERTAINMENT ADR LT,Consumer Discretionary,Equity,"7,959,517.30",0,"7,959,517.30","1,337,734.00",5.95,Hong Kong,NASDAQ,USD,1,--,IEFA
BITTI,BITTIUM,Information Technology,Equity,"7,968,213.63",0,"7,968,213.63","187,769.00",42.44,Finland,Nasdaq Omx Helsinki Ltd.,USD,0.85,--,IEFA
8570,AEON FINANCIAL SERVICES LTD,Financials,Equity,"7,971,728.24",0,"7,971,728.24","811,200.00",9.83,Japan,Tokyo Stock Exchange,USD,158.75,--,IEFA
7381,CCI GROUP INC,Financials,Equity,"7,957,409.68",0,"7,957,409.68","1,267,000.00",6.28,Japan,Tokyo Stock Exchange,USD,158.75,--,IEFA
FEVR,FEVERTREE DRINKS PLC,Consumer Staples,Equity,"7,935,359.42",0,"7,935,359.42","682,331.00",11.63,United Kingdom,London Stock Exchange,USD,0.74,--,IEFA
RYM,RYMAN HEALTHCARE LTD,Health Care,Equity,"7,906,967.61",0,"7,906,967.61","6,685,045.00",1.18,New Zealand,New Zealand Exchange Ltd,USD,1.7,--,IEFA
8410,SEVEN BANK LTD,Financials,Equity,"7,918,137.89",0,"7,918,137.89","4,628,000.00",1.71,Japan,Tokyo Stock Exchange,USD,158.75,--,IEFA
ISCN,ISRAEL-CANADA LTD,Real Estate,Equity,"7,888,620.81",0,"7,888,620.81","1,196,908.00",6.59,Israel,Tel Aviv Stock Exchange,USD,2.99,--,IEFA
3050,DCM HOLDINGS LTD,Consumer Discretionary,Equity,"7,892,809.22",0,"7,892,809.22","813,600.00",9.7,Japan,Tokyo Stock Exchange,USD,158.75,--,IEFA
PROX,PROXIMUS NV,Communication,Equity,"7,899,686.49",0,"7,899,686.49","958,694.00",8.24,Belgium,Nyse Euronext - Euronext Brussels,USD,0.85,--,IEFA
8425,MIZUHO LEASING LIMITED LTD,Financials,Equity,"7,903,986.90",0,"7,903,986.90","876,200.00",9.02,Japan,Tokyo Stock Exchange,USD,158.75,--,IEFA
OVS,OVS SPA,Consumer Discretionary,Equity,"7,853,586.15",0,"7,853,586.15","1,257,624.00",6.24,Italy,Borsa Italiana,USD,0.85,--,IEFA
INA,INGENIA COMMUNITIES GROUP STAPLED,Real Estate,Equity,"7,832,913.70",0,"7,832,913.70","2,648,128.00",2.96,Australia,Asx - All Markets,USD,1.4,--,IEFA
NCAB,NCAB GROUP,Information Technology,Equity,"7,835,296.51",0,"7,835,296.51","1,063,502.00",7.37,Sweden,Nasdaq Omx Nordic,USD,9.15,--,IEFA
ELK,ELKEM,Materials,Equity,"7,841,363.39",0,"7,841,363.39","2,541,473.00",3.09,Norway,Oslo Bors Asa,USD,9.33,--,IEFA
9401,TBS HOLDINGS INC,Communication,Equity,"7,845,989.48",0,"7,845,989.48","214,300.00",36.61,Japan,Tokyo Stock Exchange,USD,158.75,--,IEFA
GAMA,GAMMA COMMUNICATIONS PLC,Communication,Equity,"7,813,518.49",0,"7,813,518.49","625,319.00",12.5,United Kingdom,London Stock Exchange,USD,0.74,--,IEFA
PDI,PREDICTIVE DISCOVERY LTD,Materials,Equity,"7,815,347.36",0,"7,815,347.36","11,486,570.00",0.68,Australia,Asx - All Markets,USD,1.4,--,IEFA
558,UMS INTEGRATION LTD,Information Technology,Equity,"7,820,446.94",0,"7,820,446.94","5,230,850.00",1.5,Singapore,Singapore Exchange,USD,1.27,--,IEFA
8961,MORI TRUST REIT INC,Real Estate,Equity,"7,821,052.63",0,"7,821,052.63","16,710.00",468.05,Japan,Tokyo Stock Exchange,USD,158.75,--,IEFA
ELD,ELDERS LTD,Consumer Staples,Equity,"7,831,303.22",0,"7,831,303.22","1,457,936.00",5.37,Australia,Asx - All Markets,USD,1.4,--,IEFA
4680,ROUND ONE CORP,Consumer Discretionary,Equity,"7,795,673.56",0,"7,795,673.56","1,322,000.00",5.9,Japan,Tokyo Stock Exchange,USD,158.75,--,IEFA
RCO,REMY COINTREAU SA,Consumer Staples,Equity,"7,804,832.01",0,"7,804,832.01","160,851.00",48.52,France,Nyse Euronext - Euronext Paris,USD,0.85,--,IEFA
1833,OKUMURA CORP,Industrials,Equity,"7,806,860.06",0,"7,806,860.06","202,500.00",38.55,Japan,Tokyo Stock Exchange,USD,158.75,--,IEFA
BCG,BALTIC CLASSIFIEDS GROUP PLC,Communication,Equity,"7,789,364.98",0,"7,789,364.98","2,788,038.00",2.79,United Kingdom,London Stock Exchange,USD,0.74,--,IEFA
MAXO,MAX STOCK LTD,Consumer Discretionary,Equity,"7,790,948.91",0,"7,790,948.91","784,079.00",9.94,Israel,Tel Aviv Stock Exchange,USD,2.99,--,IEFA
ETL,EUTELSAT COMMUNICATIONS SA,Communication,Equity,"7,744,528.57",0,"7,744,528.57","2,435,783.00",3.18,France,Nyse Euronext - Euronext Paris,USD,0.85,--,IEFA
CTT,CTT CORREIOS DE PORTUGAL SA,Industrials,Equity,"7,745,741.35",0,"7,745,741.35","1,010,765.00",7.66,Portugal,Nyse Euronext - Euronext Lisbon,USD,0.85,--,IEFA
6814,FURUNO ELECTRIC LTD,Information Technology,Equity,"7,750,291.35",0,"7,750,291.35","169,000.00",45.86,Japan,Tokyo Stock Exchange,USD,158.75,--,IEFA
8022,MIZUNO CORP,Consumer Discretionary,Equity,"7,736,634.22",0,"7,736,634.22","350,400.00",22.08,Japan,Tokyo Stock Exchange,USD,158.75,--,IEFA
DESN,DOTTIKON ES HOLDING AG,Health Care,Equity,"7,717,766.79",0,"7,717,766.79","17,650.00",437.27,Switzerland,SIX Swiss Exchange,USD,0.78,--,IEFA
ENTRA,ENTRA,Real Estate,Equity,"7,720,337.03",0,"7,720,337.03","673,502.00",11.46,Norway,Oslo Bors Asa,USD,9.33,--,IEFA
7278,EXEDY CORP,Consumer Discretionary,Equity,"7,696,544.77",0,"7,696,544.77","217,400.00",35.4,Japan,Tokyo Stock Exchange,USD,158.75,--,IEFA
8976,DAIWA OFFICE INVESTMENT REIT CORP,Real Estate,Equity,"7,697,666.07",0,"7,697,666.07","3,573.00","2,154.40",Japan,Tokyo Stock Exchange,USD,158.75,--,IEFA
4095,NIHON PARKERIZING LTD,Materials,Equity,"7,703,335.54",0,"7,703,335.54","828,500.00",9.3,Japan,Tokyo Stock Exchange,USD,158.75,--,IEFA
4812,DENTSU SOKEN INC,Information Technology,Equity,"7,685,005.51",0,"7,685,005.51","559,100.00",13.75,Japan,Tokyo Stock Exchange,USD,158.75,--,IEFA
HTG,HUNTING PLC,Energy,Equity,"7,650,642.92",0,"7,650,642.92","1,211,457.00",6.32,United Kingdom,London Stock Exchange,USD,0.74,--,IEFA
SMWH,WH SMITH PLC,Consumer Discretionary,Equity,"7,656,429.27",0,"7,656,429.27","892,322.00",8.58,United Kingdom,London Stock Exchange,USD,0.74,--,IEFA
INMD,INMODE LTD,Health Care,Equity,"7,661,007.99",0,"7,661,007.99","525,807.00",14.57,Israel,NASDAQ,USD,1,--,IEFA
1860,MOBVISTA INC,Communication,Equity,"7,642,806.52",0,"7,642,806.52","4,044,000.00",1.89,Hong Kong,Hong Kong Exchanges And Clearing Ltd,USD,7.83,--,IEFA
CRL,CAREL,Industrials,Equity,"7,644,950.18",0,"7,644,950.18","248,354.00",30.78,Italy,Borsa Italiana,USD,0.85,--,IEFA
COK,CANCOM,Information Technology,Equity,"7,576,756.88",0,"7,576,756.88","245,201.00",30.9,Germany,Xetra,USD,0.85,--,IEFA
AUSS,AUSTEVOLL SEAFOOD,Consumer Staples,Equity,"7,588,735.52",0,"7,588,735.52","736,344.00",10.31,Norway,Oslo Bors Asa,USD,9.33,--,IEFA
NEU,NEUREN PHARMACEUTICALS LTD,Health Care,Equity,"7,594,723.46",0,"7,594,723.46","849,695.00",8.94,Australia,Asx - All Markets,USD,1.4,--,IEFA
8386,HYAKUJUSHI BANK LTD,Financials,Equity,"7,568,118.68",0,"7,568,118.68","509,500.00",14.85,Japan,Tokyo Stock Exchange,USD,158.75,--,IEFA
6457,GLORY LTD,Industrials,Equity,"7,573,272.86",0,"7,573,272.86","287,200.00",26.37,Japan,Tokyo Stock Exchange,USD,158.75,--,IEFA
GROW,MOLTEN VENTURES PLC,Financials,Equity,"7,540,364.14",0,"7,540,364.14","1,071,269.00",7.04,United Kingdom,London Stock Exchange,USD,0.74,--,IEFA
GNZ,GOODMAN NEW ZEALAND & GOODMAN PROP,Real Estate,Equity,"7,549,474.79",0,"7,549,474.79","6,897,540.00",1.09,New Zealand,New Zealand Exchange Ltd,USD,1.7,--,IEFA
6472,NTN CORP,Industrials,Equity,"7,552,354.28",0,"7,552,354.28","3,359,200.00",2.25,Japan,Tokyo Stock Exchange,USD,158.75,--,IEFA
NEC,NINE ENTERTAINMENT CO HOLDINGS LTD,Communication,Equity,"7,522,476.75",0,"7,522,476.75","10,717,672.00",0.7,Australia,Asx - All Markets,USD,1.4,--,IEFA
3549,KUSURI NO AOKI HOLDINGS LTD,Consumer Staples,Equity,"7,534,711.64",0,"7,534,711.64","319,300.00",23.6,Japan,Tokyo Stock Exchange,USD,158.75,--,IEFA
MOVE,MEDACTA GROUP SA,Health Care,Equity,"7,538,324.39",0,"7,538,324.39","36,734.00",205.21,Switzerland,SIX Swiss Exchange,USD,0.78,--,IEFA
MP1,MEGAPORT LTD,Information Technology,Equity,"7,538,770.06",0,"7,538,770.06","1,228,246.00",6.14,Australia,Asx - All Markets,USD,1.4,--,IEFA
8628,MATSUI SECURITIES LTD,Financials,Equity,"7,506,047.43",0,"7,506,047.43","1,222,100.00",6.14,Japan,Tokyo Stock Exchange,USD,158.75,--,IEFA
XIOR,XIOR STUDENT HOUSING NV,Real Estate,Equity,"7,507,258.59",0,"7,507,258.59","229,406.00",32.72,Belgium,Nyse Euronext - Euronext Brussels,USD,0.85,--,IEFA
MFEA,MFE-MEDIAFOREUROPE NV,Communication,Equity,"7,510,745.38",0,"7,510,745.38","2,070,230.00",3.63,Italy,Borsa Italiana,USD,0.85,--,IEFA
VOS,VOSSLOH AG,Industrials,Equity,"7,502,196.37",0,"7,502,196.37","83,528.00",89.82,Germany,Xetra,USD,0.85,--,IEFA
7220,MUSASHI SEIMITSU INDUSTRY LTD,Consumer Discretionary,Equity,"7,471,605.40",0,"7,471,605.40","353,000.00",21.17,Japan,Tokyo Stock Exchange,USD,158.75,--,IEFA
2782,SERIA LTD,Consumer Discretionary,Equity,"7,482,629.37",0,"7,482,629.37","334,600.00",22.36,Japan,Tokyo Stock Exchange,USD,158.75,--,IEFA
6315,TOWA CORP,Information Technology,Equity,"7,455,063.15",0,"7,455,063.15","451,700.00",16.5,Japan,Tokyo Stock Exchange,USD,158.75,--,IEFA
SIX3,SIXT PREF,Industrials,Equity,"7,460,770.11",0,"7,460,770.11","99,654.00",74.87,Germany,Xetra,USD,0.85,--,IEFA
GNC,GRAINCORP CLASS A LTD,Consumer Staples,Equity,"7,430,758.20",0,"7,430,758.20","1,646,866.00",4.51,Australia,Asx - All Markets,USD,1.4,--,IEFA
7730,MANI INC,Health Care,Equity,"7,397,524.33",0,"7,397,524.33","630,000.00",11.74,Japan,Tokyo Stock Exchange,USD,158.75,--,IEFA
DNORD,DAMPSKIBSSELSKABET NORDEN,Industrials,Equity,"7,405,841.57",0,"7,405,841.57","163,477.00",45.3,Denmark,Omx Nordic Exchange Copenhagen A/S,USD,6.35,--,IEFA
JYEU,LENDLEASE GLOBAL COMMERCIAL REIT U,Real Estate,Equity,"7,412,334.28",0,"7,412,334.28","16,241,319.00",0.46,Singapore,Singapore Exchange,USD,1.27,--,IEFA
DOM,DOMETIC GROUPINARY SHARES,Consumer Discretionary,Equity,"7,389,832.14",0,"7,389,832.14","2,212,198.00",3.34,Sweden,Nasdaq Omx Nordic,USD,9.15,--,IEFA
NOFR,O.Y. NOFAR ENERGY LTD,Utilities,Equity,"7,373,252.56",0,"7,373,252.56","131,889.00",55.9,Israel,Tel Aviv Stock Exchange,USD,2.99,--,IEFA
WHA,WERELDHAVE NV,Real Estate,Equity,"7,350,262.97",0,"7,350,262.97","276,901.00",26.54,Netherlands,Euronext Amsterdam,USD,0.85,--,IEFA
NS8U,HUTCHISON PORT HOLDINGS UNITS TRUS,Industrials,Equity,"7,339,880.00",0,"7,339,880.00","36,699,400.00",0.2,Singapore,Singapore Exchange,USD,1,--,IEFA
FORN,FORBO HOLDING AG,Industrials,Equity,"7,310,757.67",0,"7,310,757.67","7,621.00",959.29,Switzerland,SIX Swiss Exchange,USD,0.78,--,IEFA
ODL,ODFJELL DRILLING LTD,Energy,Equity,"7,314,270.14",0,"7,314,270.14","698,816.00",10.47,Norway,Oslo Bors Asa,USD,9.33,--,IEFA
NAS,NORWEGIAN AIR SHUTTLE,Industrials,Equity,"7,293,962.46",0,"7,293,962.46","4,833,849.00",1.51,Norway,Oslo Bors Asa,USD,9.33,--,IEFA
429A,TEKSCEND PHOTOMASK CORP,Information Technology,Equity,"7,297,807.80",0,"7,297,807.80","307,700.00",23.72,Japan,Tokyo Stock Exchange,USD,158.75,--,IEFA
547A,MUNINOVA HOLDINGS INC,Financials,Equity,"7,269,638.73",0,"7,269,638.73","2,558,800.00",2.84,Japan,Tokyo Stock Exchange,USD,158.75,--,IEFA
VBK,VERBIO,Energy,Equity,"7,273,460.30",0,"7,273,460.30","169,936.00",42.8,Germany,Xetra,USD,0.85,--,IEFA
9616,KYORITSU MAINTENANCE LTD,Consumer Discretionary,Equity,"7,276,549.18",0,"7,276,549.18","457,200.00",15.92,Japan,Tokyo Stock Exchange,USD,158.75,--,IEFA
IF,BANCA IFIS,Financials,Equity,"7,250,865.52",0,"7,250,865.52","264,591.00",27.4,Italy,Borsa Italiana,USD,0.85,--,IEFA
6101,TSUGAMI CORP,Industrials,Equity,"7,236,186.97",0,"7,236,186.97","247,300.00",29.26,Japan,Tokyo Stock Exchange,USD,158.75,--,IEFA
3543,KOMEDA HOLDINGS LTD,Consumer Discretionary,Equity,"7,240,593.40",0,"7,240,593.40","368,400.00",19.65,Japan,Tokyo Stock Exchange,USD,158.75,--,IEFA
9793,DAISEKI LTD,Industrials,Equity,"7,228,160.89",0,"7,228,160.89","268,720.00",26.9,Japan,Tokyo Stock Exchange,USD,158.75,--,IEFA
ABB,AUSSIE BROADBAND LTD,Communication,Equity,"7,195,902.96",0,"7,195,902.96","1,846,937.00",3.9,Australia,Asx - All Markets,USD,1.4,--,IEFA
WWI,WILH. WILHELMSEN HOLDING A,Industrials,Equity,"7,199,242.59",0,"7,199,242.59","95,185.00",75.63,Norway,Oslo Bors Asa,USD,9.33,01-Jan-70,IEFA
6753,SHARP CORP,Consumer Discretionary,Equity,"7,179,072.39",0,"7,179,072.39","1,856,699.00",3.87,Japan,Tokyo Stock Exchange,USD,158.75,--,IEFA
7906,YONEX LTD,Consumer Discretionary,Equity,"7,190,097.33",0,"7,190,097.33","379,200.00",18.96,Japan,Tokyo Stock Exchange,USD,158.75,--,IEFA
8367,NANTO BANK LTD,Financials,Equity,"7,159,797.16",0,"7,159,797.16","739,000.00",9.69,Japan,Tokyo Stock Exchange,USD,158.75,--,IEFA
PMV,PREMIER INVESTMENTS LTD,Consumer Discretionary,Equity,"7,160,877.59",0,"7,160,877.59","773,274.00",9.26,Australia,Asx - All Markets,USD,1.4,--,IEFA
3350,METAPLANET KK INC,Consumer Discretionary,Equity,"7,155,897.19",0,"7,155,897.19","3,411,300.00",2.1,Japan,Tokyo Stock Exchange,USD,158.75,--,IEFA
3923,RAKUS LTD,Information Technology,Equity,"7,128,922.49",0,"7,128,922.49","1,290,400.00",5.52,Japan,Tokyo Stock Exchange,USD,158.75,--,IEFA
FFM,FIREFLY METALS LTD,Materials,Equity,"7,114,235.27",0,"7,114,235.27","4,752,779.00",1.5,Australia,Asx - All Markets,USD,1.4,--,IEFA
SLX,SILEX SYSTEMS LTD,Industrials,Equity,"7,068,127.05",0,"7,068,127.05","1,639,357.00",4.31,Australia,Asx - All Markets,USD,1.4,--,IEFA
1333,UMIOS CORP,Consumer Staples,Equity,"7,081,700.84",0,"7,081,700.84","811,100.00",8.73,Japan,Tokyo Stock Exchange,USD,158.75,--,IEFA
3167,TOKAI HOLDINGS CORP,Industrials,Equity,"7,084,773.69",0,"7,084,773.69","958,800.00",7.39,Japan,Tokyo Stock Exchange,USD,158.75,--,IEFA
6810,MAXELL LTD,Information Technology,Equity,"7,051,084.44",0,"7,051,084.44","507,400.00",13.9,Japan,Tokyo Stock Exchange,USD,158.75,--,IEFA
NEWA B,NEW WAVE GROUP CLASS B,Consumer Discretionary,Equity,"7,052,440.41",0,"7,052,440.41","633,774.00",11.13,Sweden,Nasdaq Omx Nordic,USD,9.15,--,IEFA
2726,PAL GROUP HOLDINGS LTD,Consumer Discretionary,Equity,"7,056,548.55",0,"7,056,548.55","706,300.00",9.99,Japan,Tokyo Stock Exchange,USD,158.75,--,IEFA
7313,TS TECH LTD,Consumer Discretionary,Equity,"7,063,252.39",0,"7,063,252.39","626,400.00",11.28,Japan,Tokyo Stock Exchange,USD,158.75,--,IEFA
RSGN,R&S GROUP HOLDING AG,Industrials,Equity,"7,037,859.00",0,"7,037,859.00","205,720.00",34.21,Switzerland,SIX Swiss Exchange,USD,0.78,--,IEFA
1820,NISHIMATSU CONSTRUCTION LTD,Industrials,Equity,"7,040,120.95",0,"7,040,120.95","199,000.00",35.38,Japan,Tokyo Stock Exchange,USD,158.75,--,IEFA
856,VSTECS HOLDINGS LTD,Information Technology,Equity,"7,018,905.51",0,"7,018,905.51","5,690,000.00",1.23,Hong Kong,Hong Kong Exchanges And Clearing Ltd,USD,7.83,--,IEFA
SLC,SUPERLOOP LTD,Communication,Equity,"7,030,253.72",0,"7,030,253.72","2,887,073.00",2.44,Australia,Asx - All Markets,USD,1.4,--,IEFA
ISCD,ISRACARD LTD,Financials,Equity,"6,997,508.54",0,"6,997,508.54","1,327,129.00",5.27,Israel,Tel Aviv Stock Exchange,USD,2.99,--,IEFA
8388,AWA BANK LTD,Financials,Equity,"6,978,758.39",0,"6,978,758.39","170,700.00",40.88,Japan,Tokyo Stock Exchange,USD,158.75,--,IEFA
9832,AUTOBACS SEVEN LTD,Consumer Discretionary,Equity,"6,979,797.79",0,"6,979,797.79","699,500.00",9.98,Japan,Tokyo Stock Exchange,USD,158.75,--,IEFA
4544,HU GROUP HOLDINGS INC,Health Care,Equity,"6,981,208.86",0,"6,981,208.86","349,600.00",19.97,Japan,Tokyo Stock Exchange,USD,158.75,--,IEFA
EVT,EVT LTD,Communication,Equity,"6,989,889.98",0,"6,989,889.98","722,940.00",9.67,Australia,Asx - All Markets,USD,1.4,--,IEFA
3296,NIPPON REIT INVESTMENT REIT CORP,Real Estate,Equity,"6,990,387.73",0,"6,990,387.73","12,181.00",573.88,Japan,Tokyo Stock Exchange,USD,158.75,--,IEFA
SZU,SUEDZUCKER AG,Consumer Staples,Equity,"6,962,208.75",0,"6,962,208.75","510,748.00",13.63,Germany,Xetra,USD,0.85,--,IEFA
KWS,KWS SAAT,Consumer Staples,Equity,"6,975,938.75",0,"6,975,938.75","80,958.00",86.17,Germany,Xetra,USD,0.85,--,IEFA
MGAM,MORGAN ADVANCED MATERIALS PLC,Industrials,Equity,"6,944,827.96",0,"6,944,827.96","2,345,008.00",2.96,United Kingdom,London Stock Exchange,USD,0.74,--,IEFA
MILDEF,MILDEF GROUP,Industrials,Equity,"6,947,321.43",0,"6,947,321.43","350,560.00",19.82,Sweden,Nasdaq Omx Nordic,USD,9.15,--,IEFA
S92,SMA SOLAR TECHNOLOGY AG,Industrials,Equity,"6,949,896.99",0,"6,949,896.99","124,452.00",55.84,Germany,Xetra,USD,0.85,--,IEFA
KNOS,KAINOS GROUP PLC,Information Technology,Equity,"6,954,834.49",0,"6,954,834.49","587,432.00",11.84,United Kingdom,London Stock Exchange,USD,0.74,--,IEFA
2142,HBM HOLDINGS LTD,Health Care,Equity,"6,931,553.24",0,"6,931,553.24","3,723,000.00",1.86,Hong Kong,Hong Kong Exchanges And Clearing Ltd,USD,7.83,--,IEFA
6996,NICHICON CORP,Information Technology,Equity,"6,936,709.82",0,"6,936,709.82","509,800.00",13.61,Japan,Tokyo Stock Exchange,USD,158.75,--,IEFA
8919,KATITAS LTD,Real Estate,Equity,"6,939,676.84",0,"6,939,676.84","351,400.00",19.75,Japan,Tokyo Stock Exchange,USD,158.75,--,IEFA
DMP,DERMAPHARM HOLDING SE,Health Care,Equity,"6,913,144.39",0,"6,913,144.39","128,648.00",53.74,Germany,Xetra,USD,0.85,--,IEFA
DOM,DOMINOS PIZZA GROUP PLC,Consumer Discretionary,Equity,"6,913,547.32",0,"6,913,547.32","2,761,986.00",2.5,United Kingdom,London Stock Exchange,USD,0.74,--,IEFA
JUP,JUPITER FUND MANAGEMENT PLC,Financials,Equity,"6,915,974.96",0,"6,915,974.96","3,347,010.00",2.07,United Kingdom,London Stock Exchange,USD,0.74,--,IEFA
CWC,CEWE STIFTUNG,Industrials,Equity,"6,890,139.70",0,"6,890,139.70","58,945.00",116.89,Germany,Xetra,USD,0.85,--,IEFA
8698,MONEX GROUP INC,Financials,Equity,"6,894,317.30",0,"6,894,317.30","1,554,600.00",4.43,Japan,Tokyo Stock Exchange,USD,158.75,--,IEFA
EVT,EVOTEC,Health Care,Equity,"6,880,291.07",0,"6,880,291.07","1,074,425.00",6.4,Germany,Xetra,USD,0.85,--,IEFA
MTG B,MODERN TIMES GROUP MTG CLASS B,Communication,Equity,"6,851,584.65",0,"6,851,584.65","621,216.00",11.03,Sweden,Nasdaq Omx Nordic,USD,9.15,--,IEFA
3863,NIPPON PAPER INDUSTRIES LTD,Materials,Equity,"6,852,591.89",0,"6,852,591.89","749,700.00",9.14,Japan,Tokyo Stock Exchange,USD,158.75,--,IEFA
6412,HEIWA CORP,Consumer Discretionary,Equity,"6,855,762.39",0,"6,855,762.39","569,800.00",12.03,Japan,Tokyo Stock Exchange,USD,158.75,--,IEFA
8958,GLOBAL ONE REAL ESTATE INVESTMENT,Real Estate,Equity,"6,860,350.88",0,"6,860,350.88","8,912.00",769.79,Japan,Tokyo Stock Exchange,USD,158.75,--,IEFA
6395,TADANO LTD,Industrials,Equity,"6,863,426.25",0,"6,863,426.25","786,100.00",8.73,Japan,Tokyo Stock Exchange,USD,158.75,--,IEFA
4046,OSAKA SODA LTD,Materials,Equity,"6,840,646.32",0,"6,840,646.32","558,600.00",12.25,Japan,Tokyo Stock Exchange,USD,158.75,--,IEFA
8336,MUSASHINO BANK LTD,Financials,Equity,"6,841,695.80",0,"6,841,695.80","455,000.00",15.04,Japan,Tokyo Stock Exchange,USD,158.75,--,IEFA
7740,TAMRON LTD,Consumer Discretionary,Equity,"6,842,040.38",0,"6,842,040.38","990,100.00",6.91,Japan,Tokyo Stock Exchange,USD,158.75,--,IEFA
3097,MONOGATARI CORP,Consumer Discretionary,Equity,"6,846,502.25",0,"6,846,502.25","242,600.00",28.22,Japan,Tokyo Stock Exchange,USD,158.75,--,IEFA
DVP,DEVELOP GLOBAL LTD,Materials,Equity,"6,846,998.19",0,"6,846,998.19","1,741,380.00",3.93,Australia,Asx - All Markets,USD,1.4,--,IEFA
7564,WORKMAN LTD,Consumer Discretionary,Equity,"6,848,719.64",0,"6,848,719.64","151,000.00",45.36,Japan,Tokyo Stock Exchange,USD,158.75,--,IEFA
JDO,JUDO CAPITAL HOLDINGS LTD,Financials,Equity,"6,825,598.07",0,"6,825,598.07","6,374,780.00",1.07,Australia,Asx - All Markets,USD,1.4,--,IEFA
RHIM,RHI MAGNESITA NV,Materials,Equity,"6,799,182.65",0,"6,799,182.65","184,848.00",36.78,United Kingdom,London Stock Exchange,USD,0.74,--,IEFA
ARF,ARENA REIT STAPLED UNITS,Real Estate,Equity,"6,800,243.54",0,"6,800,243.54","2,728,418.00",2.49,Australia,Asx - All Markets,USD,1.4,--,IEFA
EMBRAC B,EMBRACER GROUP CLASS B,Communication,Equity,"6,801,263.53",0,"6,801,263.53","987,311.00",6.89,Sweden,Nasdaq Omx Nordic,USD,9.15,--,IEFA
TMV,TEAMVIEWER,Information Technology,Equity,"6,809,545.48",0,"6,809,545.48","1,168,641.00",5.83,Germany,Xetra,USD,0.85,--,IEFA
1720,TOKYU CONSTRUCTION LTD,Industrials,Equity,"6,780,277.17",0,"6,780,277.17","763,900.00",8.88,Japan,Tokyo Stock Exchange,USD,158.75,--,IEFA
AMBEA,AMBEA,Health Care,Equity,"6,782,547.80",0,"6,782,547.80","458,604.00",14.79,Sweden,Nasdaq Omx Nordic,USD,9.15,--,IEFA
GEN,GENUIT GROUP PLC,Industrials,Equity,"6,782,712.25",0,"6,782,712.25","1,634,839.00",4.15,United Kingdom,London Stock Exchange,USD,0.74,--,IEFA
2337,ICHIGO INC,Real Estate,Equity,"6,787,292.83",0,"6,787,292.83","2,056,200.00",3.3,Japan,Tokyo Stock Exchange,USD,158.75,--,IEFA
7966,LINTEC CORP,Materials,Equity,"6,790,714.67",0,"6,790,714.67","220,900.00",30.74,Japan,Tokyo Stock Exchange,USD,158.75,--,IEFA
5384,FUJIMI INC,Materials,Equity,"6,759,479.04",0,"6,759,479.04","361,900.00",18.68,Japan,Tokyo Stock Exchange,USD,158.75,--,IEFA
9627,AIN HOLDINGS INC,Consumer Staples,Equity,"6,769,709.91",0,"6,769,709.91","177,600.00",38.12,Japan,Tokyo Stock Exchange,USD,158.75,--,IEFA
DYVOX,DYNAVOX GROUP,Information Technology,Equity,"6,771,766.84",0,"6,771,766.84","635,064.00",10.66,Sweden,Nasdaq Omx Nordic,USD,9.15,--,IEFA
IPX,IPERIONX LTD,Materials,Equity,"6,771,983.71",0,"6,771,983.71","2,153,858.00",3.14,Australia,Asx - All Markets,USD,1.4,--,IEFA
VIT B,VITEC SOFTWARE GROUP CLASS B,Information Technology,Equity,"6,776,050.50",0,"6,776,050.50","223,628.00",30.3,Sweden,Nasdaq Omx Nordic,USD,9.15,--,IEFA
RDC,REDCARE PHARMACY NV,Consumer Staples,Equity,"6,743,116.18",0,"6,743,116.18","115,212.00",58.53,Germany,Xetra,USD,0.85,--,IEFA
IRE,IRESS LTD,Information Technology,Equity,"6,746,311.29",0,"6,746,311.29","1,326,703.00",5.09,Australia,Asx - All Markets,USD,1.4,--,IEFA
2175,SMS LTD,Industrials,Equity,"6,727,770.95",0,"6,727,770.95","600,000.00",11.21,Japan,Tokyo Stock Exchange,USD,158.75,--,IEFA
VAHN,VAUDOISE ASSURANCES SA,Financials,Equity,"6,733,247.72",0,"6,733,247.72","6,340.00","1,062.03",Switzerland,SIX Swiss Exchange,USD,0.78,--,IEFA
9605,TOEI LTD,Communication,Equity,"6,710,176.70",0,"6,710,176.70","185,900.00",36.1,Japan,Tokyo Stock Exchange,USD,158.75,--,IEFA
CBG,CLOSE BROS GROUP PLC,Financials,Equity,"6,717,470.14",0,"6,717,470.14","1,037,044.00",6.48,United Kingdom,London Stock Exchange,USD,0.74,--,IEFA
3101,TOYOBO LTD,Materials,Equity,"6,693,809.57",0,"6,693,809.57","710,300.00",9.42,Japan,Tokyo Stock Exchange,USD,158.75,--,IEFA
3738,VOBILE GROUP LTD,Information Technology,Equity,"6,672,470.49",0,"6,672,470.49","14,719,000.00",0.45,Hong Kong,Hong Kong Exchanges And Clearing Ltd,USD,7.83,--,IEFA
NK,IMERYS SA,Materials,Equity,"6,678,288.18",0,"6,678,288.18","253,724.00",26.32,France,Nyse Euronext - Euronext Paris,USD,0.85,--,IEFA
CRE,CONDUIT HOLDINGS LTD,Financials,Equity,"6,684,681.75",0,"6,684,681.75","1,129,873.00",5.92,United Kingdom,London Stock Exchange,USD,0.74,--,IEFA
9404,NIPPON TELEVISION HOLDINGS INC,Communication,Equity,"6,664,693.06",0,"6,664,693.06","334,700.00",19.91,Japan,Tokyo Stock Exchange,USD,158.75,--,IEFA
VLX,VOLEX PLC,Industrials,Equity,"6,615,863.10",0,"6,615,863.10","858,299.00",7.71,United Kingdom,London Stock Exchange,USD,0.74,--,IEFA
2296,ITOHAM YONEKYU HOLDINGS INC,Consumer Staples,Equity,"6,620,308.04",0,"6,620,308.04","192,480.00",34.39,Japan,Tokyo Stock Exchange,USD,158.75,--,IEFA
3697,SHIFT INC,Information Technology,Equity,"6,627,176.42",0,"6,627,176.42","1,456,300.00",4.55,Japan,Tokyo Stock Exchange,USD,158.75,--,IEFA
KURN,KUROS BIOSCIENCES AG,Health Care,Equity,"6,596,476.79",0,"6,596,476.79","214,744.00",30.72,Switzerland,SIX Swiss Exchange,USD,0.78,--,IEFA
SMG,SMG AG,Communication,Equity,"6,567,846.41",0,"6,567,846.41","171,912.00",38.2,Switzerland,SIX Swiss Exchange,USD,0.78,--,IEFA
SQZ,SERICA ENERGY PLC,Energy,Equity,"6,571,002.60",0,"6,571,002.60","1,919,088.00",3.42,United Kingdom,London Stock Exchange,USD,0.74,--,IEFA
5451,YODOKO LTD,Materials,Equity,"6,491,936.75",0,"6,491,936.75","749,500.00",8.66,Japan,Tokyo Stock Exchange,USD,158.75,--,IEFA
590,LUK FOOK HOLDINGS (INTERNATIONAL),Consumer Discretionary,Equity,"6,495,721.52",0,"6,495,721.52","2,204,000.00",2.95,Hong Kong,Hong Kong Exchanges And Clearing Ltd,USD,7.83,--,IEFA
CHEMM,CHEMOMETEC,Health Care,Equity,"6,467,316.69",0,"6,467,316.69","119,008.00",54.34,Denmark,Omx Nordic Exchange Copenhagen A/S,USD,6.35,--,IEFA
VITR,VITROLIFE,Health Care,Equity,"6,481,797.70",0,"6,481,797.70","534,214.00",12.13,Sweden,Nasdaq Omx Nordic,USD,9.15,--,IEFA
NANO,NANOBIOTIX SA,Health Care,Equity,"6,483,545.00",0,"6,483,545.00","198,552.00",32.65,France,Nyse Euronext - Euronext Paris,USD,0.85,--,IEFA
PNR,PANTORO GOLD LTD,Materials,Equity,"6,456,174.63",0,"6,456,174.63","2,359,813.00",2.74,Australia,Asx - All Markets,USD,1.4,--,IEFA
HBH,HORNBACH HOLDING AG,Consumer Discretionary,Equity,"6,445,245.04",0,"6,445,245.04","66,047.00",97.59,Germany,Xetra,USD,0.85,--,IEFA
BSL,RAFFLES MEDICAL GROUP LTD,Health Care,Equity,"6,419,936.26",0,"6,419,936.26","7,998,800.00",0.8,Singapore,Singapore Exchange,USD,1.27,--,IEFA
8111,GOLDWIN INC,Consumer Discretionary,Equity,"6,420,774.83",0,"6,420,774.83","444,900.00",14.43,Japan,Tokyo Stock Exchange,USD,158.75,--,IEFA
BAG,A G BARR PLC,Consumer Staples,Equity,"6,428,449.70",0,"6,428,449.70","712,701.00",9.02,United Kingdom,London Stock Exchange,USD,0.74,--,IEFA
LDA,LINEA DIRECTA ASEGURADORA SA,Financials,Equity,"6,430,054.25",0,"6,430,054.25","4,328,361.00",1.49,Spain,Bolsa De Madrid,USD,0.85,--,IEFA
ATRLJ B,ATRIUM LJUNGBERG CLASS B,Real Estate,Equity,"6,430,382.04",0,"6,430,382.04","1,925,610.00",3.34,Sweden,Nasdaq Omx Nordic,USD,9.15,--,IEFA
4665,DUSKIN LTD,Industrials,Equity,"6,400,160.63",0,"6,400,160.63","246,900.00",25.92,Japan,Tokyo Stock Exchange,USD,158.75,--,IEFA
GXI,GERRESHEIMER AG,Health Care,Equity,"6,408,893.59",0,"6,408,893.59","256,570.00",24.98,Germany,Xetra,USD,0.85,--,IEFA
XVIVO,XVIVO PERFUSION,Health Care,Equity,"6,377,661.02",0,"6,377,661.02","196,052.00",32.53,Sweden,Nasdaq Omx Nordic,USD,9.15,--,IEFA
MOON,MOONPIG GROUP PLC,Consumer Discretionary,Equity,"6,378,724.99",0,"6,378,724.99","2,193,928.00",2.91,United Kingdom,London Stock Exchange,USD,0.74,--,IEFA
MMS,MCMILLAN SHAKESPEARE LTD,Industrials,Equity,"6,385,054.44",0,"6,385,054.44","568,208.00",11.24,Australia,Asx - All Markets,USD,1.4,--,IEFA
MRN,MERSEN SA,Industrials,Equity,"6,392,392.49",0,"6,392,392.49","199,941.00",31.97,France,Nyse Euronext - Euronext Paris,USD,0.85,--,IEFA
8360,YAMANASHI CHUO BANK LTD,Financials,Equity,"6,393,725.79",0,"6,393,725.79","180,600.00",35.4,Japan,Tokyo Stock Exchange,USD,158.75,--,IEFA
AOF,ATOSS SOFTWARE,Information Technology,Equity,"6,371,476.93",0,"6,371,476.93","66,658.00",95.58,Germany,Xetra,USD,0.85,--,IEFA
ONT,OXFORD NANOPORE TECHNOLOGIES PLC,Health Care,Equity,"6,350,082.10",0,"6,350,082.10","3,833,277.00",1.66,United Kingdom,London Stock Exchange,USD,0.74,--,IEFA
SFQ,SAF-HOLLAND,Consumer Discretionary,Equity,"6,357,644.71",0,"6,357,644.71","295,130.00",21.54,Germany,Xetra,USD,0.85,--,IEFA
8848,LEOPALACE21 CORP,Real Estate,Equity,"6,333,885.16",0,"6,333,885.16","1,474,300.00",4.3,Japan,Tokyo Stock Exchange,USD,158.75,--,IEFA
TESB,TESSENDERLO GROUP NV,Materials,Equity,"6,311,020.39",0,"6,311,020.39","253,488.00",24.9,Belgium,Nyse Euronext - Euronext Brussels,USD,0.85,--,IEFA
SHUR,SHURGARD SELF STORAGE LTD,Real Estate,Equity,"6,311,267.12",0,"6,311,267.12","191,824.00",32.9,Belgium,Nyse Euronext - Euronext Brussels,USD,0.85,--,IEFA
KCN,KINGSGATE CONSOLIDATED LTD,Materials,Equity,"6,315,932.86",0,"6,315,932.86","1,536,354.00",4.11,Australia,Asx - All Markets,USD,1.4,--,IEFA
2607,FUJI OIL LTD,Consumer Staples,Equity,"6,286,739.11",0,"6,286,739.11","283,600.00",22.17,Japan,Tokyo Stock Exchange,USD,158.75,--,IEFA
8600,TOMONY HOLDINGS INC,Financials,Equity,"6,301,599.42",0,"6,301,599.42","1,083,800.00",5.81,Japan,Tokyo Stock Exchange,USD,158.75,--,IEFA
EQTL,EQUITAL LTD,Energy,Equity,"6,275,877.75",0,"6,275,877.75","144,186.00",43.53,Israel,Tel Aviv Stock Exchange,USD,2.99,--,IEFA
MPCC,MPC CONTAINER SHIPS,Industrials,Equity,"6,280,070.03",0,"6,280,070.03","2,663,366.00",2.36,Norway,Oslo Bors Asa,USD,9.33,--,IEFA
INSTAL,INSTALCO,Industrials,Equity,"6,254,864.53",0,"6,254,864.53","1,516,208.00",4.13,Sweden,Nasdaq Omx Nordic,USD,9.15,--,IEFA
DMP,DOMINOS PIZZA ENTERPRISES LTD,Consumer Discretionary,Equity,"6,259,047.81",0,"6,259,047.81","481,236.00",13.01,Australia,Asx - All Markets,USD,1.4,--,IEFA
U10,UOB KAY HIAN HOLDINGS LTD,Financials,Equity,"6,262,078.14",0,"6,262,078.14","2,061,700.00",3.04,Singapore,Singapore Exchange,USD,1.27,--,IEFA
MPE,M. P. EVANS GROUP PLC,Consumer Staples,Equity,"6,225,179.98",0,"6,225,179.98","274,012.00",22.72,United Kingdom,London Stock Exchange,USD,0.74,--,IEFA
OERL,OC OERLIKON CORPORATION,Industrials,Equity,"6,203,264.72",0,"6,203,264.72","1,472,708.00",4.21,Switzerland,SIX Swiss Exchange,USD,0.78,--,IEFA
4368,FUSO CHEMICAL LTD,Materials,Equity,"6,211,669.66",0,"6,211,669.66","324,900.00",19.12,Japan,Tokyo Stock Exchange,USD,158.75,--,IEFA
5232,SUMITOMO OSAKA CEMENT LTD,Materials,Equity,"6,177,003.37",0,"6,177,003.37","240,100.00",25.73,Japan,Tokyo Stock Exchange,USD,158.75,--,IEFA
DANE,DANEL ADIR YEHOSHUA LTD,Industrials,Equity,"6,177,043.76",0,"6,177,043.76","38,481.00",160.52,Israel,Tel Aviv Stock Exchange,USD,2.99,--,IEFA
NORBT,NORBIT,Information Technology,Equity,"6,163,557.34",0,"6,163,557.34","253,004.00",24.36,Norway,Oslo Bors Asa,USD,9.33,--,IEFA
KRNT,KORNIT DIGITAL LTD,Industrials,Equity,"6,147,951.12",0,"6,147,951.12","389,604.00",15.78,Israel,NASDAQ,USD,1,--,IEFA
RET,RETAIL ESTATES NV,Real Estate,Equity,"6,149,273.63",0,"6,149,273.63","73,266.00",83.93,Belgium,Nyse Euronext - Euronext Brussels,USD,0.85,--,IEFA
ONE,ONE SOFTWARE TECHNOLOGIES LTD,Information Technology,Equity,"6,127,049.18",0,"6,127,049.18","284,375.00",21.55,Israel,Tel Aviv Stock Exchange,USD,2.99,--,IEFA
778,FORTUNE REAL ESTATE INVESTMENT TRU,Real Estate,Equity,"6,132,212.16",0,"6,132,212.16","9,963,000.00",0.62,Hong Kong,Hong Kong Exchanges And Clearing Ltd,USD,7.83,--,IEFA
KSB3,KSB PREF,Industrials,Equity,"6,133,153.97",0,"6,133,153.97","4,906.00","1,250.13",Germany,Xetra,USD,0.85,--,IEFA
2317,SYSTENA CORP,Information Technology,Equity,"6,109,966.30",0,"6,109,966.30","2,209,400.00",2.77,Japan,Tokyo Stock Exchange,USD,158.75,--,IEFA
7242,KYB CORP,Consumer Discretionary,Equity,"6,114,003.59",0,"6,114,003.59","208,500.00",29.32,Japan,Tokyo Stock Exchange,USD,158.75,--,IEFA
RATO B,RATOS B,Financials,Equity,"6,118,285.27",0,"6,118,285.27","1,568,728.00",3.9,Sweden,Nasdaq Omx Nordic,USD,9.15,--,IEFA
3498,KASUMIGASEKI CAPITAL LTD,Real Estate,Equity,"6,086,112.95",0,"6,086,112.95","144,200.00",42.21,Japan,Tokyo Stock Exchange,USD,158.75,--,IEFA
7780,MENICON LTD,Health Care,Equity,"6,091,968.88",0,"6,091,968.88","566,200.00",10.76,Japan,Tokyo Stock Exchange,USD,158.75,--,IEFA
4587,PEPTIDREAM INC,Health Care,Equity,"6,094,221.55",0,"6,094,221.55","811,600.00",7.51,Japan,Tokyo Stock Exchange,USD,158.75,--,IEFA
6490,PILLAR CORP,Materials,Equity,"6,096,255.00",0,"6,096,255.00","110,600.00",55.12,Japan,Tokyo Stock Exchange,USD,158.75,--,IEFA
BYIT,BYTES TECHNOLOGY GROUP PLC,Information Technology,Equity,"6,101,831.61",0,"6,101,831.61","1,440,673.00",4.24,United Kingdom,London Stock Exchange,USD,0.74,--,IEFA
7458,DAIICHIKOSHO LTD,Communication,Equity,"6,070,036.22",0,"6,070,036.22","559,900.00",10.84,Japan,Tokyo Stock Exchange,USD,158.75,--,IEFA
2356,DAH SING BANKING LTD,Financials,Equity,"6,076,144.58",0,"6,076,144.58","3,782,400.00",1.61,Hong Kong,Hong Kong Exchanges And Clearing Ltd,USD,7.83,--,IEFA
1999,MAN WAH HOLDINGS LTD,Consumer Discretionary,Equity,"6,084,391.75",0,"6,084,391.75","11,290,800.00",0.54,Hong Kong,Hong Kong Exchanges And Clearing Ltd,USD,7.83,--,IEFA
8051,YAMAZEN CORP,Industrials,Equity,"6,054,602.03",0,"6,054,602.03","611,800.00",9.9,Japan,Tokyo Stock Exchange,USD,158.75,--,IEFA
DNO,DNO,Energy,Equity,"6,054,672.83",0,"6,054,672.83","3,103,610.00",1.95,Norway,Oslo Bors Asa,USD,9.33,--,IEFA
MATAS,MATAS,Consumer Discretionary,Equity,"6,033,423.99",0,"6,033,423.99","359,317.00",16.79,Denmark,Omx Nordic Exchange Copenhagen A/S,USD,6.35,--,IEFA
3468,STAR ASIA INVESTMENT REIT CORP,Real Estate,Equity,"6,036,271.38",0,"6,036,271.38","16,723.00",360.96,Japan,Tokyo Stock Exchange,USD,158.75,--,IEFA
3287,HOSHINO RESORTS REIT INC,Real Estate,Equity,"6,020,849.79",0,"6,020,849.79","3,686.00","1,633.44",Japan,Tokyo Stock Exchange,USD,158.75,--,IEFA
8975,ICHIGO OFFICE REIT INVESTMENT REIT,Real Estate,Equity,"6,024,070.05",0,"6,024,070.05","10,195.00",590.88,Japan,Tokyo Stock Exchange,USD,158.75,--,IEFA
AQ,AQ GROUP,Industrials,Equity,"5,997,437.57",0,"5,997,437.57","237,930.00",25.21,Sweden,Nasdaq Omx Nordic,USD,9.15,--,IEFA
5423,TOKYO STEEL MANUFACTURING LTD,Materials,Equity,"6,004,535.58",0,"6,004,535.58","535,500.00",11.21,Japan,Tokyo Stock Exchange,USD,158.75,--,IEFA
NCK,NICK SCALI LTD,Consumer Discretionary,Equity,"6,009,793.20",0,"6,009,793.20","532,776.00",11.28,Australia,Asx - All Markets,USD,1.4,--,IEFA
7157,LIFENET INSURANCE,Financials,Equity,"5,990,185.52",0,"5,990,185.52","435,200.00",13.76,Japan,Tokyo Stock Exchange,USD,158.75,--,IEFA
FOX,FOX WIZEL LTD,Consumer Discretionary,Equity,"5,990,797.76",0,"5,990,797.76","59,589.00",100.54,Israel,Tel Aviv Stock Exchange,USD,2.99,--,IEFA
ASHG,ASHTROM GROUP LTD,Industrials,Equity,"5,991,698.57",0,"5,991,698.57","246,717.00",24.29,Israel,Tel Aviv Stock Exchange,USD,2.99,--,IEFA
DFDS,DFDS,Industrials,Equity,"5,993,375.44",0,"5,993,375.44","250,322.00",23.94,Denmark,Omx Nordic Exchange Copenhagen A/S,USD,6.35,--,IEFA
1979,TAIKISHA LTD,Industrials,Equity,"5,966,713.91",0,"5,966,713.91","271,400.00",21.98,Japan,Tokyo Stock Exchange,USD,158.75,--,IEFA
8098,INABATA LTD,Industrials,Equity,"5,966,802.10",0,"5,966,802.10","236,800.00",25.2,Japan,Tokyo Stock Exchange,USD,158.75,--,IEFA
8130,SANGETSU CORP,Consumer Discretionary,Equity,"5,971,463.67",0,"5,971,463.67","310,800.00",19.21,Japan,Tokyo Stock Exchange,USD,158.75,--,IEFA
9682,DTS CORP,Information Technology,Equity,"5,975,069.45",0,"5,975,069.45","873,400.00",6.84,Japan,Tokyo Stock Exchange,USD,158.75,--,IEFA
6278,UNION TOOL,Industrials,Equity,"5,945,780.97",0,"5,945,780.97","57,100.00",104.13,Japan,Tokyo Stock Exchange,USD,158.75,--,IEFA
7184,THE FIRST BANK OF TOYAMA LTD,Financials,Equity,"5,952,427.48",0,"5,952,427.48","354,300.00",16.8,Japan,Tokyo Stock Exchange,USD,158.75,--,IEFA
6055,JAPAN MATERIAL LTD,Information Technology,Equity,"5,957,126.21",0,"5,957,126.21","512,000.00",11.64,Japan,Tokyo Stock Exchange,USD,158.75,--,IEFA
TRPZ,TURPAZ INDUSTRIES LTD,Materials,Equity,"5,935,749.79",0,"5,935,749.79","250,628.00",23.68,Israel,Tel Aviv Stock Exchange,USD,2.99,--,IEFA
MAB,MITCHELLS AND BUTLERS PLC,Consumer Discretionary,Equity,"5,937,554.86",0,"5,937,554.86","1,614,231.00",3.68,United Kingdom,London Stock Exchange,USD,0.74,--,IEFA
WAC,WACKER NEUSON N,Industrials,Equity,"5,904,980.98",0,"5,904,980.98","249,569.00",23.66,Germany,Xetra,USD,0.85,--,IEFA
4569,KYORIN PHARMACEUTICAL LTD,Health Care,Equity,"5,908,336.01",0,"5,908,336.01","573,300.00",10.31,Japan,Tokyo Stock Exchange,USD,158.75,--,IEFA
417A,BLUE ZONES HOLDINGS LTD,Consumer Staples,Equity,"5,890,295.76",0,"5,890,295.76","495,000.00",11.9,Japan,Tokyo Stock Exchange,USD,158.75,--,IEFA
SRG,SRG LTD,Industrials,Equity,"5,874,657.67",0,"5,874,657.67","2,799,501.00",2.1,Australia,Asx - All Markets,USD,1.4,--,IEFA
4107,ISE CHEMICALS CORP,Materials,Equity,"5,876,594.54",0,"5,876,594.54","169,000.00",34.77,Japan,Tokyo Stock Exchange,USD,158.75,--,IEFA
EUZ,ECKERT & ZIEGLER,Health Care,Equity,"5,877,464.10",0,"5,877,464.10","323,169.00",18.19,Germany,Xetra,USD,0.85,--,IEFA
HFG,HELLOFRESH,Consumer Staples,Equity,"5,879,134.34",0,"5,879,134.34","1,111,344.00",5.29,Germany,Xetra,USD,0.85,--,IEFA
DIMRI,YH DIMRI CONSTRUCTION AND DEVELOPM,Real Estate,Equity,"5,884,046.84",0,"5,884,046.84","38,068.00",154.57,Israel,Tel Aviv Stock Exchange,USD,2.99,--,IEFA
467,UNITED ENERGY GROUP LTD,Energy,Equity,"5,853,337.68",0,"5,853,337.68","89,878,000.00",0.07,Hong Kong,Hong Kong Exchanges And Clearing Ltd,USD,7.83,--,IEFA
4617,CHUGOKU MARINE PAINTS LTD,Materials,Equity,"5,862,206.68",0,"5,862,206.68","280,300.00",20.91,Japan,Tokyo Stock Exchange,USD,158.75,--,IEFA
8977,HANKYU HANSHIN REIT INC,Real Estate,Equity,"5,844,575.89",0,"5,844,575.89","6,116.00",955.62,Japan,Tokyo Stock Exchange,USD,158.75,--,IEFA
3569,SEIREN LTD,Consumer Discretionary,Equity,"5,845,065.99",0,"5,845,065.99","285,500.00",20.47,Japan,Tokyo Stock Exchange,USD,158.75,--,IEFA
1980,DAI DAN LTD,Industrials,Equity,"5,812,411.73",0,"5,812,411.73","340,100.00",17.09,Japan,Tokyo Stock Exchange,USD,158.75,--,IEFA
RPI,RASPBERRY PI HOLDINGS PLC,Information Technology,Equity,"5,812,497.82",0,"5,812,497.82","706,365.00",8.23,United Kingdom,London Stock Exchange,USD,0.74,--,IEFA
VUL,VULCAN ENERGY RESOURCES LTD,Materials,Equity,"5,815,358.72",0,"5,815,358.72","2,300,210.00",2.53,Australia,Asx - All Markets,USD,1.4,--,IEFA
PSNY,POLESTAR AUTOMOTIVE HOLDING AMERIC,Consumer Discretionary,Equity,"5,817,700.63",0,"5,817,700.63","306,679.00",18.97,Sweden,NASDAQ,USD,1,--,IEFA
WEB,WEB TRAVEL GROUP LTD,Consumer Discretionary,Equity,"5,824,171.17",0,"5,824,171.17","2,823,627.00",2.06,Australia,Asx - All Markets,USD,1.4,--,IEFA
4927,POLA ORBIS HOLDINGS INC,Consumer Staples,Equity,"5,794,465.97",0,"5,794,465.97","699,500.00",8.28,Japan,Tokyo Stock Exchange,USD,158.75,--,IEFA
NP3,NP3 FASTIGHETER,Real Estate,Equity,"5,795,221.05",0,"5,795,221.05","198,937.00",29.13,Sweden,Nasdaq Omx Nordic,USD,9.15,--,IEFA
4041,NIPPON SODA LTD,Materials,Equity,"5,797,845.60",0,"5,797,845.60","254,600.00",22.77,Japan,Tokyo Stock Exchange,USD,158.75,--,IEFA
UPR,UNIPHAR PLC,Health Care,Equity,"5,800,107.04",0,"5,800,107.04","1,209,140.00",4.8,Ireland,Irish Stock Exchange - All Market,USD,0.85,--,IEFA
2659,SAN-A LTD,Consumer Staples,Equity,"5,808,198.68",0,"5,808,198.68","277,300.00",20.95,Japan,Tokyo Stock Exchange,USD,158.75,--,IEFA
BAR,BARCO NV,Information Technology,Equity,"5,811,522.48",0,"5,811,522.48","506,873.00",11.47,Belgium,Nyse Euronext - Euronext Brussels,USD,0.85,--,IEFA
1926,RAITO KOGYO LTD,Industrials,Equity,"5,778,352.07",0,"5,778,352.07","234,900.00",24.6,Japan,Tokyo Stock Exchange,USD,158.75,--,IEFA
2602,NISSHIN OILLIO GROUP LTD,Consumer Staples,Equity,"5,784,804.56",0,"5,784,804.56","491,600.00",11.77,Japan,Tokyo Stock Exchange,USD,158.75,--,IEFA
4023,KUREHA CORP,Materials,Equity,"5,768,005.29",0,"5,768,005.29","223,600.00",25.8,Japan,Tokyo Stock Exchange,USD,158.75,--,IEFA
JM,JM,Consumer Discretionary,Equity,"5,750,869.56",0,"5,750,869.56","444,725.00",12.93,Sweden,Nasdaq Omx Nordic,USD,9.15,--,IEFA
8572,ACOM LTD,Financials,Equity,"5,728,058.84",0,"5,728,058.84","1,883,000.00",3.04,Japan,Tokyo Stock Exchange,USD,158.75,--,IEFA
P40U,STARHILL GLOBAL REIT UNITS TRUST,Real Estate,Equity,"5,736,116.77",0,"5,736,116.77","13,017,400.00",0.44,Singapore,Singapore Exchange,USD,1.27,--,IEFA
CECV,CECONOMY V AG,Consumer Discretionary,Equity,"5,715,776.08",0,"5,715,776.08","1,113,671.00",5.13,Germany,Xetra,USD,0.85,--,IEFA
PLEJD,PLEJD,Industrials,Equity,"5,661,454.25",0,"5,661,454.25","49,945.00",113.35,Sweden,AKT,USD,9.15,--,IEFA
6371,TSUBAKIMOTO CHAIN,Industrials,Equity,"5,662,776.78",0,"5,662,776.78","378,500.00",14.96,Japan,Tokyo Stock Exchange,USD,158.75,--,IEFA
ANOD B,ADDNODE GROUP CLASS B,Information Technology,Equity,"5,638,110.24",0,"5,638,110.24","684,077.00",8.24,Sweden,Nasdaq Omx Nordic,USD,9.15,--,IEFA
MIPS,MIPS,Consumer Discretionary,Equity,"5,642,678.82",0,"5,642,678.82","188,812.00",29.89,Sweden,Nasdaq Omx Nordic,USD,9.15,--,IEFA
REG,REGIS HEALTHCARE LTD,Health Care,Equity,"5,643,457.81",0,"5,643,457.81","1,377,574.00",4.1,Australia,Asx - All Markets,USD,1.4,--,IEFA
2270,MEGMILK SNOW BRAND LTD,Consumer Staples,Equity,"5,618,016.32",0,"5,618,016.32","271,900.00",20.66,Japan,Tokyo Stock Exchange,USD,158.75,--,IEFA
J85,CDL HOSPITALITY REIT UNITS,Real Estate,Equity,"5,597,095.97",0,"5,597,095.97","8,518,646.00",0.66,Singapore,Singapore Exchange,USD,1.27,--,IEFA
HEIJM,KONINKLIJKE HEIJMANS DUTCH CERTIFI,Industrials,Equity,"5,598,402.03",0,"5,598,402.03","53,648.00",104.35,Netherlands,Euronext Amsterdam,USD,0.85,--,IEFA
IEL,IDP EDUCATION PTY LTDINARY,Consumer Discretionary,Equity,"5,602,888.61",0,"5,602,888.61","2,097,340.00",2.67,Australia,Asx - All Markets,USD,1.4,--,IEFA
THRL,TARGET HEALTHCARE REIT PLC,Real Estate,Equity,"5,591,937.02",0,"5,591,937.02","3,960,853.00",1.41,United Kingdom,London Stock Exchange,USD,0.74,--,IEFA
4530,HISAMITSU PHARMACEUTICAL INC,Health Care,Equity,"5,592,092.35",0,"5,592,092.35","146,900.00",38.07,Japan,Tokyo Stock Exchange,USD,158.75,--,IEFA
880,SJM HLDGS LTD,Consumer Discretionary,Equity,"5,562,510.77",0,"5,562,510.77","20,743,000.00",0.27,Hong Kong,Hong Kong Exchanges And Clearing Ltd,USD,7.83,--,IEFA
1883,CITIC TELECOM INTL HOLDINGS LTD,Communication,Equity,"5,574,620.26",0,"5,574,620.26","15,647,000.00",0.36,Hong Kong,Hong Kong Exchanges And Clearing Ltd,USD,7.83,--,IEFA
ALK,ALKANE RESOURCES LTD,Materials,Equity,"5,531,390.34",0,"5,531,390.34","4,375,778.00",1.26,Australia,Asx - All Markets,USD,1.4,--,IEFA
SNI,STOLT-NIELSEN LTD,Industrials,Equity,"5,536,962.74",0,"5,536,962.74","170,575.00",32.46,Norway,Oslo Bors Asa,USD,9.33,01-Jan-70,IEFA
4373,SIMPLEX HOLDINGS INC,Information Technology,Equity,"5,519,176.04",0,"5,519,176.04","924,200.00",5.97,Japan,Tokyo Stock Exchange,USD,158.75,--,IEFA
8595,JAFCO GROUP LTD,Financials,Equity,"5,466,679.27",0,"5,466,679.27","376,000.00",14.54,Japan,Tokyo Stock Exchange,USD,158.75,--,IEFA
6254,NOMURA MICRO SCIENCE LTD,Industrials,Equity,"5,469,154.93",0,"5,469,154.93","225,800.00",24.22,Japan,Tokyo Stock Exchange,USD,158.75,--,IEFA
DSCV,DISCOVERIE GROUP,Industrials,Equity,"5,451,091.74",0,"5,451,091.74","630,826.00",8.64,United Kingdom,London Stock Exchange,USD,0.74,--,IEFA
8346,TOHO BANK LTD,Financials,Equity,"5,456,423.82",0,"5,456,423.82","1,237,400.00",4.41,Japan,Tokyo Stock Exchange,USD,158.75,--,IEFA
4592,SANBIO LTD,Health Care,Equity,"5,458,264.51",0,"5,458,264.51","397,100.00",13.75,Japan,Tokyo Stock Exchange,USD,158.75,--,IEFA
3865,HOKUETSU CORP,Materials,Equity,"5,429,789.91",0,"5,429,789.91","962,000.00",5.64,Japan,Tokyo Stock Exchange,USD,158.75,--,IEFA
ICAD,ICADE REIT SA,Real Estate,Equity,"5,381,597.91",0,"5,381,597.91","219,583.00",24.51,France,Nyse Euronext - Euronext Paris,USD,0.85,--,IEFA
3487,CRE LOGISTICS REIT INC,Real Estate,Equity,"5,382,685.44",0,"5,382,685.44","5,304.00","1,014.84",Japan,Tokyo Stock Exchange,USD,158.75,--,IEFA
BPT,BRIDGEPOINT GROUP PLC,Financials,Equity,"5,391,849.32",0,"5,391,849.32","1,442,536.00",3.74,United Kingdom,London Stock Exchange,USD,0.74,--,IEFA
IPO,IP GROUP PLC,Financials,Equity,"5,365,254.54",0,"5,365,254.54","6,388,894.00",0.84,United Kingdom,London Stock Exchange,USD,0.74,--,IEFA
A3M,ATRESMEDIA CORPORACION DE MEDIOS D,Communication,Equity,"5,372,979.91",0,"5,372,979.91","889,746.00",6.04,Spain,Bolsa De Madrid,USD,0.85,--,IEFA
CPI,CPI EUROPE AGE AG,Real Estate,Equity,"5,341,457.05",0,"5,341,457.05","295,803.00",18.06,Austria,Wiener Boerse Ag,USD,0.85,--,IEFA
9716,NOMURA LTD,Industrials,Equity,"5,351,296.10",0,"5,351,296.10","708,500.00",7.55,Japan,Tokyo Stock Exchange,USD,158.75,--,IEFA
JDW,WETHERSPOON(J.D.) PLC,Consumer Discretionary,Equity,"5,355,003.23",0,"5,355,003.23","641,283.00",8.35,United Kingdom,London Stock Exchange,USD,0.74,--,IEFA
SLARL,SELLA CAPITAL REAL ESTATE LTD,Real Estate,Equity,"5,355,578.24",0,"5,355,578.24","1,507,328.00",3.55,Israel,Tel Aviv Stock Exchange,USD,2.99,--,IEFA
440,DAH SING FINANCIAL HOLDINGS LTD,Financials,Equity,"5,322,596.59",0,"5,322,596.59","1,006,800.00",5.29,Hong Kong,Hong Kong Exchanges And Clearing Ltd,USD,7.83,--,IEFA
FNAC,FNAC DARTY SA,Consumer Discretionary,Equity,"5,328,396.55",0,"5,328,396.55","128,412.00",41.49,France,Nyse Euronext - Euronext Paris,USD,0.85,--,IEFA
AOV,AMOTIV LTD,Consumer Discretionary,Equity,"5,330,551.69",0,"5,330,551.69","1,084,960.00",4.91,Australia,Asx - All Markets,USD,1.4,--,IEFA
HOFI,HOIST FINANCE,Financials,Equity,"5,312,426.31",0,"5,312,426.31","287,064.00",18.51,Sweden,Nasdaq Omx Nordic,USD,9.15,--,IEFA
HLAN,HILAN LTD,Industrials,Equity,"5,312,909.17",0,"5,312,909.17","73,965.00",71.83,Israel,Tel Aviv Stock Exchange,USD,2.99,--,IEFA
1377,SAKATA SEED CORP,Consumer Staples,Equity,"5,316,702.89",0,"5,316,702.89","200,000.00",26.58,Japan,Tokyo Stock Exchange,USD,158.75,--,IEFA
1828,FWD GROUP HOLDINGS LTD,Financials,Equity,"5,296,704.02",0,"5,296,704.02","1,330,300.00",3.98,Hong Kong,Hong Kong Exchanges And Clearing Ltd,USD,7.83,--,IEFA
SDIP B,SDIPTECH CLASS B,Industrials,Equity,"5,302,609.02",0,"5,302,609.02","201,454.00",26.32,Sweden,Nasdaq Omx Nordic,USD,9.15,--,IEFA
5331,NORITAKE LTD,Industrials,Equity,"5,273,665.31",0,"5,273,665.31","256,800.00",20.54,Japan,Tokyo Stock Exchange,USD,158.75,--,IEFA
POLR,POLAR CAPITAL HOLDINGS PLC,Financials,Equity,"5,259,799.57",0,"5,259,799.57","557,238.00",9.44,United Kingdom,London Stock Exchange,USD,0.74,--,IEFA
GEST,GESTAMP AUTOMOCION SA,Consumer Discretionary,Equity,"5,262,990.96",0,"5,262,990.96","1,388,497.00",3.79,Spain,Bolsa De Madrid,USD,0.85,--,IEFA
VCT,VICTREX PLC,Materials,Equity,"5,264,501.74",0,"5,264,501.74","608,281.00",8.65,United Kingdom,London Stock Exchange,USD,0.74,--,IEFA
SYNSAM,SYNSAM,Consumer Discretionary,Equity,"5,244,493.66",0,"5,244,493.66","760,356.00",6.9,Sweden,Nasdaq Omx Nordic,USD,9.15,--,IEFA
4099,SHIKOKU KASEI HOLDINGS CORP,Materials,Equity,"5,213,209.86",0,"5,213,209.86","177,400.00",29.39,Japan,Tokyo Stock Exchange,USD,158.75,--,IEFA
2001,NIPPN CORP,Consumer Staples,Equity,"5,219,523.13",0,"5,219,523.13","309,400.00",16.87,Japan,Tokyo Stock Exchange,USD,158.75,--,IEFA
4634,ARTIENCE LTD,Materials,Equity,"5,225,991.37",0,"5,225,991.37","207,400.00",25.2,Japan,Tokyo Stock Exchange,USD,158.75,--,IEFA
AERO,MONTANA N AG,Industrials,Equity,"5,200,957.69",0,"5,200,957.69","159,135.00",32.68,Switzerland,SIX Swiss Exchange,USD,0.78,--,IEFA
1686,SUNEVISION HOLDINGS LTD,Information Technology,Equity,"5,177,796.08",0,"5,177,796.08","6,306,000.00",0.82,Hong Kong,Hong Kong Exchanges And Clearing Ltd,USD,7.83,--,IEFA
7575,JAPAN LIFELINE LTD,Health Care,Equity,"5,161,462.72",0,"5,161,462.72","576,200.00",8.96,Japan,Tokyo Stock Exchange,USD,158.75,--,IEFA
9418,U-NEXT HOLDINGS LTD,Communication,Equity,"5,167,932.85",0,"5,167,932.85","495,700.00",10.43,Japan,Tokyo Stock Exchange,USD,158.75,--,IEFA
8153,MOS FOOD SERVICES INC,Consumer Discretionary,Equity,"5,142,445.43",0,"5,142,445.43","197,900.00",25.99,Japan,Tokyo Stock Exchange,USD,158.75,--,IEFA
6995,TOKAI RIKA LTD,Consumer Discretionary,Equity,"5,144,845.51",0,"5,144,845.51","269,100.00",19.12,Japan,Tokyo Stock Exchange,USD,158.75,--,IEFA
4521,KAKEN PHARMACEUTICAL LTD,Health Care,Equity,"5,129,849.76",0,"5,129,849.76","196,700.00",26.08,Japan,Tokyo Stock Exchange,USD,158.75,--,IEFA
3778,SAKURA INTERNET INC,Information Technology,Equity,"5,085,637.34",0,"5,085,637.34","217,900.00",23.34,Japan,Tokyo Stock Exchange,USD,158.75,--,IEFA
9436,OKINAWA CELLULAR TELEPHONE,Communication,Equity,"5,086,698.79",0,"5,086,698.79","236,800.00",21.48,Japan,Tokyo Stock Exchange,USD,158.75,--,IEFA
MAH,MACMAHON HOLDINGS LTD,Materials,Equity,"5,089,974.18",0,"5,089,974.18","8,312,184.00",0.61,Australia,Asx - All Markets,USD,1.4,--,IEFA
ENO,ELECNOR SA,Industrials,Equity,"5,070,676.63",0,"5,070,676.63","118,830.00",42.67,Spain,Bolsa De Madrid,USD,0.85,--,IEFA
SIQ,SMARTGROUP CORPORATION LTD,Industrials,Equity,"5,083,367.58",0,"5,083,367.58","806,556.00",6.3,Australia,Asx - All Markets,USD,1.4,--,IEFA
TIP,TAMBURI INVESTMENT PARTNERS,Financials,Equity,"5,061,498.83",0,"5,061,498.83","510,664.00",9.91,Italy,Borsa Italiana,USD,0.85,--,IEFA
JSG,JOHNSON SERVICE GROUP PLC,Industrials,Equity,"5,034,133.20",0,"5,034,133.20","2,767,766.00",1.82,United Kingdom,London Stock Exchange,USD,0.74,--,IEFA
8803,HEIWA REAL ESTATE LTD,Real Estate,Equity,"5,035,497.18",0,"5,035,497.18","320,000.00",15.74,Japan,Tokyo Stock Exchange,USD,158.75,--,IEFA
VASTB,VASTNED BELGIUM NV,Real Estate,Equity,"5,014,951.64",0,"5,014,951.64","141,772.00",35.37,Belgium,Nyse Euronext - Euronext Brussels,USD,0.85,--,IEFA
3002,GUNZE LTD,Consumer Discretionary,Equity,"5,027,392.99",0,"5,027,392.99","202,300.00",24.85,Japan,Tokyo Stock Exchange,USD,158.75,--,IEFA
1723,NIHON DENGI LTD,Industrials,Equity,"4,998,431.45",0,"4,998,431.45","316,000.00",15.82,Japan,Tokyo Stock Exchange,USD,158.75,--,IEFA
MISH,MIVTACH SHAMIR HOLDINGS LTD,Financials,Equity,"4,963,457.85",0,"4,963,457.85","36,229.00",137,Israel,Tel Aviv Stock Exchange,USD,2.99,--,IEFA
6727,WACOM LTD,Information Technology,Equity,"4,943,689.57",0,"4,943,689.57","993,400.00",4.98,Japan,Tokyo Stock Exchange,USD,158.75,--,IEFA
EGL,MOTA-ENGIL SGPS,Industrials,Equity,"4,944,115.32",0,"4,944,115.32","860,318.00",5.75,Portugal,Nyse Euronext - Euronext Lisbon,USD,0.85,--,IEFA
ARJO B,ARJO CLASS B,Health Care,Equity,"4,946,158.53",0,"4,946,158.53","1,682,126.00",2.94,Sweden,Nasdaq Omx Nordic,USD,9.15,--,IEFA
167A,RYOYO RYOSAN HOLDINGS INC,Information Technology,Equity,"4,922,774.99",0,"4,922,774.99","281,204.00",17.51,Japan,Tokyo Stock Exchange,USD,158.75,--,IEFA
4547,KISSEI PHARMACEUTICAL LTD,Health Care,Equity,"4,925,194.49",0,"4,925,194.49","164,600.00",29.92,Japan,Tokyo Stock Exchange,USD,158.75,--,IEFA
SENS,SENSIRION HOLDING AG,Information Technology,Equity,"4,932,611.02",0,"4,932,611.02","55,029.00",89.64,Switzerland,SIX Swiss Exchange,USD,0.78,--,IEFA
7846,PILOT CORP,Industrials,Equity,"4,903,586.25",0,"4,903,586.25","161,800.00",30.31,Japan,Tokyo Stock Exchange,USD,158.75,--,IEFA
1950,NIPPON DENSETSU KOGYO LTD,Industrials,Equity,"4,873,249.55",0,"4,873,249.55","156,600.00",31.12,Japan,Tokyo Stock Exchange,USD,158.75,--,IEFA
ITP,INTERPARFUMS SA,Consumer Staples,Equity,"4,879,318.58",0,"4,879,318.58","169,323.00",28.82,France,Nyse Euronext - Euronext Paris,USD,0.85,--,IEFA
NTML,NETO MALINDA TRADING LTD,Consumer Staples,Equity,"4,848,726.26",0,"4,848,726.26","87,676.00",55.3,Israel,Tel Aviv Stock Exchange,USD,2.99,--,IEFA
CNI,CENTURIA CAPITAL STAPLED UNITS,Real Estate,Equity,"4,831,080.93",0,"4,831,080.93","4,269,263.00",1.13,Australia,Asx - All Markets,USD,1.4,--,IEFA
GBG,GB GROUP PLC,Information Technology,Equity,"4,831,678.00",0,"4,831,678.00","1,644,240.00",2.94,United Kingdom,London Stock Exchange,USD,0.74,01-Jun-93,IEFA
PFSE,PFISTERER,Industrials,Equity,"4,833,134.52",0,"4,833,134.52","42,003.00",115.07,Germany,Xetra,USD,0.85,--,IEFA
4443,SANSAN INC,Information Technology,Equity,"4,812,334.25",0,"4,812,334.25","570,100.00",8.44,Japan,Tokyo Stock Exchange,USD,158.75,--,IEFA
VH2,FRIEDRICH VORWERK GROUP,Energy,Equity,"4,812,928.45",0,"4,812,928.45","49,740.00",96.76,Germany,Xetra,USD,0.85,--,IEFA
IPH,IPH LTD,Industrials,Equity,"4,825,234.95",0,"4,825,234.95","1,935,998.00",2.49,Australia,Asx - All Markets,USD,1.4,--,IEFA
7296,FCC LTD,Consumer Discretionary,Equity,"4,825,367.73",0,"4,825,367.73","219,800.00",21.95,Japan,Tokyo Stock Exchange,USD,158.75,--,IEFA
8283,PALTAC CORP,Consumer Discretionary,Equity,"4,787,033.29",0,"4,787,033.29","164,200.00",29.15,Japan,Tokyo Stock Exchange,USD,158.75,--,IEFA
KCO0,KLOECKNER & CO V,Industrials,Equity,"4,792,815.67",0,"4,792,815.67","350,995.00",13.65,Germany,Xetra,USD,0.85,--,IEFA
SGSN,SGS SA COUPON,Industrials,Equity,"4,778,039.30",0,"4,778,039.30","1,162,706.00",4.11,Switzerland,SIX Swiss Exchange,USD,0.78,--,IEFA
NAN,NANOSONICS LTD,Health Care,Equity,"4,763,333.61",0,"4,763,333.61","1,792,680.00",2.66,Australia,Asx - All Markets,USD,1.4,--,IEFA
CY6U,CAPITALAND INDIA UNITS TRUST,Real Estate,Equity,"4,770,376.76",0,"4,770,376.76","5,773,746.00",0.83,Singapore,Singapore Exchange,USD,1.27,--,IEFA
4478,FREEE KK,Information Technology,Equity,"4,745,295.28",0,"4,745,295.28","305,100.00",15.55,Japan,Tokyo Stock Exchange,USD,158.75,--,IEFA
MAU,MAUREL ET PROM SA,Energy,Equity,"4,752,930.39",0,"4,752,930.39","440,552.00",10.79,France,Nyse Euronext - Euronext Paris,USD,0.85,--,IEFA
9948,ARCS LTD,Consumer Staples,Equity,"4,754,871.02",0,"4,754,871.02","208,800.00",22.77,Japan,Tokyo Stock Exchange,USD,158.75,--,IEFA
SFER,SALVATORE FERRAGAMO,Consumer Discretionary,Equity,"4,724,706.65",0,"4,724,706.65","486,507.00",9.71,Italy,Borsa Italiana,USD,0.85,--,IEFA
PPGN,POLYPEPTIDE N AG,Health Care,Equity,"4,725,606.78",0,"4,725,606.78","103,950.00",45.46,Switzerland,SIX Swiss Exchange,USD,0.78,--,IEFA
HAS,HAYS PLC,Industrials,Equity,"4,702,942.39",0,"4,702,942.39","10,139,172.00",0.46,United Kingdom,London Stock Exchange,USD,0.74,--,IEFA
BOOZT,BOOZT,Consumer Discretionary,Equity,"4,704,860.42",0,"4,704,860.42","392,001.00",12,Sweden,Nasdaq Omx Nordic,USD,9.15,--,IEFA
200,MELCO INTERNATIONAL DEVELOPMENT LT,Consumer Discretionary,Equity,"4,706,403.36",0,"4,706,403.36","8,531,500.00",0.55,Hong Kong,Hong Kong Exchanges And Clearing Ltd,USD,7.83,--,IEFA
METSB,METSA BOARD CLASS B,Materials,Equity,"4,718,188.84",0,"4,718,188.84","1,375,479.00",3.43,Finland,Nasdaq Omx Helsinki Ltd.,USD,0.85,--,IEFA
7545,NISHIMATSUYA CHAIN LTD,Consumer Discretionary,Equity,"4,696,378.47",0,"4,696,378.47","356,200.00",13.18,Japan,Tokyo Stock Exchange,USD,158.75,--,IEFA
6454,MAX LTD,Industrials,Equity,"4,698,380.42",0,"4,698,380.42","428,400.00",10.97,Japan,Tokyo Stock Exchange,USD,158.75,--,IEFA
7287,NIPPON SEIKI LTD,Consumer Discretionary,Equity,"4,672,140.22",0,"4,672,140.22","281,900.00",16.57,Japan,Tokyo Stock Exchange,USD,158.75,--,IEFA
IDIN,IDI INSURANCE COMPANY LTD,Financials,Equity,"4,680,187.09",0,"4,680,187.09","62,229.00",75.21,Israel,Tel Aviv Stock Exchange,USD,2.99,--,IEFA
ALTR,ALTRI SGPS SA,Materials,Equity,"4,650,386.97",0,"4,650,386.97","813,707.00",5.72,Portugal,Nyse Euronext - Euronext Lisbon,USD,0.85,--,IEFA
7148,FINANCIAL PRODUCTS GROUP LTD,Financials,Equity,"4,662,936.16",0,"4,662,936.16","467,900.00",9.97,Japan,Tokyo Stock Exchange,USD,158.75,--,IEFA
DDR,DICKER DATA LTD,Information Technology,Equity,"4,636,009.30",0,"4,636,009.30","716,840.00",6.47,Australia,Asx - All Markets,USD,1.4,--,IEFA
1515,NITTETSU MINING LTD,Materials,Equity,"4,612,136.45",0,"4,612,136.45","273,600.00",16.86,Japan,Tokyo Stock Exchange,USD,158.75,--,IEFA
CCR,C C GROUP PLC,Consumer Staples,Equity,"4,593,685.58",0,"4,593,685.58","2,713,213.00",1.69,United Kingdom,London Stock Exchange,USD,0.74,--,IEFA
UBI,UBISOFT ENTERTAINMENT SA CAT A,Communication,Equity,"4,595,289.36",0,"4,595,289.36","778,879.00",5.9,France,Nyse Euronext - Euronext Paris,USD,0.85,--,IEFA
9956,VALOR HOLDINGS LTD,Consumer Staples,Equity,"4,602,148.10",0,"4,602,148.10","194,300.00",23.69,Japan,Tokyo Stock Exchange,USD,158.75,--,IEFA
3046,JINS HOLDINGS INC,Consumer Discretionary,Equity,"4,604,189.11",0,"4,604,189.11","112,100.00",41.07,Japan,Tokyo Stock Exchange,USD,158.75,--,IEFA
1766,TOKEN CORP,Consumer Discretionary,Equity,"4,607,780.40",0,"4,607,780.40","52,210.00",88.25,Japan,Tokyo Stock Exchange,USD,158.75,--,IEFA
7476,AS ONE CORP,Health Care,Equity,"4,576,191.38",0,"4,576,191.38","335,000.00",13.66,Japan,Tokyo Stock Exchange,USD,158.75,--,IEFA
9936,OHSHO FOOD SERVICE CORP,Consumer Discretionary,Equity,"4,584,667.23",0,"4,584,667.23","239,800.00",19.12,Japan,Tokyo Stock Exchange,USD,158.75,--,IEFA
ARYT,ARYT INDUSTRIES LTD,Industrials,Equity,"4,585,609.25",0,"4,585,609.25","326,498.00",14.04,Israel,Tel Aviv Stock Exchange,USD,2.99,--,IEFA
SHAW,SHAWBROOK GROUP PLC,Financials,Equity,"4,587,824.90",0,"4,587,824.90","908,329.00",5.05,United Kingdom,London Stock Exchange,USD,0.74,--,IEFA
SES,SESA,Information Technology,Equity,"4,569,231.33",0,"4,569,231.33","43,225.00",105.71,Italy,Borsa Italiana,USD,0.85,--,IEFA
ELN,EL EN,Health Care,Equity,"4,572,410.67",0,"4,572,410.67","290,524.00",15.74,Italy,Borsa Italiana,USD,0.85,--,IEFA
3765,GUNGHO ONLINE ENTERTAINMENT INC,Communication,Equity,"4,554,662.70",0,"4,554,662.70","283,430.00",16.07,Japan,Tokyo Stock Exchange,USD,158.75,--,IEFA
GYC,GRAND CITY PROPERTIES SA,Real Estate,Equity,"4,523,477.98",0,"4,523,477.98","385,430.00",11.74,Germany,Xetra,USD,0.85,--,IEFA
VIMIAN,VIMIAN GROUP,Health Care,Equity,"4,536,993.41",0,"4,536,993.41","1,378,937.00",3.29,Sweden,Nasdaq Omx Nordic,USD,9.15,--,IEFA
AU8U,CAPITALAND CHINA TRUST,Real Estate,Equity,"4,513,400.01",0,"4,513,400.01","8,435,080.00",0.54,Singapore,Singapore Exchange,USD,1.27,--,IEFA
1SXP,SCHOTT PHARMA AG,Health Care,Equity,"4,515,367.77",0,"4,515,367.77","249,081.00",18.13,Germany,Xetra,USD,0.85,--,IEFA
CKF,COLLINS FOODS LTD,Consumer Discretionary,Equity,"4,515,452.10",0,"4,515,452.10","739,125.00",6.11,Australia,Asx - All Markets,USD,1.4,--,IEFA
7947,FP CORP,Materials,Equity,"4,489,860.47",0,"4,489,860.47","297,100.00",15.11,Japan,Tokyo Stock Exchange,USD,158.75,--,IEFA
3222,UNITED SUPER MARKETS HOLDINGS INC,Consumer Staples,Equity,"4,496,157.99",0,"4,496,157.99","780,900.00",5.76,Japan,Tokyo Stock Exchange,USD,158.75,--,IEFA
5032,ANYCOLOR INC,Communication,Equity,"4,501,042.55",0,"4,501,042.55","221,900.00",20.28,Japan,Tokyo Stock Exchange,USD,158.75,--,IEFA
7806,MTG LTD,Consumer Staples,Equity,"4,473,589.72",0,"4,473,589.72","107,600.00",41.58,Japan,Tokyo Stock Exchange,USD,158.75,--,IEFA
VC2,OLAM GROUP LTD,Consumer Staples,Equity,"4,450,924.97",0,"4,450,924.97","5,831,400.00",0.76,Singapore,Singapore Exchange,USD,1.27,--,IEFA
CMW,CROMWELL PROPERTY GROUP STAPLED UN,Real Estate,Equity,"4,452,112.64",0,"4,452,112.64","15,348,884.00",0.29,Australia,Asx - All Markets,USD,1.4,--,IEFA
KPG,KIWI PROPERTY GROUP LTD,Real Estate,Equity,"4,458,821.64",0,"4,458,821.64","8,466,180.00",0.53,New Zealand,New Zealand Exchange Ltd,USD,1.7,--,IEFA
STG,SCANDINAVIAN TOBACCO GROUP,Consumer Staples,Equity,"4,461,791.98",0,"4,461,791.98","431,794.00",10.33,Denmark,Omx Nordic Exchange Copenhagen A/S,USD,6.35,--,IEFA
7864,FUJI SEAL INTERNATIONAL INC,Materials,Equity,"4,435,441.75",0,"4,435,441.75","265,800.00",16.69,Japan,Tokyo Stock Exchange,USD,158.75,--,IEFA
6516,SANYO DENKI LTD,Industrials,Equity,"4,438,061.04",0,"4,438,061.04","136,800.00",32.44,Japan,Tokyo Stock Exchange,USD,158.75,--,IEFA
9678,KANAMOTO LTD,Industrials,Equity,"4,441,289.49",0,"4,441,289.49","156,500.00",28.38,Japan,Tokyo Stock Exchange,USD,158.75,--,IEFA
8850,STARTS CORP INC,Real Estate,Equity,"4,441,311.54",0,"4,441,311.54","143,300.00",30.99,Japan,Tokyo Stock Exchange,USD,158.75,--,IEFA
6875,MEGACHIPS CORP,Information Technology,Equity,"4,443,377.74",0,"4,443,377.74","74,800.00",59.4,Japan,Tokyo Stock Exchange,USD,158.75,--,IEFA
1196,REALORD GROUP HOLDINGS LTD,Industrials,Equity,"4,444,308.23",0,"4,444,308.23","2,990,000.00",1.49,Hong Kong,Hong Kong Exchanges And Clearing Ltd,USD,7.83,--,IEFA
ODD,ODDITY TECH LTD CLASS A,Consumer Staples,Equity,"4,414,777.40",0,"4,414,777.40","299,510.00",14.74,Israel,NASDAQ,USD,1,--,IEFA
6651,NITTO KOGYO CORP,Industrials,Equity,"4,428,233.96",0,"4,428,233.96","161,600.00",27.4,Japan,Tokyo Stock Exchange,USD,158.75,--,IEFA
3492,MIRARTH REAL EST REIT CORP,Real Estate,Equity,"4,399,099.81",0,"4,399,099.81","7,873.00",558.76,Japan,Tokyo Stock Exchange,USD,158.75,--,IEFA
4369,TRI CHEMICAL LABORATORIES INC,Information Technology,Equity,"4,402,135.50",0,"4,402,135.50","224,700.00",19.59,Japan,Tokyo Stock Exchange,USD,158.75,--,IEFA
4975,JCU CORP,Materials,Equity,"4,404,837.95",0,"4,404,837.95","112,600.00",39.12,Japan,Tokyo Stock Exchange,USD,158.75,--,IEFA
PSG,PROSEGUR COMPANIA DE SEGURIDAD SA,Industrials,Equity,"4,385,468.41",0,"4,385,468.41","1,384,943.00",3.17,Spain,Bolsa De Madrid,USD,0.85,--,IEFA
GVR,GLENVEAGH PROPERTIES PLC,Consumer Discretionary,Equity,"4,361,799.30",0,"4,361,799.30","1,838,903.00",2.37,Ireland,Irish Stock Exchange - All Market,USD,0.85,--,IEFA
8154,KAGA ELECTRONICS LTD,Information Technology,Equity,"4,361,945.26",0,"4,361,945.26","169,300.00",25.76,Japan,Tokyo Stock Exchange,USD,158.75,--,IEFA
2492,INFOMART CORP,Industrials,Equity,"4,366,267.91",0,"4,366,267.91","1,493,800.00",2.92,Japan,Tokyo Stock Exchange,USD,158.75,--,IEFA
INH,INDUS HOLDING AG,Industrials,Equity,"4,333,231.47",0,"4,333,231.47","126,499.00",34.26,Germany,Xetra,USD,0.85,--,IEFA
7744,NORITSU KOKI LTD,Consumer Discretionary,Equity,"4,302,950.01",0,"4,302,950.01","321,900.00",13.37,Japan,Tokyo Stock Exchange,USD,158.75,--,IEFA
IBST,IBSTOCK PLC,Materials,Equity,"4,309,259.67",0,"4,309,259.67","2,978,145.00",1.45,United Kingdom,London Stock Exchange,USD,0.74,--,IEFA
SKAN,SKAN N AG,Health Care,Equity,"4,285,125.72",0,"4,285,125.72","68,659.00",62.41,Switzerland,SIX Swiss Exchange,USD,0.78,--,IEFA
8585,ORIENT CORP,Financials,Equity,"4,286,088.07",0,"4,286,088.07","677,010.00",6.33,Japan,Tokyo Stock Exchange,USD,158.75,--,IEFA
TKO,TIKEHAU CAPITAL,Financials,Equity,"4,268,290.31",0,"4,268,290.31","184,433.00",23.14,France,Nyse Euronext - Euronext Paris,USD,0.85,--,IEFA
6736,SUN CORP,Information Technology,Equity,"4,247,755.83",0,"4,247,755.83","84,500.00",50.27,Japan,Tokyo Stock Exchange,USD,158.75,--,IEFA
DTL,DATA#3 LTD,Information Technology,Equity,"4,254,163.31",0,"4,254,163.31","809,252.00",5.26,Australia,Asx - All Markets,USD,1.4,--,IEFA
1835,TOTETSU KOGYO LTD,Industrials,Equity,"4,236,353.90",0,"4,236,353.90","125,000.00",33.89,Japan,Tokyo Stock Exchange,USD,158.75,--,IEFA
LNZ,LENZING AG,Materials,Equity,"4,245,280.18",0,"4,245,280.18","148,107.00",28.66,Austria,Wiener Boerse Ag,USD,0.85,--,IEFA
1286,IMPRO PRECISION INDUSTRIES LTD,Industrials,Equity,"4,246,097.27",0,"4,246,097.27","3,654,000.00",1.16,Hong Kong,Hong Kong Exchanges And Clearing Ltd,USD,7.83,--,IEFA
NOEJ,NORMA GROUP,Industrials,Equity,"4,222,547.70",0,"4,222,547.70","244,020.00",17.3,Germany,Xetra,USD,0.85,--,IEFA
PAGE,PAGEGROUP PLC,Industrials,Equity,"4,200,367.00",0,"4,200,367.00","2,210,741.00",1.9,United Kingdom,London Stock Exchange,USD,0.74,--,IEFA
5192,MITSUBOSHI BELTING LTD,Industrials,Equity,"4,185,130.24",0,"4,185,130.24","166,300.00",25.17,Japan,Tokyo Stock Exchange,USD,158.75,--,IEFA
CC3,STARHUB LTD,Communication,Equity,"4,170,687.34",0,"4,170,687.34","5,000,300.00",0.83,Singapore,Singapore Exchange,USD,1.27,--,IEFA
7685,BUYSELL TECHNOLOGIES LTD,Consumer Discretionary,Equity,"4,171,747.14",0,"4,171,747.14","191,400.00",21.8,Japan,Tokyo Stock Exchange,USD,158.75,--,IEFA
KIN,KINEPOLIS NV,Communication,Equity,"4,143,984.24",0,"4,143,984.24","116,568.00",35.55,Belgium,Nyse Euronext - Euronext Brussels,USD,0.85,--,IEFA
DGT,DIGICO INFRASTRUCTURE REIT STAPLED,Real Estate,Equity,"4,146,207.39",0,"4,146,207.39","2,743,685.00",1.51,Australia,Asx - All Markets,USD,1.4,--,IEFA
7516,KOHNAN SHOJI LTD,Consumer Discretionary,Equity,"4,120,788.06",0,"4,120,788.06","154,100.00",26.74,Japan,Tokyo Stock Exchange,USD,158.75,--,IEFA
RAY B,RAYSEARCH LABORATORIES CLASS B,Health Care,Equity,"4,124,816.39",0,"4,124,816.39","168,461.00",24.49,Sweden,Nasdaq Omx Nordic,USD,9.15,--,IEFA
PUUILO,PUUILO,Consumer Discretionary,Equity,"4,104,887.20",0,"4,104,887.20","256,785.00",15.99,Finland,Nasdaq Omx Helsinki Ltd.,USD,0.85,--,IEFA
YIT,YIT,Consumer Discretionary,Equity,"4,113,776.45",0,"4,113,776.45","1,263,903.00",3.25,Finland,Nasdaq Omx Helsinki Ltd.,USD,0.85,--,IEFA
9830,TRUSCO NAKAYAMA CORP,Industrials,Equity,"4,114,035.09",0,"4,114,035.09","278,500.00",14.77,Japan,Tokyo Stock Exchange,USD,158.75,--,IEFA
WKP,WORKSPACE GROUP REIT PLC,Real Estate,Equity,"4,070,256.67",0,"4,070,256.67","904,954.00",4.5,United Kingdom,London Stock Exchange,USD,0.74,--,IEFA
5310,TOYO TANSO LTD,Industrials,Equity,"4,074,112.57",0,"4,074,112.57","106,900.00",38.11,Japan,Tokyo Stock Exchange,USD,158.75,--,IEFA
6807,JAPAN AVIATION ELECTRONICS INDUSTR,Information Technology,Equity,"4,075,485.21",0,"4,075,485.21","263,100.00",15.49,Japan,Tokyo Stock Exchange,USD,158.75,--,IEFA
8273,IZUMI LTD,Consumer Discretionary,Equity,"4,080,846.01",0,"4,080,846.01","624,700.00",6.53,Japan,Tokyo Stock Exchange,USD,158.75,--,IEFA
TFI,TELEVISION FRANCAISE SA,Communication,Equity,"4,081,628.18",0,"4,081,628.18","474,334.00",8.6,France,Nyse Euronext - Euronext Paris,USD,0.85,--,IEFA
AUTN,AUTONEUM HOLDING AG,Consumer Discretionary,Equity,"4,048,697.57",0,"4,048,697.57","26,449.00",153.08,Switzerland,SIX Swiss Exchange,USD,0.78,--,IEFA
SDR,SITEMINDER LTD,Information Technology,Equity,"4,064,973.93",0,"4,064,973.93","1,709,564.00",2.38,Australia,Asx - All Markets,USD,1.4,--,IEFA
4686,JUSTSYSTEMS CORP,Information Technology,Equity,"4,046,650.29",0,"4,046,650.29","177,700.00",22.77,Japan,Tokyo Stock Exchange,USD,158.75,--,IEFA
GYG,GUZMAN Y GOMEZ LTD,Consumer Discretionary,Equity,"4,046,784.34",0,"4,046,784.34","268,553.00",15.07,Australia,Asx - All Markets,USD,1.4,--,IEFA
3880,DAIO PAPER CORP,Materials,Equity,"4,011,452.33",0,"4,011,452.33","633,000.00",6.34,Japan,Tokyo Stock Exchange,USD,158.75,--,IEFA
ERA,ERAMET SA,Materials,Equity,"4,012,222.07",0,"4,012,222.07","63,236.00",63.45,France,Nyse Euronext - Euronext Paris,USD,0.85,--,IEFA
3191,JOYFUL HONDA LTD,Consumer Discretionary,Equity,"4,014,594.48",0,"4,014,594.48","287,200.00",13.98,Japan,Tokyo Stock Exchange,USD,158.75,--,IEFA
8194,LIFE CORP,Consumer Staples,Equity,"3,990,846.96",0,"3,990,846.96","233,000.00",17.13,Japan,Tokyo Stock Exchange,USD,158.75,--,IEFA
WLN,WORLDLINE SA,Financials,Equity,"3,957,529.33",0,"3,957,529.33","11,415,818.00",0.35,France,Nyse Euronext - Euronext Paris,USD,0.85,--,IEFA
4483,JMDC INC,Health Care,Equity,"3,964,842.99",0,"3,964,842.99","178,300.00",22.24,Japan,Tokyo Stock Exchange,USD,158.75,--,IEFA
MSKE,MESHEK ENERGY RENEWABLE ENERGIES L,Utilities,Equity,"3,971,159.79",0,"3,971,159.79","1,108,291.00",3.58,Israel,Tel Aviv Stock Exchange,USD,2.99,--,IEFA
IDIA,IDORSIA N LTD,Health Care,Equity,"3,940,932.18",0,"3,940,932.18","824,504.00",4.78,Switzerland,SIX Swiss Exchange,USD,0.78,--,IEFA
SSM,SERVICE STREAM LTD,Industrials,Equity,"3,943,302.07",0,"3,943,302.07","2,780,741.00",1.42,Australia,Asx - All Markets,USD,1.4,--,IEFA
BETCO,BETTER COLLECTIVE,Consumer Discretionary,Equity,"3,949,171.93",0,"3,949,171.93","255,505.00",15.46,Sweden,Nasdaq Omx Nordic,USD,9.15,--,IEFA
MMT,METROPOLE TELEVISION SA,Communication,Equity,"3,951,194.62",0,"3,951,194.62","266,395.00",14.83,France,Nyse Euronext - Euronext Paris,USD,0.85,--,IEFA
5715,FURUKAWA LTD,Industrials,Equity,"3,929,320.61",0,"3,929,320.61","138,000.00",28.47,Japan,Tokyo Stock Exchange,USD,158.75,--,IEFA
9722,FUJITA KANKO INC,Consumer Discretionary,Equity,"3,931,578.95",0,"3,931,578.95","278,500.00",14.12,Japan,Tokyo Stock Exchange,USD,158.75,--,IEFA
3087,DOUTOR NICHIRES HOLDINGS LTD,Consumer Discretionary,Equity,"3,910,916.25",0,"3,910,916.25","213,200.00",18.34,Japan,Tokyo Stock Exchange,USD,158.75,--,IEFA
DOCS,DR. MARTENS PLC,Consumer Discretionary,Equity,"3,891,242.37",0,"3,891,242.37","4,262,962.00",0.91,United Kingdom,London Stock Exchange,USD,0.74,--,IEFA
7412,ATOM CORP,Consumer Discretionary,Equity,"3,896,932.82",0,"3,896,932.82","945,900.00",4.12,Japan,Tokyo Stock Exchange,USD,158.75,--,IEFA
2778,CHAMPION REAL ESTATE INVESTMENT TR,Real Estate,Equity,"3,872,902.10",0,"3,872,902.10","12,797,000.00",0.3,Hong Kong,Hong Kong Exchanges And Clearing Ltd,USD,7.83,--,IEFA
ASK,ABACUS STORAGE KING UNITS,Real Estate,Equity,"3,877,995.34",0,"3,877,995.34","3,786,491.00",1.02,Australia,Asx - All Markets,USD,1.4,--,IEFA
SVOL B,SVOLDER CLASS B,Financials,Equity,"3,857,384.21",0,"3,857,384.21","665,197.00",5.8,Sweden,Nasdaq Omx Nordic,USD,9.15,--,IEFA
4565,NXERA PHARMA LTD,Health Care,Equity,"3,857,732.84",0,"3,857,732.84","599,800.00",6.43,Japan,Tokyo Stock Exchange,USD,158.75,--,IEFA
5482,AICHI STEEL CORP,Materials,Equity,"3,861,640.37",0,"3,861,640.37","218,700.00",17.66,Japan,Tokyo Stock Exchange,USD,158.75,--,IEFA
2154,OPEN UP GROUP INC,Industrials,Equity,"3,832,956.00",0,"3,832,956.00","346,900.00",11.05,Japan,Tokyo Stock Exchange,USD,158.75,--,IEFA
NUF,NUFARM LTD,Materials,Equity,"3,833,657.45",0,"3,833,657.45","2,268,125.00",1.69,Australia,Asx - All Markets,USD,1.4,--,IEFA
LINK,LINK MOBILITY GROUP HOLDING,Information Technology,Equity,"3,839,250.38",0,"3,839,250.38","1,479,649.00",2.59,Norway,Oslo Bors Asa,USD,9.33,--,IEFA
PWH,PWR HOLDINGS LTD,Consumer Discretionary,Equity,"3,843,510.47",0,"3,843,510.47","592,987.00",6.48,Australia,Asx - All Markets,USD,1.4,--,IEFA
2146,UT GROUP LTD,Industrials,Equity,"3,845,805.54",0,"3,845,805.54","3,179,700.00",1.21,Japan,Tokyo Stock Exchange,USD,158.75,--,IEFA
QDT,QUADIENT SA,Information Technology,Equity,"3,794,570.81",0,"3,794,570.81","276,460.00",13.73,France,Nyse Euronext - Euronext Paris,USD,0.85,--,IEFA
2121,MIXI INC,Communication,Equity,"3,766,950.14",0,"3,766,950.14","228,500.00",16.49,Japan,Tokyo Stock Exchange,USD,158.75,--,IEFA
4928,NOEVIR HOLDINGS LTD,Consumer Staples,Equity,"3,774,622.82",0,"3,774,622.82","133,900.00",28.19,Japan,Tokyo Stock Exchange,USD,158.75,--,IEFA
345,VITASOY INTERNATIONAL HOLDINGS LTD,Consumer Staples,Equity,"3,743,592.49",0,"3,743,592.49","4,646,000.00",0.81,Hong Kong,Hong Kong Exchanges And Clearing Ltd,USD,7.83,--,IEFA
215A,TIMEE INC,Industrials,Equity,"3,750,581.12",0,"3,750,581.12","436,500.00",8.59,Japan,Tokyo Stock Exchange,USD,158.75,--,IEFA
NXI,NEXITY SA,Real Estate,Equity,"3,725,466.44",0,"3,725,466.44","354,403.00",10.51,France,Nyse Euronext - Euronext Paris,USD,0.85,--,IEFA
CAT,CATAPULT SPORTS LTD,Information Technology,Equity,"3,731,731.74",0,"3,731,731.74","1,588,555.00",2.35,Australia,Asx - All Markets,USD,1.4,--,IEFA
7552,HAPPINET CORP,Consumer Discretionary,Equity,"3,732,816.78",0,"3,732,816.78","214,000.00",17.44,Japan,Tokyo Stock Exchange,USD,158.75,--,IEFA
ING,INGHAMS GROUP LTD,Consumer Staples,Equity,"3,687,724.54",0,"3,687,724.54","2,561,699.00",1.44,Australia,Asx - All Markets,USD,1.4,--,IEFA
PIA,PIAGGIO & C,Consumer Discretionary,Equity,"3,670,297.37",0,"3,670,297.37","1,883,959.00",1.95,Italy,Borsa Italiana,USD,0.85,--,IEFA
4553,TOWA PHARMACEUTICAL LTD,Health Care,Equity,"3,671,539.26",0,"3,671,539.26","137,300.00",26.74,Japan,Tokyo Stock Exchange,USD,158.75,--,IEFA
DIOS,DIOS FASTIGHETER,Real Estate,Equity,"3,680,187.44",0,"3,680,187.44","492,217.00",7.48,Sweden,Nasdaq Omx Nordic,USD,9.15,--,IEFA
PLSV,PARATUS ENERGY SER LTD,Energy,Equity,"3,653,256.14",0,"3,653,256.14","688,213.00",5.31,Norway,Oslo Bors Asa,USD,9.33,--,IEFA
CCP,CREDIT CORP GROUP LTD,Financials,Equity,"3,635,980.38",0,"3,635,980.38","470,071.00",7.73,Australia,Asx - All Markets,USD,1.4,--,IEFA
CRW,CRANEWARE PLC,Health Care,Equity,"3,638,198.22",0,"3,638,198.22","179,598.00",20.26,United Kingdom,London Stock Exchange,USD,0.74,--,IEFA
3476,MIRAI REIT CORP,Real Estate,Equity,"3,614,770.54",0,"3,614,770.54","11,795.00",306.47,Japan,Tokyo Stock Exchange,USD,158.75,--,IEFA
YF8,YANGZIJIANG FINANCIAL HOLDING LTD,Financials,Equity,"3,625,459.34",0,"3,625,459.34","17,064,500.00",0.21,Singapore,Singapore Exchange,USD,1.27,--,IEFA
SMR,STANMORE RESOURCES LTD,Materials,Equity,"3,593,746.50",0,"3,593,746.50","2,280,817.00",1.58,Australia,Asx - All Markets,USD,1.4,--,IEFA
9601,SHOCHIKU LTD,Communication,Equity,"3,593,946.27",0,"3,593,946.27","54,700.00",65.7,Japan,Tokyo Stock Exchange,USD,158.75,--,IEFA
PBB,DEUTSCHE PFANDBRIEFBANK AG,Financials,Equity,"3,596,131.97",0,"3,596,131.97","907,590.00",3.96,Germany,Xetra,USD,0.85,--,IEFA
STM,STABILUS,Industrials,Equity,"3,578,810.04",0,"3,578,810.04","175,736.00",20.36,Germany,Xetra,USD,0.85,--,IEFA
TOM2,TOMTOM NV,Information Technology,Equity,"3,581,226.56",0,"3,581,226.56","652,851.00",5.49,Netherlands,Euronext Amsterdam,USD,0.85,--,IEFA
SPI,SPIRE HEALTHCARE GROUP PLCINARY,Health Care,Equity,"3,556,819.41",0,"3,556,819.41","1,588,285.00",2.24,United Kingdom,London Stock Exchange,USD,0.74,--,IEFA
2815,ARIAKE JAPAN LTD,Consumer Staples,Equity,"3,544,930.55",0,"3,544,930.55","99,600.00",35.59,Japan,Tokyo Stock Exchange,USD,158.75,--,IEFA
8179,ROYAL HOLDINGS LTD,Consumer Discretionary,Equity,"3,546,049.32",0,"3,546,049.32","394,200.00",9,Japan,Tokyo Stock Exchange,USD,158.75,--,IEFA
SBB B,SAMHALLSBYGGNADSBOLAGET I NORDEN C,Real Estate,Equity,"3,549,462.91",0,"3,549,462.91","9,057,665.00",0.39,Sweden,Nasdaq Omx Nordic,USD,9.15,--,IEFA
1783,ENVISION GREENWISE HOLDINGS LTD,Industrials,Equity,"3,530,250.73",0,"3,530,250.73","8,721,000.00",0.4,Hong Kong,Hong Kong Exchanges And Clearing Ltd,USD,7.83,--,IEFA
JST,JOST WERKE,Industrials,Equity,"3,537,285.84",0,"3,537,285.84","54,046.00",65.45,Germany,Xetra,USD,0.85,--,IEFA
CIR,CIR SPA - COMPAGNIE INDUSTRIALI RI,Consumer Discretionary,Equity,"3,513,142.07",0,"3,513,142.07","4,388,893.00",0.8,Italy,Borsa Italiana,USD,0.85,--,IEFA
6104,SHIBAURA MACHINE LTD,Industrials,Equity,"3,519,773.85",0,"3,519,773.85","128,300.00",27.43,Japan,Tokyo Stock Exchange,USD,158.75,--,IEFA
3076,AI HOLDINGS CORP,Information Technology,Equity,"3,484,713.22",0,"3,484,713.22","198,700.00",17.54,Japan,Tokyo Stock Exchange,USD,158.75,--,IEFA
Z25,YANLORD LAND GROUP LTD,Real Estate,Equity,"3,484,789.71",0,"3,484,789.71","6,813,300.00",0.51,Singapore,Singapore Exchange,USD,1.27,--,IEFA
PEUG,PEUGEOT INVEST SA,Financials,Equity,"3,494,891.49",0,"3,494,891.49","44,713.00",78.16,France,Nyse Euronext - Euronext Paris,USD,0.85,--,IEFA
WA1,WA1 RESOURCES LTD,Materials,Equity,"3,500,847.39",0,"3,500,847.39","336,182.00",10.41,Australia,Asx - All Markets,USD,1.4,--,IEFA
S08,SINGAPORE POST LTD,Industrials,Equity,"3,467,172.36",0,"3,467,172.36","11,908,800.00",0.29,Singapore,Singapore Exchange,USD,1.27,--,IEFA
BOWL,HOLLYWOOD BOWL GROUP PLC,Consumer Discretionary,Equity,"3,468,477.19",0,"3,468,477.19","978,959.00",3.54,United Kingdom,London Stock Exchange,USD,0.74,--,IEFA
7630,ICHIBANYA LTD,Consumer Discretionary,Equity,"3,472,669.38",0,"3,472,669.38","620,100.00",5.6,Japan,Tokyo Stock Exchange,USD,158.75,--,IEFA
ENC,ENCE ENERGIA Y CELULOSA SA,Materials,Equity,"3,449,609.83",0,"3,449,609.83","1,194,163.00",2.89,Spain,Bolsa De Madrid,USD,0.85,--,IEFA
HMC,HMC CAPITAL LTD,Financials,Equity,"3,458,041.61",0,"3,458,041.61","1,978,819.00",1.75,Australia,Asx - All Markets,USD,1.4,--,IEFA
TPW,TEMPLE & WEBSTER GROUP LTD,Consumer Discretionary,Equity,"3,464,052.05",0,"3,464,052.05","725,144.00",4.78,Australia,Asx - All Markets,USD,1.4,--,IEFA
4044,CENTRAL GLASS LTD,Industrials,Equity,"3,435,831.05",0,"3,435,831.05","129,400.00",26.55,Japan,Tokyo Stock Exchange,USD,158.75,--,IEFA
HYQ,HYPOPORT N,Financials,Equity,"3,441,156.12",0,"3,441,156.12","33,390.00",103.06,Germany,Xetra,USD,0.85,--,IEFA
DELG,DELTA GALIL INDUSTRIES LTD,Consumer Discretionary,Equity,"3,447,021.31",0,"3,447,021.31","58,177.00",59.25,Israel,Tel Aviv Stock Exchange,USD,2.99,--,IEFA
PDX,PARADOX INTERACTIVE,Communication,Equity,"3,412,808.95",0,"3,412,808.95","236,348.00",14.44,Sweden,Nasdaq Omx Nordic,USD,9.15,--,IEFA
KOF,KAUFMAN & BROAD SA,Consumer Discretionary,Equity,"3,418,166.38",0,"3,418,166.38","99,274.00",34.43,France,Nyse Euronext - Euronext Paris,USD,0.85,--,IEFA
CGEO,GEORGIA CAPITAL PLC,Financials,Equity,"3,419,010.62",0,"3,419,010.62","62,044.00",55.11,United Kingdom,London Stock Exchange,USD,0.74,--,IEFA
FUTR,FUTURE PLC,Communication,Equity,"3,399,319.26",0,"3,399,319.26","751,714.00",4.52,United Kingdom,London Stock Exchange,USD,0.74,--,IEFA
GCT,G CITY LTD,Real Estate,Equity,"3,403,011.03",0,"3,403,011.03","952,397.00",3.57,Israel,Tel Aviv Stock Exchange,USD,2.99,--,IEFA
4996,KUMIAI CHEMICAL INDUSTRY LTD,Materials,Equity,"3,376,838.04",0,"3,376,838.04","700,727.00",4.82,Japan,Tokyo Stock Exchange,USD,158.75,--,IEFA
PAT,PATRIZIA,Real Estate,Equity,"3,378,640.11",0,"3,378,640.11","389,971.00",8.66,Germany,Xetra,USD,0.85,--,IEFA
2685,AND ST HD LTD,Consumer Discretionary,Equity,"3,361,913.76",0,"3,361,913.76","167,300.00",20.1,Japan,Tokyo Stock Exchange,USD,158.75,--,IEFA
9603,HIS LTD,Consumer Discretionary,Equity,"3,372,145.26",0,"3,372,145.26","495,200.00",6.81,Japan,Tokyo Stock Exchange,USD,158.75,--,IEFA
FVRR,FIVERR INTERNATIONAL LTD,Industrials,Equity,"3,372,864.78",0,"3,372,864.78","314,047.00",10.74,Israel,NYSE,USD,1,--,IEFA
9842,ARCLANDS CORP,Consumer Discretionary,Equity,"3,339,601.25",0,"3,339,601.25","275,400.00",12.13,Japan,Tokyo Stock Exchange,USD,158.75,--,IEFA
6966,MITSUI HIGH TEC INC,Information Technology,Equity,"3,346,987.94",0,"3,346,987.94","761,200.00",4.4,Japan,Tokyo Stock Exchange,USD,158.75,--,IEFA
NA9,NAGARRO N,Information Technology,Equity,"3,324,176.25",0,"3,324,176.25","57,631.00",57.68,Germany,Xetra,USD,0.85,--,IEFA
KLS,KELSIAN GROUP LTD,Industrials,Equity,"3,327,476.55",0,"3,327,476.55","1,164,415.00",2.86,Australia,Asx - All Markets,USD,1.4,--,IEFA
QTCOM,QT GROUP,Information Technology,Equity,"3,328,393.67",0,"3,328,393.67","135,807.00",24.51,Finland,Nasdaq Omx Helsinki Ltd.,USD,0.85,--,IEFA
XPS,XPS PENSIONS GROUP PLC,Financials,Equity,"3,336,599.72",0,"3,336,599.72","779,574.00",4.28,United Kingdom,London Stock Exchange,USD,0.74,--,IEFA
PNV,POLYNOVO LTD,Health Care,Equity,"3,309,386.93",0,"3,309,386.93","4,552,471.00",0.73,Australia,Asx - All Markets,USD,1.4,--,IEFA
4189,KH NEOCHEM LTD,Materials,Equity,"3,311,750.29",0,"3,311,750.29","191,800.00",17.27,Japan,Tokyo Stock Exchange,USD,158.75,--,IEFA
9869,KATO SANGYO LTD,Consumer Staples,Equity,"3,315,694.98",0,"3,315,694.98","82,500.00",40.19,Japan,Tokyo Stock Exchange,USD,158.75,--,IEFA
7839,SHOEI LTD,Consumer Discretionary,Equity,"3,289,772.28",0,"3,289,772.28","310,300.00",10.6,Japan,Tokyo Stock Exchange,USD,158.75,--,IEFA
CMCX,CMC MARKETS PLC,Financials,Equity,"3,295,152.22",0,"3,295,152.22","628,016.00",5.25,United Kingdom,London Stock Exchange,USD,0.74,--,IEFA
INTRUM,INTRUM JUSTITIA,Industrials,Equity,"3,298,036.91",0,"3,298,036.91","663,112.00",4.97,Sweden,Nasdaq Omx Nordic,USD,9.15,--,IEFA
AFRE,AFRICA ISRAEL RESIDENCES LTD,Real Estate,Equity,"3,266,628.07",0,"3,266,628.07","39,707.00",82.27,Israel,Tel Aviv Stock Exchange,USD,2.99,--,IEFA
CU6,CLARITY PHARMACEUTICALS LTD,Health Care,Equity,"3,272,689.51",0,"3,272,689.51","1,523,173.00",2.15,Australia,Asx - All Markets,USD,1.4,--,IEFA
6330,TOYO ENGINEERING CORP,Industrials,Equity,"3,276,003.65",0,"3,276,003.65","199,100.00",16.45,Japan,Tokyo Stock Exchange,USD,158.75,--,IEFA
8584,JACCS LTD,Financials,Equity,"3,276,103.18",0,"3,276,103.18","127,000.00",25.8,Japan,Tokyo Stock Exchange,USD,158.75,--,IEFA
9075,FUKUYAMA TRANSPORTING LTD,Industrials,Equity,"3,277,558.35",0,"3,277,558.35","97,800.00",33.51,Japan,Tokyo Stock Exchange,USD,158.75,--,IEFA
290A,SYNSPECTIVE INC,Industrials,Equity,"3,280,536.71",0,"3,280,536.71","362,400.00",9.05,Japan,Tokyo Stock Exchange,USD,158.75,--,IEFA
3148,CREATE SD HOLDINGS LTD,Consumer Staples,Equity,"3,281,999.43",0,"3,281,999.43","158,600.00",20.69,Japan,Tokyo Stock Exchange,USD,158.75,--,IEFA
7599,IDOM INC,Consumer Discretionary,Equity,"3,252,219.60",0,"3,252,219.60","364,600.00",8.92,Japan,Tokyo Stock Exchange,USD,158.75,--,IEFA
CRST,CREST NICHOLSON HOLDINGS PLC,Consumer Discretionary,Equity,"3,254,010.93",0,"3,254,010.93","2,228,036.00",1.46,United Kingdom,London Stock Exchange,USD,0.74,--,IEFA
3993,PKSHA TECHNOLOGY INC,Information Technology,Equity,"3,261,217.68",0,"3,261,217.68","165,400.00",19.72,Japan,Tokyo Stock Exchange,USD,158.75,--,IEFA
MSLH,MARSHALLS PLC,Materials,Equity,"3,261,234.12",0,"3,261,234.12","1,638,329.00",1.99,United Kingdom,London Stock Exchange,USD,0.74,--,IEFA
BNOR,BLUENORD,Energy,Equity,"3,231,103.87",0,"3,231,103.87","57,122.00",56.56,Norway,Oslo Bors Asa,USD,9.33,--,IEFA
8276,HEIWADO LTD,Consumer Staples,Equity,"3,237,900.41",0,"3,237,900.41","183,900.00",17.61,Japan,Tokyo Stock Exchange,USD,158.75,--,IEFA
PHVS,PHARVARIS N V NV,Health Care,Equity,"3,238,411.45",0,"3,238,411.45","111,785.00",28.97,Netherlands,NASDAQ,USD,1,--,IEFA
8133,ITOCHU ENEX LTD,Energy,Equity,"3,243,370.81",0,"3,243,370.81","263,900.00",12.29,Japan,Tokyo Stock Exchange,USD,158.75,--,IEFA
9166,GENDA INC,Consumer Discretionary,Equity,"3,212,276.29",0,"3,212,276.29","817,200.00",3.93,Japan,Tokyo Stock Exchange,USD,158.75,--,IEFA
PLAZ B,PLATZER FASTIGHETER HOLDING CLASS,Real Estate,Equity,"3,226,998.35",0,"3,226,998.35","405,518.00",7.96,Sweden,Nasdaq Omx Nordic,USD,9.15,--,IEFA
AO.,AO WORLD,Consumer Discretionary,Equity,"3,196,370.82",0,"3,196,370.82","2,530,680.00",1.26,United Kingdom,London Stock Exchange,USD,0.74,--,IEFA
BFF,BFF BANK,Financials,Equity,"3,201,105.12",0,"3,201,105.12","1,320,082.00",2.42,Italy,Borsa Italiana,USD,0.85,--,IEFA
9882,YELLOW HAT LTD,Consumer Discretionary,Equity,"3,203,799.80",0,"3,203,799.80","325,600.00",9.84,Japan,Tokyo Stock Exchange,USD,158.75,--,IEFA
LUVE,LUVE,Industrials,Equity,"3,187,715.61",0,"3,187,715.61","58,488.00",54.5,Italy,Borsa Italiana,USD,0.85,--,IEFA
7456,MATSUDA SANGYO LTD,Industrials,Equity,"3,190,116.22",0,"3,190,116.22","79,500.00",40.13,Japan,Tokyo Stock Exchange,USD,158.75,--,IEFA
4694,BML INC,Health Care,Equity,"3,191,303.66",0,"3,191,303.66","132,100.00",24.16,Japan,Tokyo Stock Exchange,USD,158.75,--,IEFA
SKIS B,SKISTAR CLASS B,Consumer Discretionary,Equity,"3,160,535.57",0,"3,160,535.57","175,874.00",17.97,Sweden,Nasdaq Omx Nordic,USD,9.15,--,IEFA
DCRU,DIGITAL CORE REIT UNITS,Real Estate,Equity,"3,163,836.00",0,"3,163,836.00","6,203,600.00",0.51,Singapore,Singapore Exchange,USD,1,--,IEFA
STORY B,STORYTEL CLASS B,Communication,Equity,"3,145,483.61",0,"3,145,483.61","274,057.00",11.48,Sweden,Nasdaq Omx Nordic,USD,9.15,--,IEFA
ISRS,ISRAS INVESTMENT COMPANY LTD,Real Estate,Equity,"3,146,593.91",0,"3,146,593.91","11,178.00",281.5,Israel,Tel Aviv Stock Exchange,USD,2.99,--,IEFA
8C8U,CENTURION ACCOMMODATION REIT UNITS,Real Estate,Equity,"3,152,038.40",0,"3,152,038.40","3,608,800.00",0.87,Singapore,Singapore Exchange,USD,1.27,--,IEFA
DNYA,DANYA CEBUS LTD,Industrials,Equity,"3,123,246.97",0,"3,123,246.97","55,634.00",56.14,Israel,Tel Aviv Stock Exchange,USD,2.99,--,IEFA
2695,KURA SUSHI INC,Consumer Discretionary,Equity,"3,105,395.45",0,"3,105,395.45","137,700.00",22.55,Japan,Tokyo Stock Exchange,USD,158.75,--,IEFA
1968,TAIHEI DENGYO LTD,Industrials,Equity,"3,107,776.62",0,"3,107,776.62","171,300.00",18.14,Japan,Tokyo Stock Exchange,USD,158.75,--,IEFA
6866,HIOKI EE CORP,Information Technology,Equity,"3,110,838.14",0,"3,110,838.14","46,500.00",66.9,Japan,Tokyo Stock Exchange,USD,158.75,--,IEFA
2767,TSUBURAYA FIELDS HOLDINGS INC,Consumer Discretionary,Equity,"3,083,421.84",0,"3,083,421.84","331,400.00",9.3,Japan,Tokyo Stock Exchange,USD,158.75,--,IEFA
WAVE,WAVESTONE SA,Information Technology,Equity,"3,073,408.22",0,"3,073,408.22","53,722.00",57.21,France,Nyse Euronext - Euronext Paris,USD,0.85,--,IEFA
OCI,OCI NV,Materials,Equity,"3,076,623.08",0,"3,076,623.08","739,146.00",4.16,Netherlands,Euronext Amsterdam,USD,0.85,--,IEFA
4534,MOCHIDA PHARMACEUTICAL LTD,Health Care,Equity,"3,033,752.24",0,"3,033,752.24","134,900.00",22.49,Japan,Tokyo Stock Exchange,USD,158.75,--,IEFA
IBI,I B I INVESTMENT LTD,Financials,Equity,"3,041,944.50",0,"3,041,944.50","23,921.00",127.17,Israel,Tel Aviv Stock Exchange,USD,2.99,--,IEFA
990,DEEP SOURCE HOLDINGS LTD,Industrials,Equity,"3,045,045.05",0,"3,045,045.05","28,730,000.00",0.11,Hong Kong,Hong Kong Exchanges And Clearing Ltd,USD,7.83,--,IEFA
9409,TV ASAHI HOLDINGS CORP,Communication,Equity,"3,022,079.44",0,"3,022,079.44","141,100.00",21.42,Japan,Tokyo Stock Exchange,USD,158.75,--,IEFA
2979,SOSILA LOGISTICS REIT INC,Real Estate,Equity,"3,022,788.75",0,"3,022,788.75","3,743.00",807.58,Japan,Tokyo Stock Exchange,USD,158.75,--,IEFA
MARR,MARR,Consumer Staples,Equity,"3,022,994.77",0,"3,022,994.77","302,125.00",10.01,Italy,Borsa Italiana,USD,0.85,--,IEFA
YNGA,YOUNG AND COS BREWERY PLC,Consumer Discretionary,Equity,"3,025,735.16",0,"3,025,735.16","270,553.00",11.18,United Kingdom,London Stock Exchange,USD,0.74,--,IEFA
PNL,POSTNL NV,Industrials,Equity,"2,995,570.94",0,"2,995,570.94","2,409,816.00",1.24,Netherlands,Euronext Amsterdam,USD,0.85,--,IEFA
SFL,SAFILO GROUP,Consumer Discretionary,Equity,"2,999,219.58",0,"2,999,219.58","1,455,923.00",2.06,Italy,Borsa Italiana,USD,0.85,--,IEFA
G92,CHINA AVIATION OIL CORP LTD,Energy,Equity,"2,975,356.65",0,"2,975,356.65","1,817,900.00",1.64,Singapore,Singapore Exchange,USD,1.27,--,IEFA
NCC,NCC GROUP PLC,Information Technology,Equity,"2,981,259.44",0,"2,981,259.44","1,818,964.00",1.64,United Kingdom,London Stock Exchange,USD,0.74,--,IEFA
4549,EIKEN CHEMICAL LTD,Health Care,Equity,"2,987,158.65",0,"2,987,158.65","150,300.00",19.87,Japan,Tokyo Stock Exchange,USD,158.75,--,IEFA
ANTIN,ANTIN INFRASTRUCTURE PARTNERS,Financials,Equity,"2,987,404.98",0,"2,987,404.98","228,222.00",13.09,France,Nyse Euronext - Euronext Paris,USD,0.85,--,IEFA
9551,METAWATER LTD,Industrials,Equity,"2,957,091.56",0,"2,957,091.56","126,700.00",23.34,Japan,Tokyo Stock Exchange,USD,158.75,--,IEFA
ALTA,ALTAREA,Real Estate,Equity,"2,966,262.62",0,"2,966,262.62","21,723.00",136.55,France,Nyse Euronext - Euronext Paris,USD,0.85,--,IEFA
5911,YOKOGAWA BRIDGE HOLDINGS CORP,Industrials,Equity,"2,942,861.82",0,"2,942,861.82","158,200.00",18.6,Japan,Tokyo Stock Exchange,USD,158.75,--,IEFA
HSN,HANSEN TECHNOLOGIES LTD,Information Technology,Equity,"2,951,937.82",0,"2,951,937.82","822,688.00",3.59,Australia,Asx - All Markets,USD,1.4,--,IEFA
1419,TAMA HOME LTD,Consumer Discretionary,Equity,"2,921,383.35",0,"2,921,383.35","129,000.00",22.65,Japan,Tokyo Stock Exchange,USD,158.75,--,IEFA
THG,THG PLC,Consumer Discretionary,Equity,"2,923,288.57",0,"2,923,288.57","5,606,110.00",0.52,United Kingdom,London Stock Exchange,USD,0.74,--,IEFA
6588,TOSHIBA TEC CORP,Information Technology,Equity,"2,917,484.02",0,"2,917,484.02","164,000.00",17.79,Japan,Tokyo Stock Exchange,USD,158.75,--,IEFA
DIS,DAMICO INTERNATIONAL SHIPPING SA,Energy,Equity,"2,918,090.33",0,"2,918,090.33","319,246.00",9.14,Italy,Borsa Italiana,USD,0.85,--,IEFA
2379,DIP CORP,Industrials,Equity,"2,885,231.03",0,"2,885,231.03","249,600.00",11.56,Japan,Tokyo Stock Exchange,USD,158.75,--,IEFA
9715,TRANSCOSMOS INC,Industrials,Equity,"2,899,414.15",0,"2,899,414.15","115,500.00",25.1,Japan,Tokyo Stock Exchange,USD,158.75,--,IEFA
5186,NITTA CORP,Industrials,Equity,"2,848,908.63",0,"2,848,908.63","100,500.00",28.35,Japan,Tokyo Stock Exchange,USD,158.75,--,IEFA
DLEA,DELEK AUTOMOTIVE SYSTEMS LTD,Consumer Discretionary,Equity,"2,849,571.33",0,"2,849,571.33","384,705.00",7.41,Israel,Tel Aviv Stock Exchange,USD,2.99,--,IEFA
7821,MAEDA KOSEN LTD,Materials,Equity,"2,861,579.89",0,"2,861,579.89","241,500.00",11.85,Japan,Tokyo Stock Exchange,USD,158.75,--,IEFA
GFT,GFT TECHNOLOGIES,Information Technology,Equity,"2,833,138.58",0,"2,833,138.58","126,806.00",22.34,Germany,Xetra,USD,0.85,01-Jan-98,IEFA
4919,MILBON LTD,Consumer Staples,Equity,"2,843,478.53",0,"2,843,478.53","164,500.00",17.29,Japan,Tokyo Stock Exchange,USD,158.75,--,IEFA
ABG,ABACUS GROUP UNIT,Real Estate,Equity,"2,820,833.97",0,"2,820,833.97","3,787,127.00",0.74,Australia,Asx - All Markets,USD,1.4,--,IEFA
VLA,VALNEVA,Health Care,Equity,"2,821,315.19",0,"2,821,315.19","916,533.00",3.08,France,Nyse Euronext - Euronext Paris,USD,0.85,--,IEFA
6737,EIZO CORP,Information Technology,Equity,"2,800,133.55",0,"2,800,133.55","205,600.00",13.62,Japan,Tokyo Stock Exchange,USD,158.75,--,IEFA
5975,TOPRE CORP,Consumer Discretionary,Equity,"2,801,190.59",0,"2,801,190.59","181,500.00",15.43,Japan,Tokyo Stock Exchange,USD,158.75,--,IEFA
MAF,MA FINANCIAL GROUP LTD,Financials,Equity,"2,802,299.69",0,"2,802,299.69","538,944.00",5.2,Australia,Asx - All Markets,USD,1.4,--,IEFA
GLJ,GRENKE N AG,Financials,Equity,"2,804,773.76",0,"2,804,773.76","179,149.00",15.66,Germany,Xetra,USD,0.85,--,IEFA
6750,ELECOM LTD,Information Technology,Equity,"2,790,407.89",0,"2,790,407.89","268,300.00",10.4,Japan,Tokyo Stock Exchange,USD,158.75,--,IEFA
7226,KYOKUTO KAIHATSU KOGYO LTD,Industrials,Equity,"2,759,623.30",0,"2,759,623.30","156,400.00",17.64,Japan,Tokyo Stock Exchange,USD,158.75,--,IEFA
2281,PRIMA MEAT PACKERS LTD,Consumer Staples,Equity,"2,759,771.96",0,"2,759,771.96","168,500.00",16.38,Japan,Tokyo Stock Exchange,USD,158.75,--,IEFA
REG1V,REVENIO GROUP,Health Care,Equity,"2,764,362.79",0,"2,764,362.79","141,467.00",19.54,Finland,Nasdaq Omx Helsinki Ltd.,USD,0.85,--,IEFA
8278,FUJI (EHIME) LTD,Consumer Staples,Equity,"2,739,567.23",0,"2,739,567.23","201,900.00",13.57,Japan,Tokyo Stock Exchange,USD,158.75,--,IEFA
POS,PORR AG,Industrials,Equity,"2,755,469.66",0,"2,755,469.66","58,374.00",47.2,Austria,Wiener Boerse Ag,USD,0.85,--,IEFA
4776,CYBOZU INC,Information Technology,Equity,"2,720,451.04",0,"2,720,451.04","198,100.00",13.73,Japan,Tokyo Stock Exchange,USD,158.75,--,IEFA
9672,TOKYOTOKEIBA LTD,Consumer Discretionary,Equity,"2,722,353.46",0,"2,722,353.46","74,000.00",36.79,Japan,Tokyo Stock Exchange,USD,158.75,--,IEFA
636,KLN LOGISTICS GROUP LTD,Industrials,Equity,"2,724,105.94",0,"2,724,105.94","3,256,887.00",0.84,Hong Kong,Hong Kong Exchanges And Clearing Ltd,USD,7.83,--,IEFA
7734,RIKEN KEIKI LTD,Information Technology,Equity,"2,702,308.73",0,"2,702,308.73","125,800.00",21.48,Japan,Tokyo Stock Exchange,USD,158.75,--,IEFA
2585,LIFEDRINK COMPANY INC,Consumer Staples,Equity,"2,712,630.32",0,"2,712,630.32","300,500.00",9.03,Japan,Tokyo Stock Exchange,USD,158.75,--,IEFA
ACAD,ACADEMEDIA,Consumer Discretionary,Equity,"2,719,153.20",0,"2,719,153.20","240,578.00",11.3,Sweden,Nasdaq Omx Nordic,USD,9.15,--,IEFA
AMRM,AMRAM AVRAHAM CONSTRUCTION COMPANY,Real Estate,Equity,"2,685,156.91",0,"2,685,156.91","193,396.00",13.88,Israel,Tel Aviv Stock Exchange,USD,2.99,--,IEFA
1965,TECHNO RYOWA LTD,Industrials,Equity,"2,698,403.10",0,"2,698,403.10","65,800.00",41.01,Japan,Tokyo Stock Exchange,USD,158.75,--,IEFA
RSKD,RISKIFIED LTD CLASS A,Information Technology,Equity,"2,665,305.80",0,"2,665,305.80","575,660.00",4.63,Israel,NYSE,USD,1,--,IEFA
6474,NACHI-FUJIKOSHI CORP,Industrials,Equity,"2,682,859.30",0,"2,682,859.30","86,300.00",31.09,Japan,Tokyo Stock Exchange,USD,158.75,--,IEFA
7943,NICHIHA CORP,Industrials,Equity,"2,648,083.40",0,"2,648,083.40","127,000.00",20.85,Japan,Tokyo Stock Exchange,USD,158.75,--,IEFA
7611,HIDAY HIDAKA CORP,Consumer Discretionary,Equity,"2,648,957.76",0,"2,648,957.76","141,300.00",18.75,Japan,Tokyo Stock Exchange,USD,158.75,--,IEFA
2760,TOKYO ELECTRON DEVICE LTD,Information Technology,Equity,"2,653,091.44",0,"2,653,091.44","128,600.00",20.63,Japan,Tokyo Stock Exchange,USD,158.75,--,IEFA
8218,KOMERI LTD,Consumer Discretionary,Equity,"2,654,477.31",0,"2,654,477.31","118,700.00",22.36,Japan,Tokyo Stock Exchange,USD,158.75,--,IEFA
7976,MITSUBISHI PENCIL LTD,Industrials,Equity,"2,660,766.01",0,"2,660,766.01","169,700.00",15.68,Japan,Tokyo Stock Exchange,USD,158.75,--,IEFA
ARIS,ARISTON HOLDING NV,Industrials,Equity,"2,636,299.18",0,"2,636,299.18","548,912.00",4.8,Italy,Borsa Italiana,USD,0.85,--,IEFA
5253,COVER CORP,Communication,Equity,"2,612,365.74",0,"2,612,365.74","286,000.00",9.13,Japan,Tokyo Stock Exchange,USD,158.75,--,IEFA
ELIOR,ELIOR GROUP SA,Consumer Discretionary,Equity,"2,613,862.67",0,"2,613,862.67","865,355.00",3.02,France,Nyse Euronext - Euronext Paris,USD,0.85,--,IEFA
TRUE B,TRUECALLER CLASS B,Information Technology,Equity,"2,613,998.70",0,"2,613,998.70","2,038,685.00",1.28,Sweden,Nasdaq Omx Nordic,USD,9.15,--,IEFA
2326,DIGITAL ARTS INC,Information Technology,Equity,"2,623,830.67",0,"2,623,830.67","71,200.00",36.85,Japan,Tokyo Stock Exchange,USD,158.75,--,IEFA
FSG,FORESIGHT GROUP HOLDINGS LTD,Financials,Equity,"2,603,722.64",0,"2,603,722.64","478,956.00",5.44,United Kingdom,London Stock Exchange,USD,0.74,--,IEFA
BYS,BYSTRONIC AG,Industrials,Equity,"2,577,725.70",0,"2,577,725.70","9,446.00",272.89,Switzerland,SIX Swiss Exchange,USD,0.78,--,IEFA
4180,APPIER GROUP INC,Information Technology,Equity,"2,579,802.83",0,"2,579,802.83","436,600.00",5.91,Japan,Tokyo Stock Exchange,USD,158.75,--,IEFA
8074,YUASA LTD,Industrials,Equity,"2,565,359.54",0,"2,565,359.54","68,100.00",37.67,Japan,Tokyo Stock Exchange,USD,158.75,--,IEFA
4819,DIGITAL GARAGE INC,Information Technology,Equity,"2,546,336.58",0,"2,546,336.58","175,900.00",14.48,Japan,Tokyo Stock Exchange,USD,158.75,--,IEFA
2510,T.S. LINES LTD,Industrials,Equity,"2,547,436.17",0,"2,547,436.17","2,293,000.00",1.11,Hong Kong,Hong Kong Exchanges And Clearing Ltd,USD,7.83,--,IEFA
BVS,BRAVURA SOLUTIONS LTD,Information Technology,Equity,"2,552,198.95",0,"2,552,198.95","1,634,646.00",1.56,Australia,Asx - All Markets,USD,1.4,--,IEFA
XFAB,X-FAB SILICON FOUNDRIES,Information Technology,Equity,"2,553,809.59",0,"2,553,809.59","343,817.00",7.43,France,Nyse Euronext - Euronext Paris,USD,0.85,--,IEFA
9110,NS UNITED KAIUN KAISHA LTD,Industrials,Equity,"2,522,536.14",0,"2,522,536.14","56,400.00",44.73,Japan,Tokyo Stock Exchange,USD,158.75,--,IEFA
8566,RICOH LEASING LTD,Financials,Equity,"2,525,698.45",0,"2,525,698.45","65,300.00",38.68,Japan,Tokyo Stock Exchange,USD,158.75,--,IEFA
NYAX,NAYAX LTD,Information Technology,Equity,"2,531,578.05",0,"2,531,578.05","40,228.00",62.93,Israel,Tel Aviv Stock Exchange,USD,2.99,--,IEFA
1112,HEALTH AND HAPPINESS (H&H) INTERNA,Consumer Staples,Equity,"2,501,549.60",0,"2,501,549.60","1,432,000.00",1.75,Hong Kong,Hong Kong Exchanges And Clearing Ltd,USD,7.83,--,IEFA
2157,KOSHIDAKA HOLDINGS LTD,Consumer Discretionary,Equity,"2,508,622.00",0,"2,508,622.00","376,400.00",6.66,Japan,Tokyo Stock Exchange,USD,158.75,--,IEFA
4985,EARTH CORP,Consumer Staples,Equity,"2,515,398.91",0,"2,515,398.91","83,800.00",30.02,Japan,Tokyo Stock Exchange,USD,158.75,--,IEFA
TOKMAN,TOKMANNI GROUP CORPORATION,Consumer Discretionary,Equity,"2,518,136.94",0,"2,518,136.94","274,959.00",9.16,Finland,Nasdaq Omx Helsinki Ltd.,USD,0.85,--,IEFA
DIA,DISTRIBUIDORA INTERNACIONAL DE ALI,Consumer Staples,Equity,"2,490,207.38",0,"2,490,207.38","50,428.00",49.38,Spain,Bolsa De Madrid,USD,0.85,--,IEFA
9757,FUNAI SOKEN HOLDINGS INC,Industrials,Equity,"2,464,943.15",0,"2,464,943.15","338,200.00",7.29,Japan,Tokyo Stock Exchange,USD,158.75,--,IEFA
4722,FUTURE CORP,Information Technology,Equity,"2,471,578.95",0,"2,471,578.95","234,800.00",10.53,Japan,Tokyo Stock Exchange,USD,158.75,--,IEFA
4958,T HASEGAWA LTD,Materials,Equity,"2,478,591.45",0,"2,478,591.45","137,000.00",18.09,Japan,Tokyo Stock Exchange,USD,158.75,--,IEFA
IRES,IRISH RESIDENTIAL PROPERTIES PLC,Real Estate,Equity,"2,446,729.52",0,"2,446,729.52","1,953,496.00",1.25,Ireland,Irish Stock Exchange - All Market,USD,0.85,--,IEFA
MUX,MUTARES,Financials,Equity,"2,454,491.71",0,"2,454,491.71","83,908.00",29.25,Germany,Xetra,USD,0.85,--,IEFA
SLIGR,SLIGRO FOOD GROUP NV,Consumer Staples,Equity,"2,458,316.36",0,"2,458,316.36","156,784.00",15.68,Netherlands,Euronext Amsterdam,USD,0.85,--,IEFA
MCAP,MEDCAP,Health Care,Equity,"2,411,092.16",0,"2,411,092.16","43,335.00",55.64,Sweden,Nasdaq Omx Nordic,USD,9.15,--,IEFA
PHN,PHARMANUTRA,Consumer Staples,Equity,"2,426,833.39",0,"2,426,833.39","25,234.00",96.17,Italy,Borsa Italiana,USD,0.85,--,IEFA
9746,TKC CORP,Industrials,Equity,"2,392,591.89",0,"2,392,591.89","102,100.00",23.43,Japan,Tokyo Stock Exchange,USD,158.75,--,IEFA
ASY,ASSYSTEM SA,Industrials,Equity,"2,395,507.78",0,"2,395,507.78","44,384.00",53.97,France,Nyse Euronext - Euronext Paris,USD,0.85,--,IEFA
CRED A,CREADES CLASS A,Financials,Equity,"2,383,719.16",0,"2,383,719.16","301,203.00",7.91,Sweden,Nasdaq Omx Nordic,USD,9.15,--,IEFA
INRM,INROM CONSTRUCTION INDUSTRIES LTD,Industrials,Equity,"2,386,848.78",0,"2,386,848.78","271,369.00",8.8,Israel,Tel Aviv Stock Exchange,USD,2.99,--,IEFA
8097,SAN-AI OBBLI LTD,Energy,Equity,"2,387,501.97",0,"2,387,501.97","164,000.00",14.56,Japan,Tokyo Stock Exchange,USD,158.75,--,IEFA
SBEN,SHIKUN & BINUI ENERGY LTD,Industrials,Equity,"2,387,560.86",0,"2,387,560.86","1,928,762.00",1.24,Israel,Tel Aviv Stock Exchange,USD,2.99,--,IEFA
SNR,SENIOR PLC,Industrials,Equity,"2,369,671.63",0,"2,369,671.63","609,505.00",3.89,United Kingdom,London Stock Exchange,USD,0.74,--,IEFA
2109,MITSUI DM SUGAR LTD,Consumer Staples,Equity,"2,354,266.28",0,"2,354,266.28","108,800.00",21.64,Japan,Tokyo Stock Exchange,USD,158.75,--,IEFA
SMT,SUMMIT REAL ESTATE HOLDINGS LTD,Real Estate,Equity,"2,354,747.60",0,"2,354,747.60","123,458.00",19.07,Israel,Tel Aviv Stock Exchange,USD,2.99,--,IEFA
6379,RAIZNEXT CORP,Industrials,Equity,"2,323,972.41",0,"2,323,972.41","161,100.00",14.43,Japan,Tokyo Stock Exchange,USD,158.75,--,IEFA
L1G,L1 GROUP LTD,Financials,Equity,"2,288,511.19",0,"2,288,511.19","2,840,313.00",0.81,Australia,Asx - All Markets,USD,1.4,--,IEFA
EWG,W.A.G PAYMENT SOLUTIONS PLC,Financials,Equity,"2,290,076.89",0,"2,290,076.89","1,452,374.00",1.58,United Kingdom,London Stock Exchange,USD,0.74,--,IEFA
YSN,SECUNET SECURITY AG,Information Technology,Equity,"2,298,356.18",0,"2,298,356.18","10,148.00",226.48,Germany,Xetra,USD,0.85,--,IEFA
1946,TOENEC CORP,Industrials,Equity,"2,267,142.27",0,"2,267,142.27","179,500.00",12.63,Japan,Tokyo Stock Exchange,USD,158.75,--,IEFA
9247,TRE HOLDINGS CORP,Industrials,Equity,"2,269,168.79",0,"2,269,168.79","213,400.00",10.63,Japan,Tokyo Stock Exchange,USD,158.75,--,IEFA
SL,SANLORENZO,Consumer Discretionary,Equity,"2,269,411.43",0,"2,269,411.43","56,338.00",40.28,Italy,Borsa Italiana,USD,0.85,--,IEFA
KEMPOWR,KEMPOWER,Industrials,Equity,"2,270,514.39",0,"2,270,514.39","128,417.00",17.68,Finland,Nasdaq Omx Helsinki Ltd.,USD,0.85,--,IEFA
H22,HONG LEONG ASIA LTD,Industrials,Equity,"2,280,908.84",0,"2,280,908.84","926,100.00",2.46,Singapore,Singapore Exchange,USD,1.27,--,IEFA
9974,BELC LTD,Consumer Staples,Equity,"2,252,669.38",0,"2,252,669.38","48,000.00",46.93,Japan,Tokyo Stock Exchange,USD,158.75,--,IEFA
9708,IMPERIAL HOTEL LTD,Consumer Discretionary,Equity,"2,258,968.79",0,"2,258,968.79","260,800.00",8.66,Japan,Tokyo Stock Exchange,USD,158.75,--,IEFA
JUVE,JUVENTUS FOOTBAL CLUB,Communication,Equity,"2,259,616.42",0,"2,259,616.42","930,022.00",2.43,Italy,Borsa Italiana,USD,0.85,--,IEFA
1691,JS GLOBAL LIFESTYLE LTD,Consumer Discretionary,Equity,"2,231,293.38",0,"2,231,293.38","9,816,500.00",0.23,Hong Kong,Hong Kong Exchanges And Clearing Ltd,USD,7.83,--,IEFA
NTG,NTG NORDIC TRANSPORT GROUP,Industrials,Equity,"2,236,489.00",0,"2,236,489.00","73,796.00",30.31,Denmark,Omx Nordic Exchange Copenhagen A/S,USD,6.35,--,IEFA
GVS,GVS,Health Care,Equity,"2,211,637.66",0,"2,211,637.66","447,335.00",4.94,Italy,Borsa Italiana,USD,0.85,--,IEFA
MEDCL,MEDINCELL SA,Health Care,Equity,"2,212,983.26",0,"2,212,983.26","78,659.00",28.13,France,Nyse Euronext - Euronext Paris,USD,0.85,--,IEFA
7739,CANON ELECTRONICS INC,Information Technology,Equity,"2,223,430.66",0,"2,223,430.66","97,100.00",22.9,Japan,Tokyo Stock Exchange,USD,158.75,--,IEFA
3445,RS TECHNOLOGIES LTD,Information Technology,Equity,"2,206,998.65",0,"2,206,998.65","77,000.00",28.66,Japan,Tokyo Stock Exchange,USD,158.75,--,IEFA
RWAY,RAI WAY SPA,Communication,Equity,"2,188,031.40",0,"2,188,031.40","305,214.00",7.17,Italy,Borsa Italiana,USD,0.85,--,IEFA
COFFEE B,COFFEE STAIN GROUP CLASS B,Communication,Equity,"2,159,350.85",0,"2,159,350.85","987,478.00",2.19,Sweden,Nasdaq Omx Nordic,USD,9.15,--,IEFA
6877,OBARA GROUP INC,Industrials,Equity,"2,168,647.83",0,"2,168,647.83","63,400.00",34.21,Japan,Tokyo Stock Exchange,USD,158.75,--,IEFA
3762,TECHMATRIX CORP,Information Technology,Equity,"2,172,014.87",0,"2,172,014.87","187,900.00",11.56,Japan,Tokyo Stock Exchange,USD,158.75,--,IEFA
ECP,ELECTRA CONSUMER PRODUCTS LTD,Consumer Discretionary,Equity,"2,120,282.85",0,"2,120,282.85","84,999.00",24.94,Israel,Tel Aviv Stock Exchange,USD,2.99,--,IEFA
GUBRA,GUBRA,Health Care,Equity,"2,123,236.92",0,"2,123,236.92","39,048.00",54.38,Denmark,Omx Nordic Exchange Copenhagen A/S,USD,6.35,--,IEFA
PSM,PROSIEBEN SAT.1 MEDIA N,Communication,Equity,"2,124,261.51",0,"2,124,261.51","415,419.00",5.11,Germany,Xetra,USD,0.85,--,IEFA
MRIN,Y D MORE INVESTMENTS LTD,Financials,Equity,"2,127,646.57",0,"2,127,646.57","152,142.00",13.98,Israel,Tel Aviv Stock Exchange,USD,2.99,--,IEFA
RECT,RECTICEL SA,Industrials,Equity,"2,108,796.42",0,"2,108,796.42","177,020.00",11.91,Belgium,Nyse Euronext - Euronext Brussels,USD,0.85,--,IEFA
VAC,PIERRE ET VACANCES SA,Consumer Discretionary,Equity,"2,095,810.28",0,"2,095,810.28","911,162.00",2.3,France,Nyse Euronext - Euronext Paris,USD,0.85,--,IEFA
8923,TOSEI CORPORATION CORP,Real Estate,Equity,"2,095,824.12",0,"2,095,824.12","196,400.00",10.67,Japan,Tokyo Stock Exchange,USD,158.75,--,IEFA
MFEB,MFE B NV,Communication,Equity,"2,064,935.89",0,"2,064,935.89","444,547.00",4.65,Italy,Borsa Italiana,USD,0.85,--,IEFA
PNE3,PNE AG,Industrials,Equity,"2,079,971.78",0,"2,079,971.78","199,656.00",10.42,Germany,Xetra,USD,0.85,--,IEFA
6036,KEEPER TECHNICAL LABORATORY LTD,Materials,Equity,"2,082,245.11",0,"2,082,245.11","106,800.00",19.5,Japan,Tokyo Stock Exchange,USD,158.75,--,IEFA
SET,STONEWEG EUROPE STAPLED TRUST,Real Estate,Equity,"2,057,759.67",0,"2,057,759.67","1,142,540.00",1.8,Singapore,Singapore Exchange,USD,0.85,--,IEFA
5943,NORITZ CORP,Consumer Discretionary,Equity,"2,058,811.30",0,"2,058,811.30","135,500.00",15.19,Japan,Tokyo Stock Exchange,USD,158.75,--,IEFA
ISHO,ISRAS HOLDINGS LTD,Real Estate,Equity,"2,028,883.24",0,"2,028,883.24","18,892.00",107.39,Israel,Tel Aviv Stock Exchange,USD,2.99,--,IEFA
1407,WEST HOLDINGS CORP,Industrials,Equity,"2,043,340.39",0,"2,043,340.39","142,330.00",14.36,Japan,Tokyo Stock Exchange,USD,158.75,--,IEFA
MGH,MAAS GROUP HOLDINGS LTD,Industrials,Equity,"2,013,962.31",0,"2,013,962.31","577,415.00",3.49,Australia,Asx - All Markets,USD,1.4,--,IEFA
BAP,BAPCOR LTD,Consumer Discretionary,Equity,"2,017,683.22",0,"2,017,683.22","4,401,885.00",0.46,Australia,Asx - All Markets,USD,1.4,--,IEFA
VSL,VULCAN STEEL LTD,Materials,Equity,"2,018,346.41",0,"2,018,346.41","544,041.00",3.71,Australia,Asx - All Markets,USD,1.4,--,IEFA
NWL,NEWPRINCES,Consumer Staples,Equity,"2,019,661.79",0,"2,019,661.79","95,477.00",21.15,Italy,Borsa Italiana,USD,0.85,--,IEFA
AP4,RIVERSTONE HOLDINGS LTD,Health Care,Equity,"2,019,686.04",0,"2,019,686.04","3,333,400.00",0.61,Singapore,Singapore Exchange,USD,1.27,--,IEFA
SPOL,SPAREBANK OSTLANDET,Financials,Equity,"1,994,612.13",0,"1,994,612.13","90,425.00",22.06,Norway,Oslo Bors Asa,USD,9.33,--,IEFA
ENGCON B,ENGCON CLASS B,Industrials,Equity,"1,997,025.91",0,"1,997,025.91","268,669.00",7.43,Sweden,Nasdaq Omx Nordic,USD,9.15,--,IEFA
7105,MITSUBISHI LOGISNEXT LTD,Industrials,Equity,"2,003,414.28",0,"2,003,414.28","208,000.00",9.63,Japan,Tokyo Stock Exchange,USD,158.75,--,IEFA
CRSM,CARASSO MOTORS LTD,Consumer Discretionary,Equity,"1,943,191.97",0,"1,943,191.97","183,224.00",10.61,Israel,Tel Aviv Stock Exchange,USD,2.99,--,IEFA
TROAX,TROAX GROUP,Industrials,Equity,"1,946,591.13",0,"1,946,591.13","164,585.00",11.83,Sweden,Nasdaq Omx Nordic,USD,9.15,--,IEFA
7944,ROLAND CORP,Consumer Discretionary,Equity,"1,927,959.94",0,"1,927,959.94","69,400.00",27.78,Japan,Tokyo Stock Exchange,USD,158.75,--,IEFA
1871,PS CONSTRUCTION LTD,Industrials,Equity,"1,933,037.26",0,"1,933,037.26","114,500.00",16.88,Japan,Tokyo Stock Exchange,USD,158.75,--,IEFA
315,SMARTONE TELECOMMUNICATIONS HOLDIN,Communication,Equity,"1,907,767.16",0,"1,907,767.16","3,006,000.00",0.63,Hong Kong,Hong Kong Exchanges And Clearing Ltd,USD,7.83,--,IEFA
ASC,ASCOPIAVE,Utilities,Equity,"1,887,360.91",0,"1,887,360.91","470,185.00",4.01,Italy,Borsa Italiana,USD,0.85,--,IEFA
327,PAX GLOBAL TECHNOLOGY LTD,Information Technology,Equity,"1,894,509.68",0,"1,894,509.68","3,709,000.00",0.51,Hong Kong,Hong Kong Exchanges And Clearing Ltd,USD,7.83,--,IEFA
APOTEA,APOTEA,Consumer Staples,Equity,"1,897,821.19",0,"1,897,821.19","258,170.00",7.35,Sweden,Nasdaq Omx Nordic,USD,9.15,--,IEFA
3106,KURABO INDUSTRIES LTD,Consumer Discretionary,Equity,"1,898,138.52",0,"1,898,138.52","31,000.00",61.23,Japan,Tokyo Stock Exchange,USD,158.75,--,IEFA
775,CKLIFE SCIENCES INC,Health Care,Equity,"1,848,028.04",0,"1,848,028.04","20,100,000.00",0.09,Hong Kong,Hong Kong Exchanges And Clearing Ltd,USD,7.83,--,IEFA
4956,KONISHI LTD,Materials,Equity,"1,854,999.53",0,"1,854,999.53","215,100.00",8.62,Japan,Tokyo Stock Exchange,USD,158.75,--,IEFA
4432,WINGARC1ST INC,Information Technology,Equity,"1,859,971.65",0,"1,859,971.65","105,300.00",17.66,Japan,Tokyo Stock Exchange,USD,158.75,--,IEFA
EKT,ENERGIEKONTOR AG,Industrials,Equity,"1,829,497.81",0,"1,829,497.81","39,148.00",46.73,Germany,Xetra,USD,0.85,--,IEFA
VETN,VETROPACK HOLDING SA,Materials,Equity,"1,835,560.42",0,"1,835,560.42","63,106.00",29.09,Switzerland,SIX Swiss Exchange,USD,0.78,--,IEFA
9010,FUJI KYUKO LTD,Consumer Discretionary,Equity,"1,815,982.24",0,"1,815,982.24","122,100.00",14.87,Japan,Tokyo Stock Exchange,USD,158.75,--,IEFA
ONTEX,ONTEX GROUP NV,Consumer Staples,Equity,"1,802,933.19",0,"1,802,933.19","486,998.00",3.7,Belgium,Nyse Euronext - Euronext Brussels,USD,0.85,--,IEFA
2678,ASKUL CORP,Consumer Discretionary,Equity,"1,773,870.67",0,"1,773,870.67","233,300.00",7.6,Japan,Tokyo Stock Exchange,USD,158.75,--,IEFA
GIMB,GIMV NV,Financials,Equity,"1,776,062.08",0,"1,776,062.08","31,141.00",57.03,Belgium,Nyse Euronext - Euronext Brussels,USD,0.85,--,IEFA
7483,DOSHISHA LTD,Consumer Discretionary,Equity,"1,777,882.77",0,"1,777,882.77","83,500.00",21.29,Japan,Tokyo Stock Exchange,USD,158.75,--,IEFA
GVYM,GAV-YAM LAND CORP LTD,Real Estate,Equity,"1,787,674.81",0,"1,787,674.81","138,000.00",12.95,Israel,Tel Aviv Stock Exchange,USD,2.99,--,IEFA
7965,ZOJIRUSHI CORP,Consumer Discretionary,Equity,"1,762,882.61",0,"1,762,882.61","165,200.00",10.67,Japan,Tokyo Stock Exchange,USD,158.75,--,IEFA
3962,CHANGE HOLDINGS INC,Information Technology,Equity,"1,765,297.17",0,"1,765,297.17","302,300.00",5.84,Japan,Tokyo Stock Exchange,USD,158.75,--,IEFA
7433,HAKUTO LTD,Information Technology,Equity,"1,768,751.77",0,"1,768,751.77","66,300.00",26.68,Japan,Tokyo Stock Exchange,USD,158.75,--,IEFA
BEN,BENETEAU SA,Consumer Discretionary,Equity,"1,769,260.88",0,"1,769,260.88","209,332.00",8.45,France,Nyse Euronext - Euronext Paris,USD,0.85,--,IEFA
ITM,ITALMOBILIARE,Industrials,Equity,"1,772,372.95",0,"1,772,372.95","50,610.00",35.02,Italy,Borsa Italiana,USD,0.85,--,IEFA
8214,AOKI HOLDINGS INC,Consumer Discretionary,Equity,"1,772,916.94",0,"1,772,916.94","174,700.00",10.15,Japan,Tokyo Stock Exchange,USD,158.75,--,IEFA
DNR,INDUSTRIE DE NORA,Industrials,Equity,"1,743,345.28",0,"1,743,345.28","238,101.00",7.32,Italy,Borsa Italiana,USD,0.85,--,IEFA
4071,PLUS ALPHA CONSULTING LTD,Information Technology,Equity,"1,711,827.14",0,"1,711,827.14","128,000.00",13.37,Japan,Tokyo Stock Exchange,USD,158.75,--,IEFA
VLTSA,VOLTALIA SA,Utilities,Equity,"1,688,588.95",0,"1,688,588.95","209,412.00",8.06,France,Nyse Euronext - Euronext Paris,USD,0.85,--,IEFA
1762,TAKAMATSU CONSTRUCTION GROUP LTD,Industrials,Equity,"1,700,025.20",0,"1,700,025.20","75,700.00",22.46,Japan,Tokyo Stock Exchange,USD,158.75,--,IEFA
7970,SHIN ETSU POLYMER LTD,Materials,Equity,"1,670,684.43",0,"1,670,684.43","123,700.00",13.51,Japan,Tokyo Stock Exchange,USD,158.75,--,IEFA
EQS,EQUASENS SA,Health Care,Equity,"1,672,438.81",0,"1,672,438.81","34,030.00",49.15,France,Nyse Euronext - Euronext Paris,USD,0.85,--,IEFA
5930,BUNKA SHUTTER LTD,Industrials,Equity,"1,676,840.22",0,"1,676,840.22","142,500.00",11.77,Japan,Tokyo Stock Exchange,USD,158.75,--,IEFA
6080,M&A CAPITAL PARTNERS LTD,Financials,Equity,"1,681,337.99",0,"1,681,337.99","79,200.00",21.23,Japan,Tokyo Stock Exchange,USD,158.75,--,IEFA
PAL,PALFINGER AG,Industrials,Equity,"1,682,072.37",0,"1,682,072.37","38,258.00",43.97,Austria,Wiener Boerse Ag,USD,0.85,--,IEFA
NZD,NZD CASH,Cash and/or Derivatives,Cash,"1,612,325.86",0,"1,612,325.86","2,739,954.00",58.84,New Zealand,--,USD,1.7,--,IEFA
5122,OKAMOTO INDUSTRIES INC,Materials,Equity,"1,626,079.56",0,"1,626,079.56","43,900.00",37.04,Japan,Tokyo Stock Exchange,USD,158.75,--,IEFA
AML,ASTON MARTIN LAGONDA GLOBAL HOLDIN,Consumer Discretionary,Equity,"1,595,293.48",0,"1,595,293.48","2,591,584.00",0.62,United Kingdom,London Stock Exchange,USD,0.74,--,IEFA
2004,SHOWA SANGYO LTD,Consumer Staples,Equity,"1,598,050.33",0,"1,598,050.33","79,900.00",20,Japan,Tokyo Stock Exchange,USD,158.75,--,IEFA
9090,AZ-COM MARUWA HOLDINGS INC,Industrials,Equity,"1,599,848.81",0,"1,599,848.81","286,000.00",5.59,Japan,Tokyo Stock Exchange,USD,158.75,--,IEFA
6670,MCJ LTD,Information Technology,Equity,"1,604,813.38",0,"1,604,813.38","116,700.00",13.75,Japan,Tokyo Stock Exchange,USD,158.75,--,IEFA
CFT,COMPAGNIE FINANCIERE TRADITION SA,Financials,Equity,"1,575,690.90",0,"1,575,690.90","4,253.00",370.49,Switzerland,SIX Swiss Exchange,USD,0.78,--,IEFA
2342,COMBA TELECOM SYSTEMS LTD,Information Technology,Equity,"1,580,579.87",0,"1,580,579.87","7,736,000.00",0.2,Hong Kong,Hong Kong Exchanges And Clearing Ltd,USD,7.83,--,IEFA
116,CHOW SANG SANG HOLDINGS INTERNATIO,Consumer Discretionary,Equity,"1,589,158.54",0,"1,589,158.54","983,000.00",1.62,Hong Kong,Hong Kong Exchanges And Clearing Ltd,USD,7.83,--,IEFA
6455,MORITA HOLDINGS CORP,Industrials,Equity,"1,589,951.18",0,"1,589,951.18","90,400.00",17.59,Japan,Tokyo Stock Exchange,USD,158.75,--,IEFA
STO3,STO PREF,Materials,Equity,"1,591,186.14",0,"1,591,186.14","12,134.00",131.13,Germany,Xetra,USD,0.85,--,IEFA
ADN1,ADESSO K,Information Technology,Equity,"1,556,215.49",0,"1,556,215.49","21,997.00",70.75,Germany,Xetra,USD,0.85,--,IEFA
2791,DAIKOKUTEN BUSSAN LTD,Consumer Staples,Equity,"1,546,729.03",0,"1,546,729.03","51,100.00",30.27,Japan,Tokyo Stock Exchange,USD,158.75,--,IEFA
9267,GENKY DRUGSTORES LTD,Consumer Staples,Equity,"1,547,973.16",0,"1,547,973.16","60,600.00",25.54,Japan,Tokyo Stock Exchange,USD,158.75,--,IEFA
SCHP,SECHE ENVIRONNEMENT SA,Industrials,Equity,"1,548,787.08",0,"1,548,787.08","15,626.00",99.12,France,Nyse Euronext - Euronext Paris,USD,0.85,--,IEFA
933,VIVA GOODS LTD,Consumer Discretionary,Equity,"1,553,835.05",0,"1,553,835.05","20,624,000.00",0.08,Hong Kong,Hong Kong Exchanges And Clearing Ltd,USD,7.83,--,IEFA
7222,NISSAN SHATAI LTD,Consumer Discretionary,Equity,"1,530,938.30",0,"1,530,938.30","241,100.00",6.35,Japan,Tokyo Stock Exchange,USD,158.75,--,IEFA
AIR,AIR NEW ZEALAND LTD,Industrials,Equity,"1,532,080.80",0,"1,532,080.80","5,785,749.00",0.26,New Zealand,New Zealand Exchange Ltd,USD,1.7,--,IEFA
4290,PRESTIGE INTERNATIONAL INC,Industrials,Equity,"1,534,583.77",0,"1,534,583.77","360,900.00",4.25,Japan,Tokyo Stock Exchange,USD,158.75,--,IEFA
OU8,CENTURION CORP LTD,Real Estate,Equity,"1,511,548.96",0,"1,511,548.96","1,157,200.00",1.31,Singapore,Singapore Exchange,USD,1.27,--,IEFA
GOZ,GROWTHPOINT PROPERTIES AUSTRALIA R,Real Estate,Equity,"1,487,231.66",0,"1,487,231.66","935,387.00",1.59,Australia,Asx - All Markets,USD,1.4,--,IEFA
YUBICO,YUBICO,Information Technology,Equity,"1,495,063.39",0,"1,495,063.39","327,680.00",4.56,Sweden,Nasdaq Omx Nordic,USD,9.15,--,IEFA
8871,GOLDCREST LTD,Real Estate,Equity,"1,497,307.00",0,"1,497,307.00","69,500.00",21.54,Japan,Tokyo Stock Exchange,USD,158.75,--,IEFA
2384,SBS HOLDINGS INC,Industrials,Equity,"1,499,826.77",0,"1,499,826.77","58,000.00",25.86,Japan,Tokyo Stock Exchange,USD,158.75,--,IEFA
EDR,EDREAMS ODIGEO SA,Consumer Discretionary,Equity,"1,470,882.94",0,"1,470,882.94","335,444.00",4.38,Spain,Bolsa De Madrid,USD,0.85,--,IEFA
AVON,AVON TECHNOLOGIES PLC,Industrials,Equity,"1,477,617.24",0,"1,477,617.24","61,043.00",24.21,United Kingdom,London Stock Exchange,USD,0.74,--,IEFA
S59,SIA ENGINEERING LTD,Industrials,Equity,"1,447,456.43",0,"1,447,456.43","566,000.00",2.56,Singapore,Singapore Exchange,USD,1.27,--,IEFA
10,HANG LUNG GROUP LTD,Real Estate,Equity,"1,455,539.17",0,"1,455,539.17","685,000.00",2.12,Hong Kong,Hong Kong Exchanges And Clearing Ltd,USD,7.83,--,IEFA
VGN,VIRGIN AUSTRALIA HOLDINGS LTD,Industrials,Equity,"1,458,626.54",0,"1,458,626.54","811,402.00",1.8,Australia,Asx - All Markets,USD,1.4,--,IEFA
6947,ZUKEN INC,Information Technology,Equity,"1,445,195.12",0,"1,445,195.12","50,700.00",28.5,Japan,Tokyo Stock Exchange,USD,158.75,--,IEFA
CORE B,COREM PROPERTY GROUP CLASS B,Real Estate,Equity,"1,414,536.92",0,"1,414,536.92","3,806,082.00",0.37,Sweden,Nasdaq Omx Nordic,USD,9.15,--,IEFA
2168,PASONA GROUP INC,Industrials,Equity,"1,416,369.65",0,"1,416,369.65","126,600.00",11.19,Japan,Tokyo Stock Exchange,USD,158.75,--,IEFA
ELCRE,ELECTRA REAL ESTATE LTD,Real Estate,Equity,"1,418,468.73",0,"1,418,468.73","77,709.00",18.25,Israel,Tel Aviv Stock Exchange,USD,2.99,--,IEFA
9658,SUPER HI INTERNATIONAL HOLDING LTD,Consumer Discretionary,Equity,"1,305,388.17",0,"1,305,388.17","916,000.00",1.43,Singapore,Hong Kong Exchanges And Clearing Ltd,USD,7.83,--,IEFA
6744,NOHMI BOSAI LTD,Information Technology,Equity,"1,277,794.58",0,"1,277,794.58","49,900.00",25.61,Japan,Tokyo Stock Exchange,USD,158.75,--,IEFA
2124,JAC RECRUITMENT LTD,Industrials,Equity,"1,282,434.09",0,"1,282,434.09","234,000.00",5.48,Japan,Tokyo Stock Exchange,USD,158.75,--,IEFA
RNK,RANK GROUP PLC,Consumer Discretionary,Equity,"1,262,070.77",0,"1,262,070.77","867,358.00",1.46,United Kingdom,London Stock Exchange,USD,0.74,--,IEFA
5440,KYOEI STEEL LTD,Materials,Equity,"1,228,016.63",0,"1,228,016.63","84,500.00",14.53,Japan,Tokyo Stock Exchange,USD,158.75,--,IEFA
MAQ,MACQUARIE TECHNOLOGY GROUP LTD,Information Technology,Equity,"1,238,010.84",0,"1,238,010.84","24,453.00",50.63,Australia,Asx - All Markets,USD,1.4,--,IEFA
TXGN,TX GROUP AG LTD,Communication,Equity,"1,214,994.22",0,"1,214,994.22","7,380.00",164.63,Switzerland,SIX Swiss Exchange,USD,0.78,--,IEFA
9543,SHIZUOKA GAS LTD,Utilities,Equity,"1,226,412.17",0,"1,226,412.17","137,200.00",8.94,Japan,Tokyo Stock Exchange,USD,158.75,--,IEFA
CHRT,COHORT PLC,Industrials,Equity,"1,227,642.42",0,"1,227,642.42","68,257.00",17.99,United Kingdom,London Stock Exchange,USD,0.74,--,IEFA
2590,DYDO GROUP HOLDINGS INC,Consumer Staples,Equity,"1,205,404.89",0,"1,205,404.89","71,400.00",16.88,Japan,Tokyo Stock Exchange,USD,158.75,--,IEFA
CQE,CHARTER HALL SOCIAL INFRASTRUCTURE,Real Estate,Equity,"1,183,184.06",0,"1,183,184.06","621,064.00",1.91,Australia,Asx - All Markets,USD,1.4,--,IEFA
9039,SAKAI MOVING SERVICE LTD,Industrials,Equity,"1,121,194.37",0,"1,121,194.37","61,800.00",18.14,Japan,Tokyo Stock Exchange,USD,158.75,--,IEFA
8818,KEIHANSHIN BUILDING LTD,Real Estate,Equity,"1,117,068.25",0,"1,117,068.25","92,600.00",12.06,Japan,Tokyo Stock Exchange,USD,158.75,--,IEFA
2232,CRYSTAL INTERNATIONAL GROUP LTD,Consumer Discretionary,Equity,"1,083,593.52",0,"1,083,593.52","1,307,500.00",0.83,Hong Kong,Hong Kong Exchanges And Clearing Ltd,USD,7.83,--,IEFA
BRE,BRAZILIAN RARE EARTHS LTD,Materials,Equity,"1,024,113.13",0,"1,024,113.13","319,894.00",3.2,Australia,Asx - All Markets,USD,1.4,--,IEFA
FIA1S,FINNAIR,Industrials,Equity,"1,006,863.54",0,"1,006,863.54","283,789.00",3.55,Finland,Nasdaq Omx Helsinki Ltd.,USD,0.85,--,IEFA
6183,BELLSYSTEM24 HOLDINGS INC,Industrials,Equity,"973,621.22",0,"973,621.22","105,500.00",9.23,Japan,Tokyo Stock Exchange,USD,158.75,--,IEFA
WIIT,WIIT,Information Technology,Equity,"989,091.69",0,"989,091.69","28,291.00",34.96,Italy,Borsa Italiana,USD,0.85,--,IEFA
2733,ARATA CORP,Consumer Discretionary,Equity,"967,704.81",0,"967,704.81","53,100.00",18.22,Japan,Tokyo Stock Exchange,USD,158.75,--,IEFA
6413,RISO KAGAKU CORP,Information Technology,Equity,"968,093.48",0,"968,093.48","136,000.00",7.12,Japan,Tokyo Stock Exchange,USD,158.75,--,IEFA
4293,SEPTENI HOLDINGS LTD,Communication,Equity,"939,317.77",0,"939,317.77","342,000.00",2.75,Japan,Tokyo Stock Exchange,USD,158.75,--,IEFA
DXI,DEXUS INDUSTRIA REIT STAPLED UNIT,Real Estate,Equity,"941,095.95",0,"941,095.95","540,746.00",1.74,Australia,Asx - All Markets,USD,1.4,--,IEFA
9699,NISHIO HOLDINGS LTD,Industrials,Equity,"942,549.37",0,"942,549.37","35,000.00",26.93,Japan,Tokyo Stock Exchange,USD,158.75,--,IEFA
RTLS,RETAILORS LTD,Consumer Discretionary,Equity,"951,500.11",0,"951,500.11","77,473.00",12.28,Israel,Tel Aviv Stock Exchange,USD,2.99,--,IEFA
2292,S FOODS INC,Consumer Staples,Equity,"906,232.01",0,"906,232.01","48,700.00",18.61,Japan,Tokyo Stock Exchange,USD,158.75,--,IEFA
ELCO,ELCO LTD,Industrials,Equity,"906,949.08",0,"906,949.08","20,036.00",45.27,Israel,Tel Aviv Stock Exchange,USD,2.99,--,IEFA
NORION,NORION BANK,Financials,Equity,"887,873.44",0,"887,873.44","133,157.00",6.67,Sweden,Nasdaq Omx Nordic,USD,9.15,--,IEFA
BLSR,BLUE SQUARE REAL ESTATE LTD,Real Estate,Equity,"897,488.29",0,"897,488.29","6,905.00",129.98,Israel,Tel Aviv Stock Exchange,USD,2.99,--,IEFA
MEKKO,MARIMEKKO,Consumer Discretionary,Equity,"866,710.45",0,"866,710.45","72,326.00",11.98,Finland,Nasdaq Omx Helsinki Ltd.,USD,0.85,--,IEFA
6523,PHC HOLDINGS CORP,Health Care,Equity,"871,943.68",0,"871,943.68","131,700.00",6.62,Japan,Tokyo Stock Exchange,USD,158.75,--,IEFA
7512,AEON HOKKAIDO CORP,Consumer Staples,Equity,"853,076.32",0,"853,076.32","155,300.00",5.49,Japan,Tokyo Stock Exchange,USD,158.75,--,IEFA
9997,BELLUNA LTD,Consumer Discretionary,Equity,"863,441.37",0,"863,441.37","160,500.00",5.38,Japan,Tokyo Stock Exchange,USD,158.75,--,IEFA
9025,KONOIKE TRANSPORT LTD,Industrials,Equity,"827,970.64",0,"827,970.64","44,600.00",18.56,Japan,Tokyo Stock Exchange,USD,158.75,--,IEFA
1941,CHUDENKO CORP,Industrials,Equity,"840,174.49",0,"840,174.49","28,900.00",29.07,Japan,Tokyo Stock Exchange,USD,158.75,--,IEFA
3201,JAPAN WOOL TEXTILE LTD,Consumer Discretionary,Equity,"842,901.51",0,"842,901.51","72,800.00",11.58,Japan,Tokyo Stock Exchange,USD,158.75,--,IEFA
9347,NIPPON KANZAI HOLDINGS LTD,Industrials,Equity,"799,395.26",0,"799,395.26","42,300.00",18.9,Japan,Tokyo Stock Exchange,USD,158.75,--,IEFA
3028,ALPEN LTD,Consumer Discretionary,Equity,"761,466.50",0,"761,466.50","59,400.00",12.82,Japan,Tokyo Stock Exchange,USD,158.75,--,IEFA
FILA,FILA,Industrials,Equity,"762,440.64",0,"762,440.64","68,179.00",11.18,Italy,Borsa Italiana,USD,0.85,--,IEFA
4633,SAKATA INX CORP,Materials,Equity,"740,272.13",0,"740,272.13","49,900.00",14.84,Japan,Tokyo Stock Exchange,USD,158.75,--,IEFA
PRSK,PRASHKOVSKY INVESTMENTS & CONSTRUC,Real Estate,Equity,"748,622.95",0,"748,622.95","14,455.00",51.79,Israel,Tel Aviv Stock Exchange,USD,2.99,--,IEFA
MYR,MYER HOLDINGS LTD,Consumer Discretionary,Equity,"749,468.01",0,"749,468.01","3,737,324.00",0.2,Australia,Asx - All Markets,USD,1.4,--,IEFA
9663,NAGAWA LTD,Consumer Discretionary,Equity,"753,913.51",0,"753,913.51","22,000.00",34.27,Japan,Tokyo Stock Exchange,USD,158.75,--,IEFA
2220,KAMEDA SEIKA LTD,Consumer Staples,Equity,"720,634.98",0,"720,634.98","77,400.00",9.31,Japan,Tokyo Stock Exchange,USD,158.75,--,IEFA
7595,ARGO GRAPHICS INC,Information Technology,Equity,"735,494.03",0,"735,494.03","80,800.00",9.1,Japan,Tokyo Stock Exchange,USD,158.75,--,IEFA
3636,MITSUBISHI RESEARCH INSTITUTE INC,Information Technology,Equity,"735,550.73",0,"735,550.73","24,200.00",30.39,Japan,Tokyo Stock Exchange,USD,158.75,--,IEFA
AZRM,AZORIM INVESTMENT DEVELOPMENT AND,Consumer Discretionary,Equity,"716,111.24",0,"716,111.24","109,767.00",6.52,Israel,Tel Aviv Stock Exchange,USD,2.99,--,IEFA
7177,GMO FINANCIAL HOLDINGS INC,Financials,Equity,"690,656.08",0,"690,656.08","110,300.00",6.26,Japan,Tokyo Stock Exchange,USD,158.75,--,IEFA
5273,MITANI SEKISAN LTD,Materials,Equity,"666,729.66",0,"666,729.66","60,000.00",11.11,Japan,Tokyo Stock Exchange,USD,158.75,--,IEFA
4471,SANYO CHEMICAL INDUSTRIES LTD,Materials,Equity,"671,233.74",0,"671,233.74","21,100.00",31.81,Japan,Tokyo Stock Exchange,USD,158.75,--,IEFA
CDA,COMPAGNIE DES ALPES SA,Consumer Discretionary,Equity,"629,651.88",0,"629,651.88","21,226.00",29.66,France,Nyse Euronext - Euronext Paris,USD,0.85,--,IEFA
O5RU,AIMS APAC REIT,Real Estate,Equity,"638,282.59",0,"638,282.59","537,193.00",1.19,Singapore,Singapore Exchange,USD,1.27,--,IEFA
8892,ES-CON JAPAN LTD,Consumer Discretionary,Equity,"639,380.14",0,"639,380.14","88,800.00",7.2,Japan,Tokyo Stock Exchange,USD,158.75,--,IEFA
8255,AXIAL RETAILING INC,Consumer Staples,Equity,"641,930.14",0,"641,930.14","86,800.00",7.4,Japan,Tokyo Stock Exchange,USD,158.75,--,IEFA
A4N,ALPHA HPA LTD,Materials,Equity,"606,821.94",0,"606,821.94","1,246,000.00",0.49,Australia,Asx - All Markets,USD,1.4,--,IEFA
CER,CERILLION PLC,Information Technology,Equity,"588,823.60",0,"588,823.60","30,772.00",19.14,United Kingdom,London Stock Exchange,USD,0.74,--,IEFA
YHNF,YOCHANANOF LTD,Consumer Staples,Equity,"541,514.89",0,"541,514.89","4,678.00",115.76,Israel,Tel Aviv Stock Exchange,USD,2.99,--,IEFA
MBB,MBB,Industrials,Equity,"544,427.17",0,"544,427.17","2,384.00",228.37,Germany,Xetra,USD,0.85,--,IEFA
ZV,ZIGNAGO VETRO,Materials,Equity,"510,958.00",0,"510,958.00","60,203.00",8.49,Italy,Borsa Italiana,USD,0.85,--,IEFA
HOME,HOME REIT PLC,Real Estate,Equity,"515,515.19",0,"515,515.19","4,179,974.00",0.12,United Kingdom,London Stock Exchange,USD,0.74,--,IEFA
HARVIA,HARVIA,Consumer Discretionary,Equity,"516,751.78",0,"516,751.78","12,027.00",42.97,Finland,Nasdaq Omx Helsinki Ltd.,USD,0.85,--,IEFA
7917,ZACROS CORP,Materials,Equity,"497,701.34",0,"497,701.34","55,600.00",8.95,Japan,Tokyo Stock Exchange,USD,158.75,--,IEFA
3459,SAMTY RESIDENTIAL INVESTMENT REIT,Real Estate,Equity,"500,071.81",0,"500,071.81",733,682.23,Japan,Tokyo Stock Exchange,USD,158.75,--,IEFA
6420,GALILEI LTD,Industrials,Equity,"469,621.09",0,"469,621.09","21,000.00",22.36,Japan,Tokyo Stock Exchange,USD,158.75,--,IEFA
GSF,GRIEG SEAFOOD,Consumer Staples,Equity,"381,536.87",0,"381,536.87","103,892.00",3.67,Norway,Oslo Bors Asa,USD,9.33,--,IEFA
4559,ZERIA PHARMACEUTICAL LTD,Health Care,Equity,"363,843.90",0,"363,843.90","25,200.00",14.44,Japan,Tokyo Stock Exchange,USD,158.75,--,IEFA
COR,CORTICEIRA AMORIM SA,Materials,Equity,"370,201.90",0,"370,201.90","47,650.00",7.77,Portugal,Nyse Euronext - Euronext Lisbon,USD,0.85,--,IEFA
BWO,BW OFFSHORE LTD,Energy,Equity,"345,213.11",0,"345,213.11","64,771.00",5.33,Norway,Oslo Bors Asa,USD,9.33,--,IEFA
OCL,OBJECTIVE CORPORATION LTD,Information Technology,Equity,"350,394.85",0,"350,394.85","41,391.00",8.47,Australia,Asx - All Markets,USD,1.4,--,IEFA
Q5T,FAR EAST HOSPITALITY TRUST STAPLED,Real Estate,Equity,"292,150.92",0,"292,150.92","624,000.00",0.47,Singapore,Singapore Exchange,USD,1.27,--,IEFA
6459,DAIWA INDUSTRIES LTD,Industrials,Equity,"191,140.51",0,"191,140.51","16,200.00",11.8,Japan,Tokyo Stock Exchange,USD,158.75,--,IEFA
AUB,AUBAY SA,Information Technology,Equity,"177,024.53",0,"177,024.53","3,120.00",56.74,France,Nyse Euronext - Euronext Paris,USD,0.85,--,IEFA
CASH,PROSEGUR CASH SA,Industrials,Equity,"154,676.38",0,"154,676.38","207,254.00",0.75,Spain,Bolsa De Madrid,USD,0.85,--,IEFA
CRPU,SASSEUR REIT UNITS TRUST,Real Estate,Equity,"156,039.66",0,"156,039.66","298,200.00",0.52,Singapore,Singapore Exchange,USD,1.27,--,IEFA
SEK,SEK/USD,Cash and/or Derivatives,FX,"65,666.82",0,"65,666.82","-163,898,480.00",1,United States,--,USD,9.15,--,IEFA
8198,MAXVALU TOKAI LTD,Consumer Staples,Equity,"55,513.56",0,"55,513.56","2,500.00",22.21,Japan,Tokyo Stock Exchange,USD,158.75,--,IEFA
AUD,AUD/USD,Cash and/or Derivatives,FX,"44,527.68",0,"44,527.68","-11,315,226.00",1,United States,--,USD,1.4,--,IEFA
ETD_EUR,ETD EUR BALANCE WITH R93531,Cash and/or Derivatives,Cash,-0.57,0,-0.57,0,117.71,European Union,--,USD,0.85,01-Jan-00,IEFA
ETD_USD,ETD USD BALANCE WITH R93531,Cash and/or Derivatives,Cash,0.39,0,0.39,0,100,United States,--,USD,1,01-Jan-00,IEFA
ETD_JPY,ETD JPY BALANCE WITH R30382,Cash and/or Derivatives,Cash,2.46,0,2.46,390,0.63,Japan,--,USD,158.75,01-Jan-00,IEFA
ETD_GBP,ETD GBP BALANCE WITH R30382,Cash and/or Derivatives,Cash,6.49,0,6.49,5,135.23,United Kingdom,--,USD,0.74,01-Jan-00,IEFA
ETD_AUD,ETD AUD BALANCE WITH R30382,Cash and/or Derivatives,Cash,14.75,0,14.75,21,71.62,Australia,--,USD,1.4,01-Jan-00,IEFA
ORNP,ORION RETAIL PROPERTIES LTD,Real Estate,Equity,0.67,0,0.67,1,1.06,Israel,Tel Aviv Stock Exchange,USD,2.99,--,IEFA
NMC,NMC HEALTH PLC,Health Care,Equity,6.43,0,6.43,"475,795.00",0,United Kingdom,London Stock Exchange,USD,0.74,--,IEFA
933,BRIGHTOIL PETROLEUM (HOLDINGS) LTD,Energy,Equity,7.97,0,7.97,"6,240,000.00",0,Hong Kong,Hong Kong Exchanges And Clearing Ltd,USD,7.83,--,IEFA
404,HSIN CHONG GROUP HOLDINGS LTD,Industrials,Equity,9.56,0,9.56,"7,490,000.00",0,Hong Kong,Hong Kong Exchanges And Clearing Ltd,USD,7.83,--,IEFA
LLL,LEO LITHIUM LTD,Materials,Equity,38.79,0,38.79,"5,416,655.00",0,Australia,Asx - All Markets,USD,1.4,--,IEFA
FFX,FIREFINCH LTD,Materials,Equity,41.65,0,41.65,"5,815,203.00",0,Australia,Asx - All Markets,USD,1.4,--,IEFA
AZRT,REIT AZORIM - H.F LTD,Real Estate,Equity,"6,588.93",0,"6,588.93","3,495.00",1.89,Israel,Tel Aviv Stock Exchange,USD,2.99,--,IEFA
HKD,HKD/USD,Cash and/or Derivatives,FX,"-2,176.94",0,"-2,176.94","97,892,968.00",1,United States,--,USD,7.83,--,IEFA
CHF,CHF/USD,Cash and/or Derivatives,FX,"-1,508.65",0,"-1,508.65","-12,366,057.00",1,United States,--,USD,0.78,--,IEFA
GBP,GBP/USD,Cash and/or Derivatives,FX,"5,460.94",0,"5,460.94","-1,152,096.00",1,United States,--,USD,0.74,--,IEFA
WBD,WEBUILD,Industrials,Equity,1.5,0,1.5,"127,842.00",0,Italy,Borsa Italiana,USD,0.85,--,IEFA
--,ADECCO GROUP SA COUPON,Industrials,Equity,15.68,0,15.68,"1,220,976.00",0,Switzerland,SIX Swiss Exchange,USD,0.78,--,IEFA
XPM6,SPI 200 JUN 26,Cash and/or Derivatives,Futures,0,0,"178,856,178.37","1,113.00","6,427.89",--,Asx - Trade24,USD,1.4,--,IEFA
Z M6,FTSE 100 INDEX JUN 26,Cash and/or Derivatives,Futures,0,0,"291,016,609.81","2,028.00","14,349.95",--,IFLL,USD,0.74,--,IEFA
TPM6,TOPIX INDEX JUN 26,Cash and/or Derivatives,Futures,0,0,"362,227,125.26","1,519.00",23.85,--,Osaka Securities Exchange,USD,158.75,--,IEFA
VGM6,EURO STOXX 50 JUN 26,Cash and/or Derivatives,Futures,0,0,"487,682,509.39","6,984.00","6,982.85",European Union,Eurex Deutschland,USD,0.85,--,IEFA
SGD,SGD/USD,Cash and/or Derivatives,FX,"-12,375.26",0,"-12,375.26","6,756,500.00",1,United States,--,USD,1.27,--,IEFA
NOK,NOK/USD,Cash and/or Derivatives,FX,"-53,555.55",0,"-53,555.55","-124,369,016.00",1,United States,--,USD,9.33,--,IEFA
JPY,JPY/USD,Cash and/or Derivatives,FX,"-221,444.51",0,"-221,444.51","6,167,716,989.00",1,United States,--,USD,158.76,--,IEFA
HKD,HKD CASH,Cash and/or Derivatives,Cash,"-4,687,152.83",0,"-4,687,152.83","-36,705,328.00",12.77,Hong Kong,--,USD,7.83,--,IEFA
